modomics_position	fasta_position	modification	fasta_entry
9	9	m2G	Mus_musculus_tRNA-Glu-TTC-3-1
12	12	Y	Mus_musculus_tRNA-Glu-TTC-3-1
19	19	Y	Mus_musculus_tRNA-Glu-TTC-3-1
47	47	m5C	Mus_musculus_tRNA-Glu-TTC-3-1
48	48	m5C	Mus_musculus_tRNA-Glu-TTC-3-1
52	52	m5Um	Mus_musculus_tRNA-Glu-TTC-3-1
53	53	Y	Mus_musculus_tRNA-Glu-TTC-3-1
9	9	m2G	Mus_musculus_tRNA-Glu-TTC-3-2
12	12	Y	Mus_musculus_tRNA-Glu-TTC-3-2
19	19	Y	Mus_musculus_tRNA-Glu-TTC-3-2
47	47	m5C	Mus_musculus_tRNA-Glu-TTC-3-2
48	48	m5C	Mus_musculus_tRNA-Glu-TTC-3-2
52	52	m5Um	Mus_musculus_tRNA-Glu-TTC-3-2
53	53	Y	Mus_musculus_tRNA-Glu-TTC-3-2
9	9	m2G	Mus_musculus_tRNA-Glu-CTC-1-1
12	12	Y	Mus_musculus_tRNA-Glu-CTC-1-1
18	18	D	Mus_musculus_tRNA-Glu-CTC-1-1
19	19	Y	Mus_musculus_tRNA-Glu-CTC-1-1
47	47	m5C	Mus_musculus_tRNA-Glu-CTC-1-1
48	48	m5C	Mus_musculus_tRNA-Glu-CTC-1-1
52	52	m5Um	Mus_musculus_tRNA-Glu-CTC-1-1
53	53	Y	Mus_musculus_tRNA-Glu-CTC-1-1
9	9	m2G	Mus_musculus_tRNA-Glu-CTC-1-2
12	12	Y	Mus_musculus_tRNA-Glu-CTC-1-2
18	18	D	Mus_musculus_tRNA-Glu-CTC-1-2
19	19	Y	Mus_musculus_tRNA-Glu-CTC-1-2
47	47	m5C	Mus_musculus_tRNA-Glu-CTC-1-2
48	48	m5C	Mus_musculus_tRNA-Glu-CTC-1-2
52	52	m5Um	Mus_musculus_tRNA-Glu-CTC-1-2
53	53	Y	Mus_musculus_tRNA-Glu-CTC-1-2
9	9	m2G	Mus_musculus_tRNA-Glu-CTC-1-3
12	12	Y	Mus_musculus_tRNA-Glu-CTC-1-3
18	18	D	Mus_musculus_tRNA-Glu-CTC-1-3
19	19	Y	Mus_musculus_tRNA-Glu-CTC-1-3
47	47	m5C	Mus_musculus_tRNA-Glu-CTC-1-3
48	48	m5C	Mus_musculus_tRNA-Glu-CTC-1-3
52	52	m5Um	Mus_musculus_tRNA-Glu-CTC-1-3
53	53	Y	Mus_musculus_tRNA-Glu-CTC-1-3
9	9	m2G	Mus_musculus_tRNA-Glu-CTC-1-4
12	12	Y	Mus_musculus_tRNA-Glu-CTC-1-4
18	18	D	Mus_musculus_tRNA-Glu-CTC-1-4
19	19	Y	Mus_musculus_tRNA-Glu-CTC-1-4
47	47	m5C	Mus_musculus_tRNA-Glu-CTC-1-4
48	48	m5C	Mus_musculus_tRNA-Glu-CTC-1-4
52	52	m5Um	Mus_musculus_tRNA-Glu-CTC-1-4
53	53	Y	Mus_musculus_tRNA-Glu-CTC-1-4
9	9	m2G	Mus_musculus_tRNA-Glu-CTC-1-7
12	12	Y	Mus_musculus_tRNA-Glu-CTC-1-7
18	18	D	Mus_musculus_tRNA-Glu-CTC-1-7
19	19	Y	Mus_musculus_tRNA-Glu-CTC-1-7
47	47	m5C	Mus_musculus_tRNA-Glu-CTC-1-7
48	48	m5C	Mus_musculus_tRNA-Glu-CTC-1-7
52	52	m5Um	Mus_musculus_tRNA-Glu-CTC-1-7
53	53	Y	Mus_musculus_tRNA-Glu-CTC-1-7
9	9	m2G	Mus_musculus_tRNA-Glu-CTC-1-8
12	12	Y	Mus_musculus_tRNA-Glu-CTC-1-8
18	18	D	Mus_musculus_tRNA-Glu-CTC-1-8
19	19	Y	Mus_musculus_tRNA-Glu-CTC-1-8
47	47	m5C	Mus_musculus_tRNA-Glu-CTC-1-8
48	48	m5C	Mus_musculus_tRNA-Glu-CTC-1-8
52	52	m5Um	Mus_musculus_tRNA-Glu-CTC-1-8
53	53	Y	Mus_musculus_tRNA-Glu-CTC-1-8
9	9	m2G	Mus_musculus_tRNA-Glu-CTC-1-9
12	12	Y	Mus_musculus_tRNA-Glu-CTC-1-9
18	18	D	Mus_musculus_tRNA-Glu-CTC-1-9
19	19	Y	Mus_musculus_tRNA-Glu-CTC-1-9
47	47	m5C	Mus_musculus_tRNA-Glu-CTC-1-9
48	48	m5C	Mus_musculus_tRNA-Glu-CTC-1-9
52	52	m5Um	Mus_musculus_tRNA-Glu-CTC-1-9
53	53	Y	Mus_musculus_tRNA-Glu-CTC-1-9
9	9	m2G	Mus_musculus_tRNA-Glu-CTC-2-1
12	12	Y	Mus_musculus_tRNA-Glu-CTC-2-1
18	18	D	Mus_musculus_tRNA-Glu-CTC-2-1
19	19	Y	Mus_musculus_tRNA-Glu-CTC-2-1
47	47	m5C	Mus_musculus_tRNA-Glu-CTC-2-1
52	52	m5Um	Mus_musculus_tRNA-Glu-CTC-2-1
53	53	Y	Mus_musculus_tRNA-Glu-CTC-2-1
9	9	m2G	Mus_musculus_tRNA-Glu-CTC-1-5
12	12	Y	Mus_musculus_tRNA-Glu-CTC-1-5
18	18	D	Mus_musculus_tRNA-Glu-CTC-1-5
19	19	Y	Mus_musculus_tRNA-Glu-CTC-1-5
47	47	m5C	Mus_musculus_tRNA-Glu-CTC-1-5
48	48	m5C	Mus_musculus_tRNA-Glu-CTC-1-5
52	52	m5Um	Mus_musculus_tRNA-Glu-CTC-1-5
53	53	Y	Mus_musculus_tRNA-Glu-CTC-1-5
9	9	m2G	Mus_musculus_tRNA-Glu-CTC-1-6
12	12	Y	Mus_musculus_tRNA-Glu-CTC-1-6
18	18	D	Mus_musculus_tRNA-Glu-CTC-1-6
19	19	Y	Mus_musculus_tRNA-Glu-CTC-1-6
47	47	m5C	Mus_musculus_tRNA-Glu-CTC-1-6
48	48	m5C	Mus_musculus_tRNA-Glu-CTC-1-6
52	52	m5Um	Mus_musculus_tRNA-Glu-CTC-1-6
53	53	Y	Mus_musculus_tRNA-Glu-CTC-1-6
10	9	m2G	Mus_musculus_tRNA-Phe-GAA-1-2
14	13	m1A	Mus_musculus_tRNA-Phe-GAA-1-2
16	15	D	Mus_musculus_tRNA-Phe-GAA-1-2
17	16	D	Mus_musculus_tRNA-Phe-GAA-1-2
26	25	m2,2G	Mus_musculus_tRNA-Phe-GAA-1-2
27	26	Y	Mus_musculus_tRNA-Phe-GAA-1-2
28	27	Y	Mus_musculus_tRNA-Phe-GAA-1-2
32	31	Cm	Mus_musculus_tRNA-Phe-GAA-1-2
34	33	Gm	Mus_musculus_tRNA-Phe-GAA-1-2
37	36	m1G	Mus_musculus_tRNA-Phe-GAA-1-2
39	38	Y	Mus_musculus_tRNA-Phe-GAA-1-2
46	45	m7G	Mus_musculus_tRNA-Phe-GAA-1-2
49	48	m5C	Mus_musculus_tRNA-Phe-GAA-1-2
54	53	m5U	Mus_musculus_tRNA-Phe-GAA-1-2
55	54	Y	Mus_musculus_tRNA-Phe-GAA-1-2
58	57	m1A	Mus_musculus_tRNA-Phe-GAA-1-2
10	9	m2G	Mus_musculus_tRNA-Phe-GAA-1-3
14	13	m1A	Mus_musculus_tRNA-Phe-GAA-1-3
16	15	D	Mus_musculus_tRNA-Phe-GAA-1-3
17	16	D	Mus_musculus_tRNA-Phe-GAA-1-3
26	25	m2,2G	Mus_musculus_tRNA-Phe-GAA-1-3
27	26	Y	Mus_musculus_tRNA-Phe-GAA-1-3
28	27	Y	Mus_musculus_tRNA-Phe-GAA-1-3
32	31	Cm	Mus_musculus_tRNA-Phe-GAA-1-3
34	33	Gm	Mus_musculus_tRNA-Phe-GAA-1-3
37	36	m1G	Mus_musculus_tRNA-Phe-GAA-1-3
39	38	Y	Mus_musculus_tRNA-Phe-GAA-1-3
46	45	m7G	Mus_musculus_tRNA-Phe-GAA-1-3
49	48	m5C	Mus_musculus_tRNA-Phe-GAA-1-3
54	53	m5U	Mus_musculus_tRNA-Phe-GAA-1-3
55	54	Y	Mus_musculus_tRNA-Phe-GAA-1-3
58	57	m1A	Mus_musculus_tRNA-Phe-GAA-1-3
10	9	m2G	Mus_musculus_tRNA-Phe-GAA-3-1
14	13	m1A	Mus_musculus_tRNA-Phe-GAA-3-1
16	15	D	Mus_musculus_tRNA-Phe-GAA-3-1
17	16	D	Mus_musculus_tRNA-Phe-GAA-3-1
26	25	m2,2G	Mus_musculus_tRNA-Phe-GAA-3-1
27	26	Y	Mus_musculus_tRNA-Phe-GAA-3-1
28	27	Y	Mus_musculus_tRNA-Phe-GAA-3-1
32	31	Cm	Mus_musculus_tRNA-Phe-GAA-3-1
34	33	Gm	Mus_musculus_tRNA-Phe-GAA-3-1
37	36	m1G	Mus_musculus_tRNA-Phe-GAA-3-1
39	38	Y	Mus_musculus_tRNA-Phe-GAA-3-1
46	45	m7G	Mus_musculus_tRNA-Phe-GAA-3-1
49	48	m5C	Mus_musculus_tRNA-Phe-GAA-3-1
54	53	m5U	Mus_musculus_tRNA-Phe-GAA-3-1
55	54	Y	Mus_musculus_tRNA-Phe-GAA-3-1
58	57	m1A	Mus_musculus_tRNA-Phe-GAA-3-1
10	9	m2G	Mus_musculus_tRNA-Phe-GAA-1-4
14	13	m1A	Mus_musculus_tRNA-Phe-GAA-1-4
16	15	D	Mus_musculus_tRNA-Phe-GAA-1-4
17	16	D	Mus_musculus_tRNA-Phe-GAA-1-4
26	25	m2,2G	Mus_musculus_tRNA-Phe-GAA-1-4
27	26	Y	Mus_musculus_tRNA-Phe-GAA-1-4
28	27	Y	Mus_musculus_tRNA-Phe-GAA-1-4
32	31	Cm	Mus_musculus_tRNA-Phe-GAA-1-4
34	33	Gm	Mus_musculus_tRNA-Phe-GAA-1-4
37	36	m1G	Mus_musculus_tRNA-Phe-GAA-1-4
39	38	Y	Mus_musculus_tRNA-Phe-GAA-1-4
46	45	m7G	Mus_musculus_tRNA-Phe-GAA-1-4
49	48	m5C	Mus_musculus_tRNA-Phe-GAA-1-4
54	53	m5U	Mus_musculus_tRNA-Phe-GAA-1-4
55	54	Y	Mus_musculus_tRNA-Phe-GAA-1-4
58	57	m1A	Mus_musculus_tRNA-Phe-GAA-1-4
10	9	m2G	Mus_musculus_tRNA-Phe-GAA-1-5
14	13	m1A	Mus_musculus_tRNA-Phe-GAA-1-5
16	15	D	Mus_musculus_tRNA-Phe-GAA-1-5
17	16	D	Mus_musculus_tRNA-Phe-GAA-1-5
26	25	m2,2G	Mus_musculus_tRNA-Phe-GAA-1-5
27	26	Y	Mus_musculus_tRNA-Phe-GAA-1-5
28	27	Y	Mus_musculus_tRNA-Phe-GAA-1-5
32	31	Cm	Mus_musculus_tRNA-Phe-GAA-1-5
34	33	Gm	Mus_musculus_tRNA-Phe-GAA-1-5
37	36	m1G	Mus_musculus_tRNA-Phe-GAA-1-5
39	38	Y	Mus_musculus_tRNA-Phe-GAA-1-5
46	45	m7G	Mus_musculus_tRNA-Phe-GAA-1-5
49	48	m5C	Mus_musculus_tRNA-Phe-GAA-1-5
54	53	m5U	Mus_musculus_tRNA-Phe-GAA-1-5
55	54	Y	Mus_musculus_tRNA-Phe-GAA-1-5
58	57	m1A	Mus_musculus_tRNA-Phe-GAA-1-5
10	9	m2G	Mus_musculus_tRNA-Phe-GAA-2-1
14	13	m1A	Mus_musculus_tRNA-Phe-GAA-2-1
16	15	D	Mus_musculus_tRNA-Phe-GAA-2-1
17	16	D	Mus_musculus_tRNA-Phe-GAA-2-1
26	25	m2,2G	Mus_musculus_tRNA-Phe-GAA-2-1
27	26	Y	Mus_musculus_tRNA-Phe-GAA-2-1
28	27	Y	Mus_musculus_tRNA-Phe-GAA-2-1
32	31	Cm	Mus_musculus_tRNA-Phe-GAA-2-1
34	33	Gm	Mus_musculus_tRNA-Phe-GAA-2-1
37	36	m1G	Mus_musculus_tRNA-Phe-GAA-2-1
39	38	Y	Mus_musculus_tRNA-Phe-GAA-2-1
46	45	m7G	Mus_musculus_tRNA-Phe-GAA-2-1
49	48	m5C	Mus_musculus_tRNA-Phe-GAA-2-1
54	53	m5U	Mus_musculus_tRNA-Phe-GAA-2-1
55	54	Y	Mus_musculus_tRNA-Phe-GAA-2-1
58	57	m1A	Mus_musculus_tRNA-Phe-GAA-2-1
10	9	m2G	Mus_musculus_tRNA-Phe-GAA-1-1
14	13	m1A	Mus_musculus_tRNA-Phe-GAA-1-1
16	15	D	Mus_musculus_tRNA-Phe-GAA-1-1
17	16	D	Mus_musculus_tRNA-Phe-GAA-1-1
26	25	m2,2G	Mus_musculus_tRNA-Phe-GAA-1-1
27	26	Y	Mus_musculus_tRNA-Phe-GAA-1-1
28	27	Y	Mus_musculus_tRNA-Phe-GAA-1-1
32	31	Cm	Mus_musculus_tRNA-Phe-GAA-1-1
34	33	Gm	Mus_musculus_tRNA-Phe-GAA-1-1
37	36	m1G	Mus_musculus_tRNA-Phe-GAA-1-1
39	38	Y	Mus_musculus_tRNA-Phe-GAA-1-1
46	45	m7G	Mus_musculus_tRNA-Phe-GAA-1-1
49	48	m5C	Mus_musculus_tRNA-Phe-GAA-1-1
54	53	m5U	Mus_musculus_tRNA-Phe-GAA-1-1
55	54	Y	Mus_musculus_tRNA-Phe-GAA-1-1
58	57	m1A	Mus_musculus_tRNA-Phe-GAA-1-1
9	9	m2G	Mus_musculus_tRNA-Phe-GAA-1-2
13	13	m1A	Mus_musculus_tRNA-Phe-GAA-1-2
15	15	D	Mus_musculus_tRNA-Phe-GAA-1-2
16	16	D	Mus_musculus_tRNA-Phe-GAA-1-2
25	25	m2,2G	Mus_musculus_tRNA-Phe-GAA-1-2
26	26	Y	Mus_musculus_tRNA-Phe-GAA-1-2
27	27	Y	Mus_musculus_tRNA-Phe-GAA-1-2
31	31	Cm	Mus_musculus_tRNA-Phe-GAA-1-2
33	33	Gm	Mus_musculus_tRNA-Phe-GAA-1-2
36	36	yW	Mus_musculus_tRNA-Phe-GAA-1-2
38	38	Y	Mus_musculus_tRNA-Phe-GAA-1-2
45	45	m7G	Mus_musculus_tRNA-Phe-GAA-1-2
48	48	m5C	Mus_musculus_tRNA-Phe-GAA-1-2
53	53	m5U	Mus_musculus_tRNA-Phe-GAA-1-2
54	54	Y	Mus_musculus_tRNA-Phe-GAA-1-2
57	57	m1A	Mus_musculus_tRNA-Phe-GAA-1-2
9	9	m2G	Mus_musculus_tRNA-Phe-GAA-1-3
13	13	m1A	Mus_musculus_tRNA-Phe-GAA-1-3
15	15	D	Mus_musculus_tRNA-Phe-GAA-1-3
16	16	D	Mus_musculus_tRNA-Phe-GAA-1-3
25	25	m2,2G	Mus_musculus_tRNA-Phe-GAA-1-3
26	26	Y	Mus_musculus_tRNA-Phe-GAA-1-3
27	27	Y	Mus_musculus_tRNA-Phe-GAA-1-3
31	31	Cm	Mus_musculus_tRNA-Phe-GAA-1-3
33	33	Gm	Mus_musculus_tRNA-Phe-GAA-1-3
36	36	yW	Mus_musculus_tRNA-Phe-GAA-1-3
38	38	Y	Mus_musculus_tRNA-Phe-GAA-1-3
45	45	m7G	Mus_musculus_tRNA-Phe-GAA-1-3
48	48	m5C	Mus_musculus_tRNA-Phe-GAA-1-3
53	53	m5U	Mus_musculus_tRNA-Phe-GAA-1-3
54	54	Y	Mus_musculus_tRNA-Phe-GAA-1-3
57	57	m1A	Mus_musculus_tRNA-Phe-GAA-1-3
9	9	m2G	Mus_musculus_tRNA-Phe-GAA-3-1
13	13	m1A	Mus_musculus_tRNA-Phe-GAA-3-1
15	15	D	Mus_musculus_tRNA-Phe-GAA-3-1
16	16	D	Mus_musculus_tRNA-Phe-GAA-3-1
25	25	m2,2G	Mus_musculus_tRNA-Phe-GAA-3-1
26	26	Y	Mus_musculus_tRNA-Phe-GAA-3-1
27	27	Y	Mus_musculus_tRNA-Phe-GAA-3-1
31	31	Cm	Mus_musculus_tRNA-Phe-GAA-3-1
33	33	Gm	Mus_musculus_tRNA-Phe-GAA-3-1
36	36	yW	Mus_musculus_tRNA-Phe-GAA-3-1
38	38	Y	Mus_musculus_tRNA-Phe-GAA-3-1
45	45	m7G	Mus_musculus_tRNA-Phe-GAA-3-1
48	48	m5C	Mus_musculus_tRNA-Phe-GAA-3-1
53	53	m5U	Mus_musculus_tRNA-Phe-GAA-3-1
54	54	Y	Mus_musculus_tRNA-Phe-GAA-3-1
57	57	m1A	Mus_musculus_tRNA-Phe-GAA-3-1
9	9	m2G	Mus_musculus_tRNA-Phe-GAA-1-4
13	13	m1A	Mus_musculus_tRNA-Phe-GAA-1-4
15	15	D	Mus_musculus_tRNA-Phe-GAA-1-4
16	16	D	Mus_musculus_tRNA-Phe-GAA-1-4
25	25	m2,2G	Mus_musculus_tRNA-Phe-GAA-1-4
26	26	Y	Mus_musculus_tRNA-Phe-GAA-1-4
27	27	Y	Mus_musculus_tRNA-Phe-GAA-1-4
31	31	Cm	Mus_musculus_tRNA-Phe-GAA-1-4
33	33	Gm	Mus_musculus_tRNA-Phe-GAA-1-4
36	36	yW	Mus_musculus_tRNA-Phe-GAA-1-4
38	38	Y	Mus_musculus_tRNA-Phe-GAA-1-4
45	45	m7G	Mus_musculus_tRNA-Phe-GAA-1-4
48	48	m5C	Mus_musculus_tRNA-Phe-GAA-1-4
53	53	m5U	Mus_musculus_tRNA-Phe-GAA-1-4
54	54	Y	Mus_musculus_tRNA-Phe-GAA-1-4
57	57	m1A	Mus_musculus_tRNA-Phe-GAA-1-4
9	9	m2G	Mus_musculus_tRNA-Phe-GAA-1-5
13	13	m1A	Mus_musculus_tRNA-Phe-GAA-1-5
15	15	D	Mus_musculus_tRNA-Phe-GAA-1-5
16	16	D	Mus_musculus_tRNA-Phe-GAA-1-5
25	25	m2,2G	Mus_musculus_tRNA-Phe-GAA-1-5
26	26	Y	Mus_musculus_tRNA-Phe-GAA-1-5
27	27	Y	Mus_musculus_tRNA-Phe-GAA-1-5
31	31	Cm	Mus_musculus_tRNA-Phe-GAA-1-5
33	33	Gm	Mus_musculus_tRNA-Phe-GAA-1-5
36	36	yW	Mus_musculus_tRNA-Phe-GAA-1-5
38	38	Y	Mus_musculus_tRNA-Phe-GAA-1-5
45	45	m7G	Mus_musculus_tRNA-Phe-GAA-1-5
48	48	m5C	Mus_musculus_tRNA-Phe-GAA-1-5
53	53	m5U	Mus_musculus_tRNA-Phe-GAA-1-5
54	54	Y	Mus_musculus_tRNA-Phe-GAA-1-5
57	57	m1A	Mus_musculus_tRNA-Phe-GAA-1-5
9	9	m2G	Mus_musculus_tRNA-Phe-GAA-2-1
13	13	m1A	Mus_musculus_tRNA-Phe-GAA-2-1
15	15	D	Mus_musculus_tRNA-Phe-GAA-2-1
16	16	D	Mus_musculus_tRNA-Phe-GAA-2-1
25	25	m2,2G	Mus_musculus_tRNA-Phe-GAA-2-1
26	26	Y	Mus_musculus_tRNA-Phe-GAA-2-1
27	27	Y	Mus_musculus_tRNA-Phe-GAA-2-1
31	31	Cm	Mus_musculus_tRNA-Phe-GAA-2-1
33	33	Gm	Mus_musculus_tRNA-Phe-GAA-2-1
36	36	yW	Mus_musculus_tRNA-Phe-GAA-2-1
38	38	Y	Mus_musculus_tRNA-Phe-GAA-2-1
45	45	m7G	Mus_musculus_tRNA-Phe-GAA-2-1
48	48	m5C	Mus_musculus_tRNA-Phe-GAA-2-1
53	53	m5U	Mus_musculus_tRNA-Phe-GAA-2-1
54	54	Y	Mus_musculus_tRNA-Phe-GAA-2-1
57	57	m1A	Mus_musculus_tRNA-Phe-GAA-2-1
9	9	m2G	Mus_musculus_tRNA-Phe-GAA-1-1
13	13	m1A	Mus_musculus_tRNA-Phe-GAA-1-1
15	15	D	Mus_musculus_tRNA-Phe-GAA-1-1
16	16	D	Mus_musculus_tRNA-Phe-GAA-1-1
25	25	m2,2G	Mus_musculus_tRNA-Phe-GAA-1-1
26	26	Y	Mus_musculus_tRNA-Phe-GAA-1-1
27	27	Y	Mus_musculus_tRNA-Phe-GAA-1-1
31	31	Cm	Mus_musculus_tRNA-Phe-GAA-1-1
33	33	Gm	Mus_musculus_tRNA-Phe-GAA-1-1
36	36	yW	Mus_musculus_tRNA-Phe-GAA-1-1
38	38	Y	Mus_musculus_tRNA-Phe-GAA-1-1
45	45	m7G	Mus_musculus_tRNA-Phe-GAA-1-1
48	48	m5C	Mus_musculus_tRNA-Phe-GAA-1-1
53	53	m5U	Mus_musculus_tRNA-Phe-GAA-1-1
54	54	Y	Mus_musculus_tRNA-Phe-GAA-1-1
57	57	m1A	Mus_musculus_tRNA-Phe-GAA-1-1
9	9	m2G	Mus_musculus_tRNA-Phe-GAA-1-2
13	13	m1A	Mus_musculus_tRNA-Phe-GAA-1-2
15	15	D	Mus_musculus_tRNA-Phe-GAA-1-2
16	16	D	Mus_musculus_tRNA-Phe-GAA-1-2
25	25	m2,2G	Mus_musculus_tRNA-Phe-GAA-1-2
26	26	Y	Mus_musculus_tRNA-Phe-GAA-1-2
27	27	Y	Mus_musculus_tRNA-Phe-GAA-1-2
31	31	Cm	Mus_musculus_tRNA-Phe-GAA-1-2
33	33	Gm	Mus_musculus_tRNA-Phe-GAA-1-2
36	36	yW	Mus_musculus_tRNA-Phe-GAA-1-2
38	38	Y	Mus_musculus_tRNA-Phe-GAA-1-2
45	45	m7G	Mus_musculus_tRNA-Phe-GAA-1-2
48	48	m5C	Mus_musculus_tRNA-Phe-GAA-1-2
53	53	m5U	Mus_musculus_tRNA-Phe-GAA-1-2
54	54	Y	Mus_musculus_tRNA-Phe-GAA-1-2
57	57	m1A	Mus_musculus_tRNA-Phe-GAA-1-2
9	9	m2G	Mus_musculus_tRNA-Phe-GAA-1-3
13	13	m1A	Mus_musculus_tRNA-Phe-GAA-1-3
15	15	D	Mus_musculus_tRNA-Phe-GAA-1-3
16	16	D	Mus_musculus_tRNA-Phe-GAA-1-3
25	25	m2,2G	Mus_musculus_tRNA-Phe-GAA-1-3
26	26	Y	Mus_musculus_tRNA-Phe-GAA-1-3
27	27	Y	Mus_musculus_tRNA-Phe-GAA-1-3
31	31	Cm	Mus_musculus_tRNA-Phe-GAA-1-3
33	33	Gm	Mus_musculus_tRNA-Phe-GAA-1-3
36	36	yW	Mus_musculus_tRNA-Phe-GAA-1-3
38	38	Y	Mus_musculus_tRNA-Phe-GAA-1-3
45	45	m7G	Mus_musculus_tRNA-Phe-GAA-1-3
48	48	m5C	Mus_musculus_tRNA-Phe-GAA-1-3
53	53	m5U	Mus_musculus_tRNA-Phe-GAA-1-3
54	54	Y	Mus_musculus_tRNA-Phe-GAA-1-3
57	57	m1A	Mus_musculus_tRNA-Phe-GAA-1-3
9	9	m2G	Mus_musculus_tRNA-Phe-GAA-3-1
13	13	m1A	Mus_musculus_tRNA-Phe-GAA-3-1
15	15	D	Mus_musculus_tRNA-Phe-GAA-3-1
16	16	D	Mus_musculus_tRNA-Phe-GAA-3-1
25	25	m2,2G	Mus_musculus_tRNA-Phe-GAA-3-1
26	26	Y	Mus_musculus_tRNA-Phe-GAA-3-1
27	27	Y	Mus_musculus_tRNA-Phe-GAA-3-1
31	31	Cm	Mus_musculus_tRNA-Phe-GAA-3-1
33	33	Gm	Mus_musculus_tRNA-Phe-GAA-3-1
36	36	yW	Mus_musculus_tRNA-Phe-GAA-3-1
38	38	Y	Mus_musculus_tRNA-Phe-GAA-3-1
45	45	m7G	Mus_musculus_tRNA-Phe-GAA-3-1
48	48	m5C	Mus_musculus_tRNA-Phe-GAA-3-1
53	53	m5U	Mus_musculus_tRNA-Phe-GAA-3-1
54	54	Y	Mus_musculus_tRNA-Phe-GAA-3-1
57	57	m1A	Mus_musculus_tRNA-Phe-GAA-3-1
9	9	m2G	Mus_musculus_tRNA-Phe-GAA-1-4
13	13	m1A	Mus_musculus_tRNA-Phe-GAA-1-4
15	15	D	Mus_musculus_tRNA-Phe-GAA-1-4
16	16	D	Mus_musculus_tRNA-Phe-GAA-1-4
25	25	m2,2G	Mus_musculus_tRNA-Phe-GAA-1-4
26	26	Y	Mus_musculus_tRNA-Phe-GAA-1-4
27	27	Y	Mus_musculus_tRNA-Phe-GAA-1-4
31	31	Cm	Mus_musculus_tRNA-Phe-GAA-1-4
33	33	Gm	Mus_musculus_tRNA-Phe-GAA-1-4
36	36	yW	Mus_musculus_tRNA-Phe-GAA-1-4
38	38	Y	Mus_musculus_tRNA-Phe-GAA-1-4
45	45	m7G	Mus_musculus_tRNA-Phe-GAA-1-4
48	48	m5C	Mus_musculus_tRNA-Phe-GAA-1-4
53	53	m5U	Mus_musculus_tRNA-Phe-GAA-1-4
54	54	Y	Mus_musculus_tRNA-Phe-GAA-1-4
57	57	m1A	Mus_musculus_tRNA-Phe-GAA-1-4
9	9	m2G	Mus_musculus_tRNA-Phe-GAA-1-5
13	13	m1A	Mus_musculus_tRNA-Phe-GAA-1-5
15	15	D	Mus_musculus_tRNA-Phe-GAA-1-5
16	16	D	Mus_musculus_tRNA-Phe-GAA-1-5
25	25	m2,2G	Mus_musculus_tRNA-Phe-GAA-1-5
26	26	Y	Mus_musculus_tRNA-Phe-GAA-1-5
27	27	Y	Mus_musculus_tRNA-Phe-GAA-1-5
31	31	Cm	Mus_musculus_tRNA-Phe-GAA-1-5
33	33	Gm	Mus_musculus_tRNA-Phe-GAA-1-5
36	36	yW	Mus_musculus_tRNA-Phe-GAA-1-5
38	38	Y	Mus_musculus_tRNA-Phe-GAA-1-5
45	45	m7G	Mus_musculus_tRNA-Phe-GAA-1-5
48	48	m5C	Mus_musculus_tRNA-Phe-GAA-1-5
53	53	m5U	Mus_musculus_tRNA-Phe-GAA-1-5
54	54	Y	Mus_musculus_tRNA-Phe-GAA-1-5
57	57	m1A	Mus_musculus_tRNA-Phe-GAA-1-5
9	9	m2G	Mus_musculus_tRNA-Phe-GAA-2-1
13	13	m1A	Mus_musculus_tRNA-Phe-GAA-2-1
15	15	D	Mus_musculus_tRNA-Phe-GAA-2-1
16	16	D	Mus_musculus_tRNA-Phe-GAA-2-1
25	25	m2,2G	Mus_musculus_tRNA-Phe-GAA-2-1
26	26	Y	Mus_musculus_tRNA-Phe-GAA-2-1
27	27	Y	Mus_musculus_tRNA-Phe-GAA-2-1
31	31	Cm	Mus_musculus_tRNA-Phe-GAA-2-1
33	33	Gm	Mus_musculus_tRNA-Phe-GAA-2-1
36	36	yW	Mus_musculus_tRNA-Phe-GAA-2-1
38	38	Y	Mus_musculus_tRNA-Phe-GAA-2-1
45	45	m7G	Mus_musculus_tRNA-Phe-GAA-2-1
48	48	m5C	Mus_musculus_tRNA-Phe-GAA-2-1
53	53	m5U	Mus_musculus_tRNA-Phe-GAA-2-1
54	54	Y	Mus_musculus_tRNA-Phe-GAA-2-1
57	57	m1A	Mus_musculus_tRNA-Phe-GAA-2-1
9	9	m2G	Mus_musculus_tRNA-Phe-GAA-1-1
13	13	m1A	Mus_musculus_tRNA-Phe-GAA-1-1
15	15	D	Mus_musculus_tRNA-Phe-GAA-1-1
16	16	D	Mus_musculus_tRNA-Phe-GAA-1-1
25	25	m2,2G	Mus_musculus_tRNA-Phe-GAA-1-1
26	26	Y	Mus_musculus_tRNA-Phe-GAA-1-1
27	27	Y	Mus_musculus_tRNA-Phe-GAA-1-1
31	31	Cm	Mus_musculus_tRNA-Phe-GAA-1-1
33	33	Gm	Mus_musculus_tRNA-Phe-GAA-1-1
36	36	yW	Mus_musculus_tRNA-Phe-GAA-1-1
38	38	Y	Mus_musculus_tRNA-Phe-GAA-1-1
45	45	m7G	Mus_musculus_tRNA-Phe-GAA-1-1
48	48	m5C	Mus_musculus_tRNA-Phe-GAA-1-1
53	53	m5U	Mus_musculus_tRNA-Phe-GAA-1-1
54	54	Y	Mus_musculus_tRNA-Phe-GAA-1-1
57	57	m1A	Mus_musculus_tRNA-Phe-GAA-1-1
9	9	m2G	Mus_musculus_tRNA-Ile-AAT-1-1
15	15	D	Mus_musculus_tRNA-Ile-AAT-1-1
16	16	D	Mus_musculus_tRNA-Ile-AAT-1-1
19	19	D	Mus_musculus_tRNA-Ile-AAT-1-1
20	20	D	Mus_musculus_tRNA-Ile-AAT-1-1
26	26	m2,2G	Mus_musculus_tRNA-Ile-AAT-1-1
27	27	Y	Mus_musculus_tRNA-Ile-AAT-1-1
30	30	Y	Mus_musculus_tRNA-Ile-AAT-1-1
34	34	I	Mus_musculus_tRNA-Ile-AAT-1-1
37	37	t6A	Mus_musculus_tRNA-Ile-AAT-1-1
46	46	m7G	Mus_musculus_tRNA-Ile-AAT-1-1
47	47	D	Mus_musculus_tRNA-Ile-AAT-1-1
48	48	m5C	Mus_musculus_tRNA-Ile-AAT-1-1
54	54	m5U	Mus_musculus_tRNA-Ile-AAT-1-1
55	55	Y	Mus_musculus_tRNA-Ile-AAT-1-1
58	58	m1A	Mus_musculus_tRNA-Ile-AAT-1-1
9	9	m2G	Mus_musculus_tRNA-Ile-AAT-1-2
15	15	D	Mus_musculus_tRNA-Ile-AAT-1-2
16	16	D	Mus_musculus_tRNA-Ile-AAT-1-2
19	19	D	Mus_musculus_tRNA-Ile-AAT-1-2
20	20	D	Mus_musculus_tRNA-Ile-AAT-1-2
26	26	m2,2G	Mus_musculus_tRNA-Ile-AAT-1-2
27	27	Y	Mus_musculus_tRNA-Ile-AAT-1-2
30	30	Y	Mus_musculus_tRNA-Ile-AAT-1-2
34	34	I	Mus_musculus_tRNA-Ile-AAT-1-2
37	37	t6A	Mus_musculus_tRNA-Ile-AAT-1-2
46	46	m7G	Mus_musculus_tRNA-Ile-AAT-1-2
47	47	D	Mus_musculus_tRNA-Ile-AAT-1-2
48	48	m5C	Mus_musculus_tRNA-Ile-AAT-1-2
54	54	m5U	Mus_musculus_tRNA-Ile-AAT-1-2
55	55	Y	Mus_musculus_tRNA-Ile-AAT-1-2
58	58	m1A	Mus_musculus_tRNA-Ile-AAT-1-2
9	9	m2G	Mus_musculus_tRNA-Ile-AAT-1-3
15	15	D	Mus_musculus_tRNA-Ile-AAT-1-3
16	16	D	Mus_musculus_tRNA-Ile-AAT-1-3
19	19	D	Mus_musculus_tRNA-Ile-AAT-1-3
20	20	D	Mus_musculus_tRNA-Ile-AAT-1-3
26	26	m2,2G	Mus_musculus_tRNA-Ile-AAT-1-3
27	27	Y	Mus_musculus_tRNA-Ile-AAT-1-3
30	30	Y	Mus_musculus_tRNA-Ile-AAT-1-3
34	34	I	Mus_musculus_tRNA-Ile-AAT-1-3
37	37	t6A	Mus_musculus_tRNA-Ile-AAT-1-3
46	46	m7G	Mus_musculus_tRNA-Ile-AAT-1-3
47	47	D	Mus_musculus_tRNA-Ile-AAT-1-3
48	48	m5C	Mus_musculus_tRNA-Ile-AAT-1-3
54	54	m5U	Mus_musculus_tRNA-Ile-AAT-1-3
55	55	Y	Mus_musculus_tRNA-Ile-AAT-1-3
58	58	m1A	Mus_musculus_tRNA-Ile-AAT-1-3
9	9	m2G	Mus_musculus_tRNA-Ile-AAT-1-4
15	15	D	Mus_musculus_tRNA-Ile-AAT-1-4
16	16	D	Mus_musculus_tRNA-Ile-AAT-1-4
19	19	D	Mus_musculus_tRNA-Ile-AAT-1-4
20	20	D	Mus_musculus_tRNA-Ile-AAT-1-4
26	26	m2,2G	Mus_musculus_tRNA-Ile-AAT-1-4
27	27	Y	Mus_musculus_tRNA-Ile-AAT-1-4
30	30	Y	Mus_musculus_tRNA-Ile-AAT-1-4
34	34	I	Mus_musculus_tRNA-Ile-AAT-1-4
37	37	t6A	Mus_musculus_tRNA-Ile-AAT-1-4
46	46	m7G	Mus_musculus_tRNA-Ile-AAT-1-4
47	47	D	Mus_musculus_tRNA-Ile-AAT-1-4
48	48	m5C	Mus_musculus_tRNA-Ile-AAT-1-4
54	54	m5U	Mus_musculus_tRNA-Ile-AAT-1-4
55	55	Y	Mus_musculus_tRNA-Ile-AAT-1-4
58	58	m1A	Mus_musculus_tRNA-Ile-AAT-1-4
9	9	m2G	Mus_musculus_tRNA-Ile-AAT-1-5
15	15	D	Mus_musculus_tRNA-Ile-AAT-1-5
16	16	D	Mus_musculus_tRNA-Ile-AAT-1-5
19	19	D	Mus_musculus_tRNA-Ile-AAT-1-5
20	20	D	Mus_musculus_tRNA-Ile-AAT-1-5
26	26	m2,2G	Mus_musculus_tRNA-Ile-AAT-1-5
27	27	Y	Mus_musculus_tRNA-Ile-AAT-1-5
30	30	Y	Mus_musculus_tRNA-Ile-AAT-1-5
34	34	I	Mus_musculus_tRNA-Ile-AAT-1-5
37	37	t6A	Mus_musculus_tRNA-Ile-AAT-1-5
46	46	m7G	Mus_musculus_tRNA-Ile-AAT-1-5
47	47	D	Mus_musculus_tRNA-Ile-AAT-1-5
48	48	m5C	Mus_musculus_tRNA-Ile-AAT-1-5
54	54	m5U	Mus_musculus_tRNA-Ile-AAT-1-5
55	55	Y	Mus_musculus_tRNA-Ile-AAT-1-5
58	58	m1A	Mus_musculus_tRNA-Ile-AAT-1-5
9	9	m2G	Mus_musculus_tRNA-Ile-AAT-1-6
15	15	D	Mus_musculus_tRNA-Ile-AAT-1-6
16	16	D	Mus_musculus_tRNA-Ile-AAT-1-6
19	19	D	Mus_musculus_tRNA-Ile-AAT-1-6
20	20	D	Mus_musculus_tRNA-Ile-AAT-1-6
26	26	m2,2G	Mus_musculus_tRNA-Ile-AAT-1-6
27	27	Y	Mus_musculus_tRNA-Ile-AAT-1-6
30	30	Y	Mus_musculus_tRNA-Ile-AAT-1-6
34	34	I	Mus_musculus_tRNA-Ile-AAT-1-6
37	37	t6A	Mus_musculus_tRNA-Ile-AAT-1-6
46	46	m7G	Mus_musculus_tRNA-Ile-AAT-1-6
47	47	D	Mus_musculus_tRNA-Ile-AAT-1-6
48	48	m5C	Mus_musculus_tRNA-Ile-AAT-1-6
54	54	m5U	Mus_musculus_tRNA-Ile-AAT-1-6
55	55	Y	Mus_musculus_tRNA-Ile-AAT-1-6
58	58	m1A	Mus_musculus_tRNA-Ile-AAT-1-6
9	9	m2G	Mus_musculus_tRNA-Ile-AAT-1-7
15	15	D	Mus_musculus_tRNA-Ile-AAT-1-7
16	16	D	Mus_musculus_tRNA-Ile-AAT-1-7
19	19	D	Mus_musculus_tRNA-Ile-AAT-1-7
20	20	D	Mus_musculus_tRNA-Ile-AAT-1-7
26	26	m2,2G	Mus_musculus_tRNA-Ile-AAT-1-7
27	27	Y	Mus_musculus_tRNA-Ile-AAT-1-7
30	30	Y	Mus_musculus_tRNA-Ile-AAT-1-7
34	34	I	Mus_musculus_tRNA-Ile-AAT-1-7
37	37	t6A	Mus_musculus_tRNA-Ile-AAT-1-7
46	46	m7G	Mus_musculus_tRNA-Ile-AAT-1-7
47	47	D	Mus_musculus_tRNA-Ile-AAT-1-7
48	48	m5C	Mus_musculus_tRNA-Ile-AAT-1-7
54	54	m5U	Mus_musculus_tRNA-Ile-AAT-1-7
55	55	Y	Mus_musculus_tRNA-Ile-AAT-1-7
58	58	m1A	Mus_musculus_tRNA-Ile-AAT-1-7
9	9	m2G	Mus_musculus_tRNA-Ile-AAT-3-1
15	15	D	Mus_musculus_tRNA-Ile-AAT-3-1
16	16	D	Mus_musculus_tRNA-Ile-AAT-3-1
19	19	D	Mus_musculus_tRNA-Ile-AAT-3-1
20	20	D	Mus_musculus_tRNA-Ile-AAT-3-1
26	26	m2,2G	Mus_musculus_tRNA-Ile-AAT-3-1
27	27	Y	Mus_musculus_tRNA-Ile-AAT-3-1
30	30	Y	Mus_musculus_tRNA-Ile-AAT-3-1
34	34	I	Mus_musculus_tRNA-Ile-AAT-3-1
37	37	t6A	Mus_musculus_tRNA-Ile-AAT-3-1
46	46	m7G	Mus_musculus_tRNA-Ile-AAT-3-1
47	47	D	Mus_musculus_tRNA-Ile-AAT-3-1
48	48	m5C	Mus_musculus_tRNA-Ile-AAT-3-1
54	54	m5U	Mus_musculus_tRNA-Ile-AAT-3-1
55	55	Y	Mus_musculus_tRNA-Ile-AAT-3-1
58	58	m1A	Mus_musculus_tRNA-Ile-AAT-3-1
9	9	m2G	Mus_musculus_tRNA-Ile-AAT-1-8
15	15	D	Mus_musculus_tRNA-Ile-AAT-1-8
16	16	D	Mus_musculus_tRNA-Ile-AAT-1-8
19	19	D	Mus_musculus_tRNA-Ile-AAT-1-8
20	20	D	Mus_musculus_tRNA-Ile-AAT-1-8
26	26	m2,2G	Mus_musculus_tRNA-Ile-AAT-1-8
27	27	Y	Mus_musculus_tRNA-Ile-AAT-1-8
30	30	Y	Mus_musculus_tRNA-Ile-AAT-1-8
34	34	I	Mus_musculus_tRNA-Ile-AAT-1-8
37	37	t6A	Mus_musculus_tRNA-Ile-AAT-1-8
46	46	m7G	Mus_musculus_tRNA-Ile-AAT-1-8
47	47	D	Mus_musculus_tRNA-Ile-AAT-1-8
48	48	m5C	Mus_musculus_tRNA-Ile-AAT-1-8
54	54	m5U	Mus_musculus_tRNA-Ile-AAT-1-8
55	55	Y	Mus_musculus_tRNA-Ile-AAT-1-8
58	58	m1A	Mus_musculus_tRNA-Ile-AAT-1-8
9	9	m2G	Mus_musculus_tRNA-Ile-AAT-2-1
15	15	D	Mus_musculus_tRNA-Ile-AAT-2-1
16	16	D	Mus_musculus_tRNA-Ile-AAT-2-1
19	19	D	Mus_musculus_tRNA-Ile-AAT-2-1
20	20	D	Mus_musculus_tRNA-Ile-AAT-2-1
27	27	Y	Mus_musculus_tRNA-Ile-AAT-2-1
30	30	Y	Mus_musculus_tRNA-Ile-AAT-2-1
34	34	I	Mus_musculus_tRNA-Ile-AAT-2-1
37	37	t6A	Mus_musculus_tRNA-Ile-AAT-2-1
46	46	m7G	Mus_musculus_tRNA-Ile-AAT-2-1
47	47	D	Mus_musculus_tRNA-Ile-AAT-2-1
48	48	m5C	Mus_musculus_tRNA-Ile-AAT-2-1
54	54	m5U	Mus_musculus_tRNA-Ile-AAT-2-1
55	55	Y	Mus_musculus_tRNA-Ile-AAT-2-1
58	58	m1A	Mus_musculus_tRNA-Ile-AAT-2-1
9	9	m2G	Mus_musculus_tRNA-Lys-CTT-3-3
15	15	D	Mus_musculus_tRNA-Lys-CTT-3-3
26	26	Y	Mus_musculus_tRNA-Lys-CTT-3-3
36	36	xA	Mus_musculus_tRNA-Lys-CTT-3-3
38	38	Y	Mus_musculus_tRNA-Lys-CTT-3-3
45	45	m7G	Mus_musculus_tRNA-Lys-CTT-3-3
46	46	D	Mus_musculus_tRNA-Lys-CTT-3-3
47	47	m5C	Mus_musculus_tRNA-Lys-CTT-3-3
53	53	m5Um	Mus_musculus_tRNA-Lys-CTT-3-3
54	54	Y	Mus_musculus_tRNA-Lys-CTT-3-3
57	57	m1A	Mus_musculus_tRNA-Lys-CTT-3-3
9	9	m2G	Mus_musculus_tRNA-Lys-CTT-2-2
15	15	D	Mus_musculus_tRNA-Lys-CTT-2-2
26	26	Y	Mus_musculus_tRNA-Lys-CTT-2-2
36	36	xA	Mus_musculus_tRNA-Lys-CTT-2-2
38	38	Y	Mus_musculus_tRNA-Lys-CTT-2-2
45	45	m7G	Mus_musculus_tRNA-Lys-CTT-2-2
46	46	D	Mus_musculus_tRNA-Lys-CTT-2-2
47	47	m5C	Mus_musculus_tRNA-Lys-CTT-2-2
53	53	m5Um	Mus_musculus_tRNA-Lys-CTT-2-2
54	54	Y	Mus_musculus_tRNA-Lys-CTT-2-2
57	57	m1A	Mus_musculus_tRNA-Lys-CTT-2-2
9	9	m2G	Mus_musculus_tRNA-Lys-CTT-3-4
15	15	D	Mus_musculus_tRNA-Lys-CTT-3-4
26	26	Y	Mus_musculus_tRNA-Lys-CTT-3-4
36	36	xA	Mus_musculus_tRNA-Lys-CTT-3-4
38	38	Y	Mus_musculus_tRNA-Lys-CTT-3-4
45	45	m7G	Mus_musculus_tRNA-Lys-CTT-3-4
46	46	D	Mus_musculus_tRNA-Lys-CTT-3-4
47	47	m5C	Mus_musculus_tRNA-Lys-CTT-3-4
53	53	m5Um	Mus_musculus_tRNA-Lys-CTT-3-4
54	54	Y	Mus_musculus_tRNA-Lys-CTT-3-4
57	57	m1A	Mus_musculus_tRNA-Lys-CTT-3-4
9	9	m2G	Mus_musculus_tRNA-Lys-CTT-3-5
15	15	D	Mus_musculus_tRNA-Lys-CTT-3-5
26	26	Y	Mus_musculus_tRNA-Lys-CTT-3-5
36	36	xA	Mus_musculus_tRNA-Lys-CTT-3-5
38	38	Y	Mus_musculus_tRNA-Lys-CTT-3-5
45	45	m7G	Mus_musculus_tRNA-Lys-CTT-3-5
46	46	D	Mus_musculus_tRNA-Lys-CTT-3-5
47	47	m5C	Mus_musculus_tRNA-Lys-CTT-3-5
53	53	m5Um	Mus_musculus_tRNA-Lys-CTT-3-5
54	54	Y	Mus_musculus_tRNA-Lys-CTT-3-5
57	57	m1A	Mus_musculus_tRNA-Lys-CTT-3-5
9	9	m2G	Mus_musculus_tRNA-Lys-CTT-3-6
15	15	D	Mus_musculus_tRNA-Lys-CTT-3-6
26	26	Y	Mus_musculus_tRNA-Lys-CTT-3-6
36	36	xA	Mus_musculus_tRNA-Lys-CTT-3-6
38	38	Y	Mus_musculus_tRNA-Lys-CTT-3-6
45	45	m7G	Mus_musculus_tRNA-Lys-CTT-3-6
46	46	D	Mus_musculus_tRNA-Lys-CTT-3-6
47	47	m5C	Mus_musculus_tRNA-Lys-CTT-3-6
53	53	m5Um	Mus_musculus_tRNA-Lys-CTT-3-6
54	54	Y	Mus_musculus_tRNA-Lys-CTT-3-6
57	57	m1A	Mus_musculus_tRNA-Lys-CTT-3-6
9	9	m2G	Mus_musculus_tRNA-Lys-CTT-3-7
15	15	D	Mus_musculus_tRNA-Lys-CTT-3-7
26	26	Y	Mus_musculus_tRNA-Lys-CTT-3-7
36	36	xA	Mus_musculus_tRNA-Lys-CTT-3-7
38	38	Y	Mus_musculus_tRNA-Lys-CTT-3-7
45	45	m7G	Mus_musculus_tRNA-Lys-CTT-3-7
46	46	D	Mus_musculus_tRNA-Lys-CTT-3-7
47	47	m5C	Mus_musculus_tRNA-Lys-CTT-3-7
53	53	m5Um	Mus_musculus_tRNA-Lys-CTT-3-7
54	54	Y	Mus_musculus_tRNA-Lys-CTT-3-7
57	57	m1A	Mus_musculus_tRNA-Lys-CTT-3-7
9	9	m2G	Mus_musculus_tRNA-Lys-CTT-3-1
15	15	D	Mus_musculus_tRNA-Lys-CTT-3-1
26	26	Y	Mus_musculus_tRNA-Lys-CTT-3-1
36	36	xA	Mus_musculus_tRNA-Lys-CTT-3-1
38	38	Y	Mus_musculus_tRNA-Lys-CTT-3-1
45	45	m7G	Mus_musculus_tRNA-Lys-CTT-3-1
46	46	D	Mus_musculus_tRNA-Lys-CTT-3-1
47	47	m5C	Mus_musculus_tRNA-Lys-CTT-3-1
53	53	m5Um	Mus_musculus_tRNA-Lys-CTT-3-1
54	54	Y	Mus_musculus_tRNA-Lys-CTT-3-1
57	57	m1A	Mus_musculus_tRNA-Lys-CTT-3-1
9	9	m2G	Mus_musculus_tRNA-Lys-CTT-3-2
15	15	D	Mus_musculus_tRNA-Lys-CTT-3-2
26	26	Y	Mus_musculus_tRNA-Lys-CTT-3-2
36	36	xA	Mus_musculus_tRNA-Lys-CTT-3-2
38	38	Y	Mus_musculus_tRNA-Lys-CTT-3-2
45	45	m7G	Mus_musculus_tRNA-Lys-CTT-3-2
46	46	D	Mus_musculus_tRNA-Lys-CTT-3-2
47	47	m5C	Mus_musculus_tRNA-Lys-CTT-3-2
53	53	m5Um	Mus_musculus_tRNA-Lys-CTT-3-2
54	54	Y	Mus_musculus_tRNA-Lys-CTT-3-2
57	57	m1A	Mus_musculus_tRNA-Lys-CTT-3-2
9	9	m2G	Mus_musculus_tRNA-Lys-CTT-2-1
15	15	D	Mus_musculus_tRNA-Lys-CTT-2-1
26	26	Y	Mus_musculus_tRNA-Lys-CTT-2-1
36	36	xA	Mus_musculus_tRNA-Lys-CTT-2-1
38	38	Y	Mus_musculus_tRNA-Lys-CTT-2-1
45	45	m7G	Mus_musculus_tRNA-Lys-CTT-2-1
46	46	D	Mus_musculus_tRNA-Lys-CTT-2-1
47	47	m5C	Mus_musculus_tRNA-Lys-CTT-2-1
53	53	m5Um	Mus_musculus_tRNA-Lys-CTT-2-1
54	54	Y	Mus_musculus_tRNA-Lys-CTT-2-1
57	57	m1A	Mus_musculus_tRNA-Lys-CTT-2-1
5	5	m2G	Mus_musculus_tRNA-Lys-CTT-3-3
9	9	m2G	Mus_musculus_tRNA-Lys-CTT-3-3
15	15	D	Mus_musculus_tRNA-Lys-CTT-3-3
19	19	D	Mus_musculus_tRNA-Lys-CTT-3-3
26	26	Y	Mus_musculus_tRNA-Lys-CTT-3-3
35	35	xU	Mus_musculus_tRNA-Lys-CTT-3-3
36	36	t6A	Mus_musculus_tRNA-Lys-CTT-3-3
38	38	Y	Mus_musculus_tRNA-Lys-CTT-3-3
45	45	m7G	Mus_musculus_tRNA-Lys-CTT-3-3
46	46	D	Mus_musculus_tRNA-Lys-CTT-3-3
47	47	m5C	Mus_musculus_tRNA-Lys-CTT-3-3
53	53	m5Um	Mus_musculus_tRNA-Lys-CTT-3-3
54	54	Y	Mus_musculus_tRNA-Lys-CTT-3-3
57	57	m1A	Mus_musculus_tRNA-Lys-CTT-3-3
5	5	m2G	Mus_musculus_tRNA-Lys-CTT-2-2
9	9	m2G	Mus_musculus_tRNA-Lys-CTT-2-2
15	15	D	Mus_musculus_tRNA-Lys-CTT-2-2
19	19	D	Mus_musculus_tRNA-Lys-CTT-2-2
26	26	Y	Mus_musculus_tRNA-Lys-CTT-2-2
35	35	xU	Mus_musculus_tRNA-Lys-CTT-2-2
36	36	t6A	Mus_musculus_tRNA-Lys-CTT-2-2
38	38	Y	Mus_musculus_tRNA-Lys-CTT-2-2
45	45	m7G	Mus_musculus_tRNA-Lys-CTT-2-2
46	46	D	Mus_musculus_tRNA-Lys-CTT-2-2
47	47	m5C	Mus_musculus_tRNA-Lys-CTT-2-2
53	53	m5Um	Mus_musculus_tRNA-Lys-CTT-2-2
54	54	Y	Mus_musculus_tRNA-Lys-CTT-2-2
57	57	m1A	Mus_musculus_tRNA-Lys-CTT-2-2
5	5	m2G	Mus_musculus_tRNA-Lys-CTT-3-4
9	9	m2G	Mus_musculus_tRNA-Lys-CTT-3-4
15	15	D	Mus_musculus_tRNA-Lys-CTT-3-4
19	19	D	Mus_musculus_tRNA-Lys-CTT-3-4
26	26	Y	Mus_musculus_tRNA-Lys-CTT-3-4
35	35	xU	Mus_musculus_tRNA-Lys-CTT-3-4
36	36	t6A	Mus_musculus_tRNA-Lys-CTT-3-4
38	38	Y	Mus_musculus_tRNA-Lys-CTT-3-4
45	45	m7G	Mus_musculus_tRNA-Lys-CTT-3-4
46	46	D	Mus_musculus_tRNA-Lys-CTT-3-4
47	47	m5C	Mus_musculus_tRNA-Lys-CTT-3-4
53	53	m5Um	Mus_musculus_tRNA-Lys-CTT-3-4
54	54	Y	Mus_musculus_tRNA-Lys-CTT-3-4
57	57	m1A	Mus_musculus_tRNA-Lys-CTT-3-4
5	5	m2G	Mus_musculus_tRNA-Lys-CTT-3-5
9	9	m2G	Mus_musculus_tRNA-Lys-CTT-3-5
15	15	D	Mus_musculus_tRNA-Lys-CTT-3-5
19	19	D	Mus_musculus_tRNA-Lys-CTT-3-5
26	26	Y	Mus_musculus_tRNA-Lys-CTT-3-5
35	35	xU	Mus_musculus_tRNA-Lys-CTT-3-5
36	36	t6A	Mus_musculus_tRNA-Lys-CTT-3-5
38	38	Y	Mus_musculus_tRNA-Lys-CTT-3-5
45	45	m7G	Mus_musculus_tRNA-Lys-CTT-3-5
46	46	D	Mus_musculus_tRNA-Lys-CTT-3-5
47	47	m5C	Mus_musculus_tRNA-Lys-CTT-3-5
53	53	m5Um	Mus_musculus_tRNA-Lys-CTT-3-5
54	54	Y	Mus_musculus_tRNA-Lys-CTT-3-5
57	57	m1A	Mus_musculus_tRNA-Lys-CTT-3-5
5	5	m2G	Mus_musculus_tRNA-Lys-CTT-3-6
9	9	m2G	Mus_musculus_tRNA-Lys-CTT-3-6
15	15	D	Mus_musculus_tRNA-Lys-CTT-3-6
19	19	D	Mus_musculus_tRNA-Lys-CTT-3-6
26	26	Y	Mus_musculus_tRNA-Lys-CTT-3-6
35	35	xU	Mus_musculus_tRNA-Lys-CTT-3-6
36	36	t6A	Mus_musculus_tRNA-Lys-CTT-3-6
38	38	Y	Mus_musculus_tRNA-Lys-CTT-3-6
45	45	m7G	Mus_musculus_tRNA-Lys-CTT-3-6
46	46	D	Mus_musculus_tRNA-Lys-CTT-3-6
47	47	m5C	Mus_musculus_tRNA-Lys-CTT-3-6
53	53	m5Um	Mus_musculus_tRNA-Lys-CTT-3-6
54	54	Y	Mus_musculus_tRNA-Lys-CTT-3-6
57	57	m1A	Mus_musculus_tRNA-Lys-CTT-3-6
5	5	m2G	Mus_musculus_tRNA-Lys-CTT-3-7
9	9	m2G	Mus_musculus_tRNA-Lys-CTT-3-7
15	15	D	Mus_musculus_tRNA-Lys-CTT-3-7
19	19	D	Mus_musculus_tRNA-Lys-CTT-3-7
26	26	Y	Mus_musculus_tRNA-Lys-CTT-3-7
35	35	xU	Mus_musculus_tRNA-Lys-CTT-3-7
36	36	t6A	Mus_musculus_tRNA-Lys-CTT-3-7
38	38	Y	Mus_musculus_tRNA-Lys-CTT-3-7
45	45	m7G	Mus_musculus_tRNA-Lys-CTT-3-7
46	46	D	Mus_musculus_tRNA-Lys-CTT-3-7
47	47	m5C	Mus_musculus_tRNA-Lys-CTT-3-7
53	53	m5Um	Mus_musculus_tRNA-Lys-CTT-3-7
54	54	Y	Mus_musculus_tRNA-Lys-CTT-3-7
57	57	m1A	Mus_musculus_tRNA-Lys-CTT-3-7
5	5	m2G	Mus_musculus_tRNA-Lys-CTT-3-1
9	9	m2G	Mus_musculus_tRNA-Lys-CTT-3-1
15	15	D	Mus_musculus_tRNA-Lys-CTT-3-1
19	19	D	Mus_musculus_tRNA-Lys-CTT-3-1
26	26	Y	Mus_musculus_tRNA-Lys-CTT-3-1
35	35	xU	Mus_musculus_tRNA-Lys-CTT-3-1
36	36	t6A	Mus_musculus_tRNA-Lys-CTT-3-1
38	38	Y	Mus_musculus_tRNA-Lys-CTT-3-1
45	45	m7G	Mus_musculus_tRNA-Lys-CTT-3-1
46	46	D	Mus_musculus_tRNA-Lys-CTT-3-1
47	47	m5C	Mus_musculus_tRNA-Lys-CTT-3-1
53	53	m5Um	Mus_musculus_tRNA-Lys-CTT-3-1
54	54	Y	Mus_musculus_tRNA-Lys-CTT-3-1
57	57	m1A	Mus_musculus_tRNA-Lys-CTT-3-1
5	5	m2G	Mus_musculus_tRNA-Lys-CTT-3-2
9	9	m2G	Mus_musculus_tRNA-Lys-CTT-3-2
15	15	D	Mus_musculus_tRNA-Lys-CTT-3-2
19	19	D	Mus_musculus_tRNA-Lys-CTT-3-2
26	26	Y	Mus_musculus_tRNA-Lys-CTT-3-2
35	35	xU	Mus_musculus_tRNA-Lys-CTT-3-2
36	36	t6A	Mus_musculus_tRNA-Lys-CTT-3-2
38	38	Y	Mus_musculus_tRNA-Lys-CTT-3-2
45	45	m7G	Mus_musculus_tRNA-Lys-CTT-3-2
46	46	D	Mus_musculus_tRNA-Lys-CTT-3-2
47	47	m5C	Mus_musculus_tRNA-Lys-CTT-3-2
53	53	m5Um	Mus_musculus_tRNA-Lys-CTT-3-2
54	54	Y	Mus_musculus_tRNA-Lys-CTT-3-2
57	57	m1A	Mus_musculus_tRNA-Lys-CTT-3-2
5	5	m2G	Mus_musculus_tRNA-Lys-CTT-2-1
9	9	m2G	Mus_musculus_tRNA-Lys-CTT-2-1
15	15	D	Mus_musculus_tRNA-Lys-CTT-2-1
19	19	D	Mus_musculus_tRNA-Lys-CTT-2-1
26	26	Y	Mus_musculus_tRNA-Lys-CTT-2-1
35	35	xU	Mus_musculus_tRNA-Lys-CTT-2-1
36	36	t6A	Mus_musculus_tRNA-Lys-CTT-2-1
38	38	Y	Mus_musculus_tRNA-Lys-CTT-2-1
45	45	m7G	Mus_musculus_tRNA-Lys-CTT-2-1
46	46	D	Mus_musculus_tRNA-Lys-CTT-2-1
47	47	m5C	Mus_musculus_tRNA-Lys-CTT-2-1
53	53	m5Um	Mus_musculus_tRNA-Lys-CTT-2-1
54	54	Y	Mus_musculus_tRNA-Lys-CTT-2-1
57	57	m1A	Mus_musculus_tRNA-Lys-CTT-2-1
5	5	m2G	Mus_musculus_tRNA-Met-CAT-1-2
9	9	m2G	Mus_musculus_tRNA-Met-CAT-1-2
15	15	D	Mus_musculus_tRNA-Met-CAT-1-2
19	19	D	Mus_musculus_tRNA-Met-CAT-1-2
25	25	m2,2G	Mus_musculus_tRNA-Met-CAT-1-2
26	26	Y	Mus_musculus_tRNA-Met-CAT-1-2
30	30	Y	Mus_musculus_tRNA-Met-CAT-1-2
33	33	Cm	Mus_musculus_tRNA-Met-CAT-1-2
36	36	t6A	Mus_musculus_tRNA-Met-CAT-1-2
38	38	Y	Mus_musculus_tRNA-Met-CAT-1-2
45	45	m7G	Mus_musculus_tRNA-Met-CAT-1-2
46	46	D	Mus_musculus_tRNA-Met-CAT-1-2
47	47	m5C	Mus_musculus_tRNA-Met-CAT-1-2
53	53	m5U	Mus_musculus_tRNA-Met-CAT-1-2
54	54	Y	Mus_musculus_tRNA-Met-CAT-1-2
57	57	m1A	Mus_musculus_tRNA-Met-CAT-1-2
5	5	m2G	Mus_musculus_tRNA-Met-CAT-1-1
9	9	m2G	Mus_musculus_tRNA-Met-CAT-1-1
15	15	D	Mus_musculus_tRNA-Met-CAT-1-1
19	19	D	Mus_musculus_tRNA-Met-CAT-1-1
25	25	m2,2G	Mus_musculus_tRNA-Met-CAT-1-1
26	26	Y	Mus_musculus_tRNA-Met-CAT-1-1
30	30	Y	Mus_musculus_tRNA-Met-CAT-1-1
33	33	Cm	Mus_musculus_tRNA-Met-CAT-1-1
36	36	t6A	Mus_musculus_tRNA-Met-CAT-1-1
38	38	Y	Mus_musculus_tRNA-Met-CAT-1-1
45	45	m7G	Mus_musculus_tRNA-Met-CAT-1-1
46	46	D	Mus_musculus_tRNA-Met-CAT-1-1
47	47	m5C	Mus_musculus_tRNA-Met-CAT-1-1
53	53	m5U	Mus_musculus_tRNA-Met-CAT-1-1
54	54	Y	Mus_musculus_tRNA-Met-CAT-1-1
57	57	m1A	Mus_musculus_tRNA-Met-CAT-1-1
8	8	m1G	Mus_musculus_tRNA-Gln-CTG-2-2
12	12	Y	Mus_musculus_tRNA-Gln-CTG-2-2
15	15	D	Mus_musculus_tRNA-Gln-CTG-2-2
16	16	Gm	Mus_musculus_tRNA-Gln-CTG-2-2
18	18	D	Mus_musculus_tRNA-Gln-CTG-2-2
19	19	D	Mus_musculus_tRNA-Gln-CTG-2-2
27	27	Y	Mus_musculus_tRNA-Gln-CTG-2-2
31	31	Cm	Mus_musculus_tRNA-Gln-CTG-2-2
38	38	Y	Mus_musculus_tRNA-Gln-CTG-2-2
47	47	m5C	Mus_musculus_tRNA-Gln-CTG-2-2
48	48	m5C	Mus_musculus_tRNA-Gln-CTG-2-2
52	52	Y	Mus_musculus_tRNA-Gln-CTG-2-2
53	53	Y	Mus_musculus_tRNA-Gln-CTG-2-2
56	56	m1A	Mus_musculus_tRNA-Gln-CTG-2-2
8	8	m1G	Mus_musculus_tRNA-Gln-CTG-2-3
12	12	Y	Mus_musculus_tRNA-Gln-CTG-2-3
15	15	D	Mus_musculus_tRNA-Gln-CTG-2-3
16	16	Gm	Mus_musculus_tRNA-Gln-CTG-2-3
18	18	D	Mus_musculus_tRNA-Gln-CTG-2-3
19	19	D	Mus_musculus_tRNA-Gln-CTG-2-3
27	27	Y	Mus_musculus_tRNA-Gln-CTG-2-3
31	31	Cm	Mus_musculus_tRNA-Gln-CTG-2-3
38	38	Y	Mus_musculus_tRNA-Gln-CTG-2-3
47	47	m5C	Mus_musculus_tRNA-Gln-CTG-2-3
48	48	m5C	Mus_musculus_tRNA-Gln-CTG-2-3
52	52	Y	Mus_musculus_tRNA-Gln-CTG-2-3
53	53	Y	Mus_musculus_tRNA-Gln-CTG-2-3
56	56	m1A	Mus_musculus_tRNA-Gln-CTG-2-3
8	8	m1G	Mus_musculus_tRNA-Gln-CTG-1-1
12	12	Y	Mus_musculus_tRNA-Gln-CTG-1-1
15	15	D	Mus_musculus_tRNA-Gln-CTG-1-1
16	16	Gm	Mus_musculus_tRNA-Gln-CTG-1-1
18	18	D	Mus_musculus_tRNA-Gln-CTG-1-1
19	19	D	Mus_musculus_tRNA-Gln-CTG-1-1
27	27	Y	Mus_musculus_tRNA-Gln-CTG-1-1
31	31	Cm	Mus_musculus_tRNA-Gln-CTG-1-1
38	38	Y	Mus_musculus_tRNA-Gln-CTG-1-1
47	47	m5C	Mus_musculus_tRNA-Gln-CTG-1-1
48	48	m5C	Mus_musculus_tRNA-Gln-CTG-1-1
52	52	Y	Mus_musculus_tRNA-Gln-CTG-1-1
53	53	Y	Mus_musculus_tRNA-Gln-CTG-1-1
56	56	m1A	Mus_musculus_tRNA-Gln-CTG-1-1
8	8	m1G	Mus_musculus_tRNA-Gln-CTG-2-4
12	12	Y	Mus_musculus_tRNA-Gln-CTG-2-4
15	15	D	Mus_musculus_tRNA-Gln-CTG-2-4
16	16	Gm	Mus_musculus_tRNA-Gln-CTG-2-4
18	18	D	Mus_musculus_tRNA-Gln-CTG-2-4
19	19	D	Mus_musculus_tRNA-Gln-CTG-2-4
27	27	Y	Mus_musculus_tRNA-Gln-CTG-2-4
31	31	Cm	Mus_musculus_tRNA-Gln-CTG-2-4
38	38	Y	Mus_musculus_tRNA-Gln-CTG-2-4
47	47	m5C	Mus_musculus_tRNA-Gln-CTG-2-4
48	48	m5C	Mus_musculus_tRNA-Gln-CTG-2-4
52	52	Y	Mus_musculus_tRNA-Gln-CTG-2-4
53	53	Y	Mus_musculus_tRNA-Gln-CTG-2-4
56	56	m1A	Mus_musculus_tRNA-Gln-CTG-2-4
8	8	m1G	Mus_musculus_tRNA-Gln-CTG-3-1
12	12	Y	Mus_musculus_tRNA-Gln-CTG-3-1
15	15	D	Mus_musculus_tRNA-Gln-CTG-3-1
16	16	Gm	Mus_musculus_tRNA-Gln-CTG-3-1
18	18	D	Mus_musculus_tRNA-Gln-CTG-3-1
19	19	D	Mus_musculus_tRNA-Gln-CTG-3-1
27	27	Y	Mus_musculus_tRNA-Gln-CTG-3-1
31	31	Cm	Mus_musculus_tRNA-Gln-CTG-3-1
38	38	Y	Mus_musculus_tRNA-Gln-CTG-3-1
47	47	m5C	Mus_musculus_tRNA-Gln-CTG-3-1
48	48	m5C	Mus_musculus_tRNA-Gln-CTG-3-1
52	52	Y	Mus_musculus_tRNA-Gln-CTG-3-1
53	53	Y	Mus_musculus_tRNA-Gln-CTG-3-1
56	56	m1A	Mus_musculus_tRNA-Gln-CTG-3-1
8	8	m1G	Mus_musculus_tRNA-Gln-CTG-3-2
12	12	Y	Mus_musculus_tRNA-Gln-CTG-3-2
15	15	D	Mus_musculus_tRNA-Gln-CTG-3-2
16	16	Gm	Mus_musculus_tRNA-Gln-CTG-3-2
18	18	D	Mus_musculus_tRNA-Gln-CTG-3-2
19	19	D	Mus_musculus_tRNA-Gln-CTG-3-2
27	27	Y	Mus_musculus_tRNA-Gln-CTG-3-2
31	31	Cm	Mus_musculus_tRNA-Gln-CTG-3-2
38	38	Y	Mus_musculus_tRNA-Gln-CTG-3-2
47	47	m5C	Mus_musculus_tRNA-Gln-CTG-3-2
48	48	m5C	Mus_musculus_tRNA-Gln-CTG-3-2
52	52	Y	Mus_musculus_tRNA-Gln-CTG-3-2
53	53	Y	Mus_musculus_tRNA-Gln-CTG-3-2
56	56	m1A	Mus_musculus_tRNA-Gln-CTG-3-2
8	8	m1G	Mus_musculus_tRNA-Gln-CTG-3-3
12	12	Y	Mus_musculus_tRNA-Gln-CTG-3-3
15	15	D	Mus_musculus_tRNA-Gln-CTG-3-3
16	16	Gm	Mus_musculus_tRNA-Gln-CTG-3-3
18	18	D	Mus_musculus_tRNA-Gln-CTG-3-3
19	19	D	Mus_musculus_tRNA-Gln-CTG-3-3
27	27	Y	Mus_musculus_tRNA-Gln-CTG-3-3
31	31	Cm	Mus_musculus_tRNA-Gln-CTG-3-3
38	38	Y	Mus_musculus_tRNA-Gln-CTG-3-3
47	47	m5C	Mus_musculus_tRNA-Gln-CTG-3-3
48	48	m5C	Mus_musculus_tRNA-Gln-CTG-3-3
52	52	Y	Mus_musculus_tRNA-Gln-CTG-3-3
53	53	Y	Mus_musculus_tRNA-Gln-CTG-3-3
56	56	m1A	Mus_musculus_tRNA-Gln-CTG-3-3
8	8	m1G	Mus_musculus_tRNA-Gln-CTG-4-1
12	12	Y	Mus_musculus_tRNA-Gln-CTG-4-1
15	15	D	Mus_musculus_tRNA-Gln-CTG-4-1
16	16	Gm	Mus_musculus_tRNA-Gln-CTG-4-1
18	18	D	Mus_musculus_tRNA-Gln-CTG-4-1
27	27	Y	Mus_musculus_tRNA-Gln-CTG-4-1
31	31	Cm	Mus_musculus_tRNA-Gln-CTG-4-1
38	38	Y	Mus_musculus_tRNA-Gln-CTG-4-1
47	47	m5C	Mus_musculus_tRNA-Gln-CTG-4-1
48	48	m5C	Mus_musculus_tRNA-Gln-CTG-4-1
52	52	Y	Mus_musculus_tRNA-Gln-CTG-4-1
53	53	Y	Mus_musculus_tRNA-Gln-CTG-4-1
56	56	m1A	Mus_musculus_tRNA-Gln-CTG-4-1
8	8	m1G	Mus_musculus_tRNA-Gln-CTG-2-1
12	12	Y	Mus_musculus_tRNA-Gln-CTG-2-1
15	15	D	Mus_musculus_tRNA-Gln-CTG-2-1
16	16	Gm	Mus_musculus_tRNA-Gln-CTG-2-1
18	18	D	Mus_musculus_tRNA-Gln-CTG-2-1
19	19	D	Mus_musculus_tRNA-Gln-CTG-2-1
27	27	Y	Mus_musculus_tRNA-Gln-CTG-2-1
31	31	Cm	Mus_musculus_tRNA-Gln-CTG-2-1
38	38	Y	Mus_musculus_tRNA-Gln-CTG-2-1
47	47	m5C	Mus_musculus_tRNA-Gln-CTG-2-1
48	48	m5C	Mus_musculus_tRNA-Gln-CTG-2-1
52	52	Y	Mus_musculus_tRNA-Gln-CTG-2-1
53	53	Y	Mus_musculus_tRNA-Gln-CTG-2-1
56	56	m1A	Mus_musculus_tRNA-Gln-CTG-2-1
8	8	m1G	Mus_musculus_tRNA-Gln-TTG-1-1
12	12	Y	Mus_musculus_tRNA-Gln-TTG-1-1
15	15	D	Mus_musculus_tRNA-Gln-TTG-1-1
16	16	Gm	Mus_musculus_tRNA-Gln-TTG-1-1
18	18	D	Mus_musculus_tRNA-Gln-TTG-1-1
19	19	D	Mus_musculus_tRNA-Gln-TTG-1-1
27	27	Y	Mus_musculus_tRNA-Gln-TTG-1-1
31	31	Cm	Mus_musculus_tRNA-Gln-TTG-1-1
38	38	Y	Mus_musculus_tRNA-Gln-TTG-1-1
47	47	m5C	Mus_musculus_tRNA-Gln-TTG-1-1
48	48	m5C	Mus_musculus_tRNA-Gln-TTG-1-1
52	52	Y	Mus_musculus_tRNA-Gln-TTG-1-1
53	53	Y	Mus_musculus_tRNA-Gln-TTG-1-1
56	56	m1A	Mus_musculus_tRNA-Gln-TTG-1-1
8	8	m1G	Mus_musculus_tRNA-Gln-CTG-2-2
12	12	Y	Mus_musculus_tRNA-Gln-CTG-2-2
15	15	D	Mus_musculus_tRNA-Gln-CTG-2-2
16	16	Gm	Mus_musculus_tRNA-Gln-CTG-2-2
18	18	D	Mus_musculus_tRNA-Gln-CTG-2-2
19	19	D	Mus_musculus_tRNA-Gln-CTG-2-2
27	27	Y	Mus_musculus_tRNA-Gln-CTG-2-2
31	31	Cm	Mus_musculus_tRNA-Gln-CTG-2-2
38	38	Y	Mus_musculus_tRNA-Gln-CTG-2-2
47	47	m5C	Mus_musculus_tRNA-Gln-CTG-2-2
48	48	m5C	Mus_musculus_tRNA-Gln-CTG-2-2
52	52	Y	Mus_musculus_tRNA-Gln-CTG-2-2
53	53	Y	Mus_musculus_tRNA-Gln-CTG-2-2
56	56	m1A	Mus_musculus_tRNA-Gln-CTG-2-2
8	8	m1G	Mus_musculus_tRNA-Gln-CTG-2-3
12	12	Y	Mus_musculus_tRNA-Gln-CTG-2-3
15	15	D	Mus_musculus_tRNA-Gln-CTG-2-3
16	16	Gm	Mus_musculus_tRNA-Gln-CTG-2-3
18	18	D	Mus_musculus_tRNA-Gln-CTG-2-3
19	19	D	Mus_musculus_tRNA-Gln-CTG-2-3
27	27	Y	Mus_musculus_tRNA-Gln-CTG-2-3
31	31	Cm	Mus_musculus_tRNA-Gln-CTG-2-3
38	38	Y	Mus_musculus_tRNA-Gln-CTG-2-3
47	47	m5C	Mus_musculus_tRNA-Gln-CTG-2-3
48	48	m5C	Mus_musculus_tRNA-Gln-CTG-2-3
52	52	Y	Mus_musculus_tRNA-Gln-CTG-2-3
53	53	Y	Mus_musculus_tRNA-Gln-CTG-2-3
56	56	m1A	Mus_musculus_tRNA-Gln-CTG-2-3
8	8	m1G	Mus_musculus_tRNA-Gln-CTG-1-1
12	12	Y	Mus_musculus_tRNA-Gln-CTG-1-1
15	15	D	Mus_musculus_tRNA-Gln-CTG-1-1
16	16	Gm	Mus_musculus_tRNA-Gln-CTG-1-1
18	18	D	Mus_musculus_tRNA-Gln-CTG-1-1
19	19	D	Mus_musculus_tRNA-Gln-CTG-1-1
27	27	Y	Mus_musculus_tRNA-Gln-CTG-1-1
31	31	Cm	Mus_musculus_tRNA-Gln-CTG-1-1
38	38	Y	Mus_musculus_tRNA-Gln-CTG-1-1
47	47	m5C	Mus_musculus_tRNA-Gln-CTG-1-1
48	48	m5C	Mus_musculus_tRNA-Gln-CTG-1-1
52	52	Y	Mus_musculus_tRNA-Gln-CTG-1-1
53	53	Y	Mus_musculus_tRNA-Gln-CTG-1-1
56	56	m1A	Mus_musculus_tRNA-Gln-CTG-1-1
8	8	m1G	Mus_musculus_tRNA-Gln-CTG-2-4
12	12	Y	Mus_musculus_tRNA-Gln-CTG-2-4
15	15	D	Mus_musculus_tRNA-Gln-CTG-2-4
16	16	Gm	Mus_musculus_tRNA-Gln-CTG-2-4
18	18	D	Mus_musculus_tRNA-Gln-CTG-2-4
19	19	D	Mus_musculus_tRNA-Gln-CTG-2-4
27	27	Y	Mus_musculus_tRNA-Gln-CTG-2-4
31	31	Cm	Mus_musculus_tRNA-Gln-CTG-2-4
38	38	Y	Mus_musculus_tRNA-Gln-CTG-2-4
47	47	m5C	Mus_musculus_tRNA-Gln-CTG-2-4
48	48	m5C	Mus_musculus_tRNA-Gln-CTG-2-4
52	52	Y	Mus_musculus_tRNA-Gln-CTG-2-4
53	53	Y	Mus_musculus_tRNA-Gln-CTG-2-4
56	56	m1A	Mus_musculus_tRNA-Gln-CTG-2-4
8	8	m1G	Mus_musculus_tRNA-Gln-CTG-3-1
12	12	Y	Mus_musculus_tRNA-Gln-CTG-3-1
15	15	D	Mus_musculus_tRNA-Gln-CTG-3-1
16	16	Gm	Mus_musculus_tRNA-Gln-CTG-3-1
18	18	D	Mus_musculus_tRNA-Gln-CTG-3-1
19	19	D	Mus_musculus_tRNA-Gln-CTG-3-1
27	27	Y	Mus_musculus_tRNA-Gln-CTG-3-1
31	31	Cm	Mus_musculus_tRNA-Gln-CTG-3-1
38	38	Y	Mus_musculus_tRNA-Gln-CTG-3-1
47	47	m5C	Mus_musculus_tRNA-Gln-CTG-3-1
48	48	m5C	Mus_musculus_tRNA-Gln-CTG-3-1
52	52	Y	Mus_musculus_tRNA-Gln-CTG-3-1
53	53	Y	Mus_musculus_tRNA-Gln-CTG-3-1
56	56	m1A	Mus_musculus_tRNA-Gln-CTG-3-1
8	8	m1G	Mus_musculus_tRNA-Gln-CTG-3-2
12	12	Y	Mus_musculus_tRNA-Gln-CTG-3-2
15	15	D	Mus_musculus_tRNA-Gln-CTG-3-2
16	16	Gm	Mus_musculus_tRNA-Gln-CTG-3-2
18	18	D	Mus_musculus_tRNA-Gln-CTG-3-2
19	19	D	Mus_musculus_tRNA-Gln-CTG-3-2
27	27	Y	Mus_musculus_tRNA-Gln-CTG-3-2
31	31	Cm	Mus_musculus_tRNA-Gln-CTG-3-2
38	38	Y	Mus_musculus_tRNA-Gln-CTG-3-2
47	47	m5C	Mus_musculus_tRNA-Gln-CTG-3-2
48	48	m5C	Mus_musculus_tRNA-Gln-CTG-3-2
52	52	Y	Mus_musculus_tRNA-Gln-CTG-3-2
53	53	Y	Mus_musculus_tRNA-Gln-CTG-3-2
56	56	m1A	Mus_musculus_tRNA-Gln-CTG-3-2
8	8	m1G	Mus_musculus_tRNA-Gln-CTG-3-3
12	12	Y	Mus_musculus_tRNA-Gln-CTG-3-3
15	15	D	Mus_musculus_tRNA-Gln-CTG-3-3
16	16	Gm	Mus_musculus_tRNA-Gln-CTG-3-3
18	18	D	Mus_musculus_tRNA-Gln-CTG-3-3
19	19	D	Mus_musculus_tRNA-Gln-CTG-3-3
27	27	Y	Mus_musculus_tRNA-Gln-CTG-3-3
31	31	Cm	Mus_musculus_tRNA-Gln-CTG-3-3
38	38	Y	Mus_musculus_tRNA-Gln-CTG-3-3
47	47	m5C	Mus_musculus_tRNA-Gln-CTG-3-3
48	48	m5C	Mus_musculus_tRNA-Gln-CTG-3-3
52	52	Y	Mus_musculus_tRNA-Gln-CTG-3-3
53	53	Y	Mus_musculus_tRNA-Gln-CTG-3-3
56	56	m1A	Mus_musculus_tRNA-Gln-CTG-3-3
8	8	m1G	Mus_musculus_tRNA-Gln-CTG-4-1
12	12	Y	Mus_musculus_tRNA-Gln-CTG-4-1
15	15	D	Mus_musculus_tRNA-Gln-CTG-4-1
16	16	Gm	Mus_musculus_tRNA-Gln-CTG-4-1
18	18	D	Mus_musculus_tRNA-Gln-CTG-4-1
27	27	Y	Mus_musculus_tRNA-Gln-CTG-4-1
31	31	Cm	Mus_musculus_tRNA-Gln-CTG-4-1
38	38	Y	Mus_musculus_tRNA-Gln-CTG-4-1
47	47	m5C	Mus_musculus_tRNA-Gln-CTG-4-1
48	48	m5C	Mus_musculus_tRNA-Gln-CTG-4-1
52	52	Y	Mus_musculus_tRNA-Gln-CTG-4-1
53	53	Y	Mus_musculus_tRNA-Gln-CTG-4-1
56	56	m1A	Mus_musculus_tRNA-Gln-CTG-4-1
8	8	m1G	Mus_musculus_tRNA-Gln-CTG-2-1
12	12	Y	Mus_musculus_tRNA-Gln-CTG-2-1
15	15	D	Mus_musculus_tRNA-Gln-CTG-2-1
16	16	Gm	Mus_musculus_tRNA-Gln-CTG-2-1
18	18	D	Mus_musculus_tRNA-Gln-CTG-2-1
19	19	D	Mus_musculus_tRNA-Gln-CTG-2-1
27	27	Y	Mus_musculus_tRNA-Gln-CTG-2-1
31	31	Cm	Mus_musculus_tRNA-Gln-CTG-2-1
38	38	Y	Mus_musculus_tRNA-Gln-CTG-2-1
47	47	m5C	Mus_musculus_tRNA-Gln-CTG-2-1
48	48	m5C	Mus_musculus_tRNA-Gln-CTG-2-1
52	52	Y	Mus_musculus_tRNA-Gln-CTG-2-1
53	53	Y	Mus_musculus_tRNA-Gln-CTG-2-1
56	56	m1A	Mus_musculus_tRNA-Gln-CTG-2-1
8	8	m1G	Mus_musculus_tRNA-Gln-TTG-5-1
12	12	Y	Mus_musculus_tRNA-Gln-TTG-5-1
15	15	D	Mus_musculus_tRNA-Gln-TTG-5-1
16	16	Gm	Mus_musculus_tRNA-Gln-TTG-5-1
18	18	D	Mus_musculus_tRNA-Gln-TTG-5-1
19	19	D	Mus_musculus_tRNA-Gln-TTG-5-1
27	27	Y	Mus_musculus_tRNA-Gln-TTG-5-1
31	31	Cm	Mus_musculus_tRNA-Gln-TTG-5-1
33	33	Um	Mus_musculus_tRNA-Gln-TTG-5-1
38	38	Y	Mus_musculus_tRNA-Gln-TTG-5-1
47	47	m5C	Mus_musculus_tRNA-Gln-TTG-5-1
48	48	m5C	Mus_musculus_tRNA-Gln-TTG-5-1
52	52	Y	Mus_musculus_tRNA-Gln-TTG-5-1
53	53	Y	Mus_musculus_tRNA-Gln-TTG-5-1
56	56	m1A	Mus_musculus_tRNA-Gln-TTG-5-1
8	8	m1G	Mus_musculus_tRNA-Gln-TTG-1-1
12	12	Y	Mus_musculus_tRNA-Gln-TTG-1-1
15	15	D	Mus_musculus_tRNA-Gln-TTG-1-1
16	16	Gm	Mus_musculus_tRNA-Gln-TTG-1-1
18	18	D	Mus_musculus_tRNA-Gln-TTG-1-1
19	19	D	Mus_musculus_tRNA-Gln-TTG-1-1
27	27	Y	Mus_musculus_tRNA-Gln-TTG-1-1
31	31	Cm	Mus_musculus_tRNA-Gln-TTG-1-1
33	33	Um	Mus_musculus_tRNA-Gln-TTG-1-1
38	38	Y	Mus_musculus_tRNA-Gln-TTG-1-1
47	47	m5C	Mus_musculus_tRNA-Gln-TTG-1-1
48	48	m5C	Mus_musculus_tRNA-Gln-TTG-1-1
52	52	Y	Mus_musculus_tRNA-Gln-TTG-1-1
53	53	Y	Mus_musculus_tRNA-Gln-TTG-1-1
56	56	m1A	Mus_musculus_tRNA-Gln-TTG-1-1
8	8	m1G	Mus_musculus_tRNA-Gln-TTG-2-1
12	12	Y	Mus_musculus_tRNA-Gln-TTG-2-1
15	15	D	Mus_musculus_tRNA-Gln-TTG-2-1
16	16	Gm	Mus_musculus_tRNA-Gln-TTG-2-1
18	18	D	Mus_musculus_tRNA-Gln-TTG-2-1
19	19	D	Mus_musculus_tRNA-Gln-TTG-2-1
27	27	Y	Mus_musculus_tRNA-Gln-TTG-2-1
31	31	Cm	Mus_musculus_tRNA-Gln-TTG-2-1
33	33	Um	Mus_musculus_tRNA-Gln-TTG-2-1
38	38	Y	Mus_musculus_tRNA-Gln-TTG-2-1
47	47	m5C	Mus_musculus_tRNA-Gln-TTG-2-1
52	52	Y	Mus_musculus_tRNA-Gln-TTG-2-1
53	53	Y	Mus_musculus_tRNA-Gln-TTG-2-1
56	56	m1A	Mus_musculus_tRNA-Gln-TTG-2-1
8	8	m1G	Mus_musculus_tRNA-Gln-TTG-3-1
12	12	Y	Mus_musculus_tRNA-Gln-TTG-3-1
15	15	D	Mus_musculus_tRNA-Gln-TTG-3-1
16	16	Gm	Mus_musculus_tRNA-Gln-TTG-3-1
18	18	D	Mus_musculus_tRNA-Gln-TTG-3-1
19	19	D	Mus_musculus_tRNA-Gln-TTG-3-1
27	27	Y	Mus_musculus_tRNA-Gln-TTG-3-1
31	31	Cm	Mus_musculus_tRNA-Gln-TTG-3-1
33	33	Um	Mus_musculus_tRNA-Gln-TTG-3-1
38	38	Y	Mus_musculus_tRNA-Gln-TTG-3-1
47	47	m5C	Mus_musculus_tRNA-Gln-TTG-3-1
48	48	m5C	Mus_musculus_tRNA-Gln-TTG-3-1
52	52	Y	Mus_musculus_tRNA-Gln-TTG-3-1
53	53	Y	Mus_musculus_tRNA-Gln-TTG-3-1
56	56	m1A	Mus_musculus_tRNA-Gln-TTG-3-1
8	8	m1G	Mus_musculus_tRNA-Gln-TTG-3-2
12	12	Y	Mus_musculus_tRNA-Gln-TTG-3-2
15	15	D	Mus_musculus_tRNA-Gln-TTG-3-2
16	16	Gm	Mus_musculus_tRNA-Gln-TTG-3-2
18	18	D	Mus_musculus_tRNA-Gln-TTG-3-2
19	19	D	Mus_musculus_tRNA-Gln-TTG-3-2
27	27	Y	Mus_musculus_tRNA-Gln-TTG-3-2
31	31	Cm	Mus_musculus_tRNA-Gln-TTG-3-2
33	33	Um	Mus_musculus_tRNA-Gln-TTG-3-2
38	38	Y	Mus_musculus_tRNA-Gln-TTG-3-2
47	47	m5C	Mus_musculus_tRNA-Gln-TTG-3-2
48	48	m5C	Mus_musculus_tRNA-Gln-TTG-3-2
52	52	Y	Mus_musculus_tRNA-Gln-TTG-3-2
53	53	Y	Mus_musculus_tRNA-Gln-TTG-3-2
56	56	m1A	Mus_musculus_tRNA-Gln-TTG-3-2
8	8	m1G	Mus_musculus_tRNA-Arg-ACG-3-2
9	9	m2G	Mus_musculus_tRNA-Arg-ACG-3-2
15	15	D	Mus_musculus_tRNA-Arg-ACG-3-2
19	19	D	Mus_musculus_tRNA-Arg-ACG-3-2
25	25	m2,2G	Mus_musculus_tRNA-Arg-ACG-3-2
26	26	Y	Mus_musculus_tRNA-Arg-ACG-3-2
31	31	Cm	Mus_musculus_tRNA-Arg-ACG-3-2
33	33	I	Mus_musculus_tRNA-Arg-ACG-3-2
36	36	m1G	Mus_musculus_tRNA-Arg-ACG-3-2
38	38	Y	Mus_musculus_tRNA-Arg-ACG-3-2
46	46	D	Mus_musculus_tRNA-Arg-ACG-3-2
48	48	m5C	Mus_musculus_tRNA-Arg-ACG-3-2
49	49	Y	Mus_musculus_tRNA-Arg-ACG-3-2
53	53	Y	Mus_musculus_tRNA-Arg-ACG-3-2
54	54	Y	Mus_musculus_tRNA-Arg-ACG-3-2
57	57	m1A	Mus_musculus_tRNA-Arg-ACG-3-2
8	8	m1G	Mus_musculus_tRNA-Arg-ACG-1-1
9	9	m2G	Mus_musculus_tRNA-Arg-ACG-1-1
15	15	D	Mus_musculus_tRNA-Arg-ACG-1-1
19	19	D	Mus_musculus_tRNA-Arg-ACG-1-1
25	25	m2,2G	Mus_musculus_tRNA-Arg-ACG-1-1
26	26	Y	Mus_musculus_tRNA-Arg-ACG-1-1
31	31	Cm	Mus_musculus_tRNA-Arg-ACG-1-1
33	33	I	Mus_musculus_tRNA-Arg-ACG-1-1
36	36	m1G	Mus_musculus_tRNA-Arg-ACG-1-1
38	38	Y	Mus_musculus_tRNA-Arg-ACG-1-1
46	46	D	Mus_musculus_tRNA-Arg-ACG-1-1
48	48	m5C	Mus_musculus_tRNA-Arg-ACG-1-1
53	53	Y	Mus_musculus_tRNA-Arg-ACG-1-1
54	54	Y	Mus_musculus_tRNA-Arg-ACG-1-1
57	57	m1A	Mus_musculus_tRNA-Arg-ACG-1-1
8	8	m1G	Mus_musculus_tRNA-Arg-ACG-1-2
9	9	m2G	Mus_musculus_tRNA-Arg-ACG-1-2
15	15	D	Mus_musculus_tRNA-Arg-ACG-1-2
19	19	D	Mus_musculus_tRNA-Arg-ACG-1-2
25	25	m2,2G	Mus_musculus_tRNA-Arg-ACG-1-2
26	26	Y	Mus_musculus_tRNA-Arg-ACG-1-2
31	31	Cm	Mus_musculus_tRNA-Arg-ACG-1-2
33	33	I	Mus_musculus_tRNA-Arg-ACG-1-2
36	36	m1G	Mus_musculus_tRNA-Arg-ACG-1-2
38	38	Y	Mus_musculus_tRNA-Arg-ACG-1-2
46	46	D	Mus_musculus_tRNA-Arg-ACG-1-2
48	48	m5C	Mus_musculus_tRNA-Arg-ACG-1-2
53	53	Y	Mus_musculus_tRNA-Arg-ACG-1-2
54	54	Y	Mus_musculus_tRNA-Arg-ACG-1-2
57	57	m1A	Mus_musculus_tRNA-Arg-ACG-1-2
8	8	m1G	Mus_musculus_tRNA-Arg-ACG-1-3
9	9	m2G	Mus_musculus_tRNA-Arg-ACG-1-3
15	15	D	Mus_musculus_tRNA-Arg-ACG-1-3
19	19	D	Mus_musculus_tRNA-Arg-ACG-1-3
25	25	m2,2G	Mus_musculus_tRNA-Arg-ACG-1-3
26	26	Y	Mus_musculus_tRNA-Arg-ACG-1-3
31	31	Cm	Mus_musculus_tRNA-Arg-ACG-1-3
33	33	I	Mus_musculus_tRNA-Arg-ACG-1-3
36	36	m1G	Mus_musculus_tRNA-Arg-ACG-1-3
38	38	Y	Mus_musculus_tRNA-Arg-ACG-1-3
46	46	D	Mus_musculus_tRNA-Arg-ACG-1-3
48	48	m5C	Mus_musculus_tRNA-Arg-ACG-1-3
53	53	Y	Mus_musculus_tRNA-Arg-ACG-1-3
54	54	Y	Mus_musculus_tRNA-Arg-ACG-1-3
57	57	m1A	Mus_musculus_tRNA-Arg-ACG-1-3
8	8	m1G	Mus_musculus_tRNA-Arg-ACG-2-1
9	9	m2G	Mus_musculus_tRNA-Arg-ACG-2-1
15	15	D	Mus_musculus_tRNA-Arg-ACG-2-1
19	19	D	Mus_musculus_tRNA-Arg-ACG-2-1
25	25	m2,2G	Mus_musculus_tRNA-Arg-ACG-2-1
26	26	Y	Mus_musculus_tRNA-Arg-ACG-2-1
31	31	Cm	Mus_musculus_tRNA-Arg-ACG-2-1
33	33	I	Mus_musculus_tRNA-Arg-ACG-2-1
36	36	m1G	Mus_musculus_tRNA-Arg-ACG-2-1
38	38	Y	Mus_musculus_tRNA-Arg-ACG-2-1
46	46	D	Mus_musculus_tRNA-Arg-ACG-2-1
49	49	Y	Mus_musculus_tRNA-Arg-ACG-2-1
53	53	Y	Mus_musculus_tRNA-Arg-ACG-2-1
54	54	Y	Mus_musculus_tRNA-Arg-ACG-2-1
57	57	m1A	Mus_musculus_tRNA-Arg-ACG-2-1
8	8	m1G	Mus_musculus_tRNA-Arg-ACG-3-1
9	9	m2G	Mus_musculus_tRNA-Arg-ACG-3-1
15	15	D	Mus_musculus_tRNA-Arg-ACG-3-1
19	19	D	Mus_musculus_tRNA-Arg-ACG-3-1
25	25	m2,2G	Mus_musculus_tRNA-Arg-ACG-3-1
26	26	Y	Mus_musculus_tRNA-Arg-ACG-3-1
31	31	Cm	Mus_musculus_tRNA-Arg-ACG-3-1
33	33	I	Mus_musculus_tRNA-Arg-ACG-3-1
36	36	m1G	Mus_musculus_tRNA-Arg-ACG-3-1
38	38	Y	Mus_musculus_tRNA-Arg-ACG-3-1
46	46	D	Mus_musculus_tRNA-Arg-ACG-3-1
48	48	m5C	Mus_musculus_tRNA-Arg-ACG-3-1
49	49	Y	Mus_musculus_tRNA-Arg-ACG-3-1
53	53	Y	Mus_musculus_tRNA-Arg-ACG-3-1
54	54	Y	Mus_musculus_tRNA-Arg-ACG-3-1
57	57	m1A	Mus_musculus_tRNA-Arg-ACG-3-1
8	8	m1G	Mus_musculus_tRNA-Arg-ACG-3-2
9	9	m2G	Mus_musculus_tRNA-Arg-ACG-3-2
15	15	D	Mus_musculus_tRNA-Arg-ACG-3-2
19	19	D	Mus_musculus_tRNA-Arg-ACG-3-2
25	25	m2,2G	Mus_musculus_tRNA-Arg-ACG-3-2
26	26	Y	Mus_musculus_tRNA-Arg-ACG-3-2
31	31	Cm	Mus_musculus_tRNA-Arg-ACG-3-2
33	33	I	Mus_musculus_tRNA-Arg-ACG-3-2
36	36	m1G	Mus_musculus_tRNA-Arg-ACG-3-2
38	38	Y	Mus_musculus_tRNA-Arg-ACG-3-2
46	46	D	Mus_musculus_tRNA-Arg-ACG-3-2
48	48	m5C	Mus_musculus_tRNA-Arg-ACG-3-2
49	49	Y	Mus_musculus_tRNA-Arg-ACG-3-2
53	53	Y	Mus_musculus_tRNA-Arg-ACG-3-2
54	54	Y	Mus_musculus_tRNA-Arg-ACG-3-2
57	57	m1A	Mus_musculus_tRNA-Arg-ACG-3-2
8	8	m1G	Mus_musculus_tRNA-Arg-ACG-1-1
9	9	m2G	Mus_musculus_tRNA-Arg-ACG-1-1
15	15	D	Mus_musculus_tRNA-Arg-ACG-1-1
19	19	D	Mus_musculus_tRNA-Arg-ACG-1-1
25	25	m2,2G	Mus_musculus_tRNA-Arg-ACG-1-1
26	26	Y	Mus_musculus_tRNA-Arg-ACG-1-1
31	31	Cm	Mus_musculus_tRNA-Arg-ACG-1-1
33	33	I	Mus_musculus_tRNA-Arg-ACG-1-1
36	36	m1G	Mus_musculus_tRNA-Arg-ACG-1-1
38	38	Y	Mus_musculus_tRNA-Arg-ACG-1-1
46	46	D	Mus_musculus_tRNA-Arg-ACG-1-1
48	48	m5C	Mus_musculus_tRNA-Arg-ACG-1-1
53	53	Y	Mus_musculus_tRNA-Arg-ACG-1-1
54	54	Y	Mus_musculus_tRNA-Arg-ACG-1-1
57	57	m1A	Mus_musculus_tRNA-Arg-ACG-1-1
8	8	m1G	Mus_musculus_tRNA-Arg-ACG-1-2
9	9	m2G	Mus_musculus_tRNA-Arg-ACG-1-2
15	15	D	Mus_musculus_tRNA-Arg-ACG-1-2
19	19	D	Mus_musculus_tRNA-Arg-ACG-1-2
25	25	m2,2G	Mus_musculus_tRNA-Arg-ACG-1-2
26	26	Y	Mus_musculus_tRNA-Arg-ACG-1-2
31	31	Cm	Mus_musculus_tRNA-Arg-ACG-1-2
33	33	I	Mus_musculus_tRNA-Arg-ACG-1-2
36	36	m1G	Mus_musculus_tRNA-Arg-ACG-1-2
38	38	Y	Mus_musculus_tRNA-Arg-ACG-1-2
46	46	D	Mus_musculus_tRNA-Arg-ACG-1-2
48	48	m5C	Mus_musculus_tRNA-Arg-ACG-1-2
53	53	Y	Mus_musculus_tRNA-Arg-ACG-1-2
54	54	Y	Mus_musculus_tRNA-Arg-ACG-1-2
57	57	m1A	Mus_musculus_tRNA-Arg-ACG-1-2
8	8	m1G	Mus_musculus_tRNA-Arg-ACG-1-3
9	9	m2G	Mus_musculus_tRNA-Arg-ACG-1-3
15	15	D	Mus_musculus_tRNA-Arg-ACG-1-3
19	19	D	Mus_musculus_tRNA-Arg-ACG-1-3
25	25	m2,2G	Mus_musculus_tRNA-Arg-ACG-1-3
26	26	Y	Mus_musculus_tRNA-Arg-ACG-1-3
31	31	Cm	Mus_musculus_tRNA-Arg-ACG-1-3
33	33	I	Mus_musculus_tRNA-Arg-ACG-1-3
36	36	m1G	Mus_musculus_tRNA-Arg-ACG-1-3
38	38	Y	Mus_musculus_tRNA-Arg-ACG-1-3
46	46	D	Mus_musculus_tRNA-Arg-ACG-1-3
48	48	m5C	Mus_musculus_tRNA-Arg-ACG-1-3
53	53	Y	Mus_musculus_tRNA-Arg-ACG-1-3
54	54	Y	Mus_musculus_tRNA-Arg-ACG-1-3
57	57	m1A	Mus_musculus_tRNA-Arg-ACG-1-3
8	8	m1G	Mus_musculus_tRNA-Arg-ACG-2-1
9	9	m2G	Mus_musculus_tRNA-Arg-ACG-2-1
15	15	D	Mus_musculus_tRNA-Arg-ACG-2-1
19	19	D	Mus_musculus_tRNA-Arg-ACG-2-1
25	25	m2,2G	Mus_musculus_tRNA-Arg-ACG-2-1
26	26	Y	Mus_musculus_tRNA-Arg-ACG-2-1
31	31	Cm	Mus_musculus_tRNA-Arg-ACG-2-1
33	33	I	Mus_musculus_tRNA-Arg-ACG-2-1
36	36	m1G	Mus_musculus_tRNA-Arg-ACG-2-1
38	38	Y	Mus_musculus_tRNA-Arg-ACG-2-1
46	46	D	Mus_musculus_tRNA-Arg-ACG-2-1
49	49	Y	Mus_musculus_tRNA-Arg-ACG-2-1
53	53	Y	Mus_musculus_tRNA-Arg-ACG-2-1
54	54	Y	Mus_musculus_tRNA-Arg-ACG-2-1
57	57	m1A	Mus_musculus_tRNA-Arg-ACG-2-1
8	8	m1G	Mus_musculus_tRNA-Arg-ACG-3-1
9	9	m2G	Mus_musculus_tRNA-Arg-ACG-3-1
15	15	D	Mus_musculus_tRNA-Arg-ACG-3-1
19	19	D	Mus_musculus_tRNA-Arg-ACG-3-1
25	25	m2,2G	Mus_musculus_tRNA-Arg-ACG-3-1
26	26	Y	Mus_musculus_tRNA-Arg-ACG-3-1
31	31	Cm	Mus_musculus_tRNA-Arg-ACG-3-1
33	33	I	Mus_musculus_tRNA-Arg-ACG-3-1
36	36	m1G	Mus_musculus_tRNA-Arg-ACG-3-1
38	38	Y	Mus_musculus_tRNA-Arg-ACG-3-1
46	46	D	Mus_musculus_tRNA-Arg-ACG-3-1
48	48	m5C	Mus_musculus_tRNA-Arg-ACG-3-1
49	49	Y	Mus_musculus_tRNA-Arg-ACG-3-1
53	53	Y	Mus_musculus_tRNA-Arg-ACG-3-1
54	54	Y	Mus_musculus_tRNA-Arg-ACG-3-1
57	57	m1A	Mus_musculus_tRNA-Arg-ACG-3-1
12	12	Y	Mus_musculus_tRNA-Val-CAC-2-1
15	15	D	Mus_musculus_tRNA-Val-CAC-2-1
18	18	D	Mus_musculus_tRNA-Val-CAC-2-1
19	19	D	Mus_musculus_tRNA-Val-CAC-2-1
25	25	m2G	Mus_musculus_tRNA-Val-CAC-2-1
26	26	Y	Mus_musculus_tRNA-Val-CAC-2-1
31	31	Cm	Mus_musculus_tRNA-Val-CAC-2-1
37	37	m5C	Mus_musculus_tRNA-Val-CAC-2-1
45	45	m7G	Mus_musculus_tRNA-Val-CAC-2-1
46	46	D	Mus_musculus_tRNA-Val-CAC-2-1
47	47	m5C	Mus_musculus_tRNA-Val-CAC-2-1
48	48	m5C	Mus_musculus_tRNA-Val-CAC-2-1
54	54	Y	Mus_musculus_tRNA-Val-CAC-2-1
57	57	m1A	Mus_musculus_tRNA-Val-CAC-2-1
12	12	Y	Mus_musculus_tRNA-Val-CAC-2-3
15	15	D	Mus_musculus_tRNA-Val-CAC-2-3
18	18	D	Mus_musculus_tRNA-Val-CAC-2-3
19	19	D	Mus_musculus_tRNA-Val-CAC-2-3
25	25	m2G	Mus_musculus_tRNA-Val-CAC-2-3
26	26	Y	Mus_musculus_tRNA-Val-CAC-2-3
31	31	Cm	Mus_musculus_tRNA-Val-CAC-2-3
37	37	m5C	Mus_musculus_tRNA-Val-CAC-2-3
45	45	m7G	Mus_musculus_tRNA-Val-CAC-2-3
46	46	D	Mus_musculus_tRNA-Val-CAC-2-3
47	47	m5C	Mus_musculus_tRNA-Val-CAC-2-3
48	48	m5C	Mus_musculus_tRNA-Val-CAC-2-3
54	54	Y	Mus_musculus_tRNA-Val-CAC-2-3
57	57	m1A	Mus_musculus_tRNA-Val-CAC-2-3
12	12	Y	Mus_musculus_tRNA-Val-CAC-2-4
15	15	D	Mus_musculus_tRNA-Val-CAC-2-4
18	18	D	Mus_musculus_tRNA-Val-CAC-2-4
19	19	D	Mus_musculus_tRNA-Val-CAC-2-4
25	25	m2G	Mus_musculus_tRNA-Val-CAC-2-4
26	26	Y	Mus_musculus_tRNA-Val-CAC-2-4
31	31	Cm	Mus_musculus_tRNA-Val-CAC-2-4
37	37	m5C	Mus_musculus_tRNA-Val-CAC-2-4
45	45	m7G	Mus_musculus_tRNA-Val-CAC-2-4
46	46	D	Mus_musculus_tRNA-Val-CAC-2-4
47	47	m5C	Mus_musculus_tRNA-Val-CAC-2-4
48	48	m5C	Mus_musculus_tRNA-Val-CAC-2-4
54	54	Y	Mus_musculus_tRNA-Val-CAC-2-4
57	57	m1A	Mus_musculus_tRNA-Val-CAC-2-4
12	12	Y	Mus_musculus_tRNA-Val-CAC-1-1
15	15	D	Mus_musculus_tRNA-Val-CAC-1-1
18	18	D	Mus_musculus_tRNA-Val-CAC-1-1
19	19	D	Mus_musculus_tRNA-Val-CAC-1-1
25	25	m2G	Mus_musculus_tRNA-Val-CAC-1-1
31	31	Cm	Mus_musculus_tRNA-Val-CAC-1-1
37	37	m5C	Mus_musculus_tRNA-Val-CAC-1-1
45	45	m7G	Mus_musculus_tRNA-Val-CAC-1-1
46	46	D	Mus_musculus_tRNA-Val-CAC-1-1
47	47	m5C	Mus_musculus_tRNA-Val-CAC-1-1
48	48	m5C	Mus_musculus_tRNA-Val-CAC-1-1
54	54	Y	Mus_musculus_tRNA-Val-CAC-1-1
57	57	m1A	Mus_musculus_tRNA-Val-CAC-1-1
12	12	Y	Mus_musculus_tRNA-Val-CAC-2-5
15	15	D	Mus_musculus_tRNA-Val-CAC-2-5
18	18	D	Mus_musculus_tRNA-Val-CAC-2-5
19	19	D	Mus_musculus_tRNA-Val-CAC-2-5
25	25	m2G	Mus_musculus_tRNA-Val-CAC-2-5
26	26	Y	Mus_musculus_tRNA-Val-CAC-2-5
31	31	Cm	Mus_musculus_tRNA-Val-CAC-2-5
37	37	m5C	Mus_musculus_tRNA-Val-CAC-2-5
45	45	m7G	Mus_musculus_tRNA-Val-CAC-2-5
46	46	D	Mus_musculus_tRNA-Val-CAC-2-5
47	47	m5C	Mus_musculus_tRNA-Val-CAC-2-5
48	48	m5C	Mus_musculus_tRNA-Val-CAC-2-5
54	54	Y	Mus_musculus_tRNA-Val-CAC-2-5
57	57	m1A	Mus_musculus_tRNA-Val-CAC-2-5
12	12	Y	Mus_musculus_tRNA-Val-CAC-2-2
15	15	D	Mus_musculus_tRNA-Val-CAC-2-2
18	18	D	Mus_musculus_tRNA-Val-CAC-2-2
19	19	D	Mus_musculus_tRNA-Val-CAC-2-2
25	25	m2G	Mus_musculus_tRNA-Val-CAC-2-2
26	26	Y	Mus_musculus_tRNA-Val-CAC-2-2
31	31	Cm	Mus_musculus_tRNA-Val-CAC-2-2
37	37	m5C	Mus_musculus_tRNA-Val-CAC-2-2
45	45	m7G	Mus_musculus_tRNA-Val-CAC-2-2
46	46	D	Mus_musculus_tRNA-Val-CAC-2-2
47	47	m5C	Mus_musculus_tRNA-Val-CAC-2-2
48	48	m5C	Mus_musculus_tRNA-Val-CAC-2-2
54	54	Y	Mus_musculus_tRNA-Val-CAC-2-2
57	57	m1A	Mus_musculus_tRNA-Val-CAC-2-2
12	12	Y	Mus_musculus_tRNA-Val-CAC-4-1
15	15	D	Mus_musculus_tRNA-Val-CAC-4-1
18	18	D	Mus_musculus_tRNA-Val-CAC-4-1
19	19	D	Mus_musculus_tRNA-Val-CAC-4-1
25	25	m2G	Mus_musculus_tRNA-Val-CAC-4-1
26	26	Y	Mus_musculus_tRNA-Val-CAC-4-1
31	31	Cm	Mus_musculus_tRNA-Val-CAC-4-1
37	37	m5C	Mus_musculus_tRNA-Val-CAC-4-1
45	45	m7G	Mus_musculus_tRNA-Val-CAC-4-1
46	46	D	Mus_musculus_tRNA-Val-CAC-4-1
47	47	m5C	Mus_musculus_tRNA-Val-CAC-4-1
48	48	m5C	Mus_musculus_tRNA-Val-CAC-4-1
54	54	Y	Mus_musculus_tRNA-Val-CAC-4-1
57	57	m1A	Mus_musculus_tRNA-Val-CAC-4-1
12	12	Y	Mus_musculus_tRNA-Val-AAC-1-2
15	15	D	Mus_musculus_tRNA-Val-AAC-1-2
18	18	D	Mus_musculus_tRNA-Val-AAC-1-2
19	19	D	Mus_musculus_tRNA-Val-AAC-1-2
25	25	m2G	Mus_musculus_tRNA-Val-AAC-1-2
26	26	Y	Mus_musculus_tRNA-Val-AAC-1-2
31	31	Cm	Mus_musculus_tRNA-Val-AAC-1-2
33	33	I	Mus_musculus_tRNA-Val-AAC-1-2
37	37	m5C	Mus_musculus_tRNA-Val-AAC-1-2
45	45	m7G	Mus_musculus_tRNA-Val-AAC-1-2
46	46	D	Mus_musculus_tRNA-Val-AAC-1-2
47	47	m5C	Mus_musculus_tRNA-Val-AAC-1-2
48	48	m5C	Mus_musculus_tRNA-Val-AAC-1-2
54	54	Y	Mus_musculus_tRNA-Val-AAC-1-2
57	57	m1A	Mus_musculus_tRNA-Val-AAC-1-2
12	12	Y	Mus_musculus_tRNA-Val-AAC-5-1
15	15	D	Mus_musculus_tRNA-Val-AAC-5-1
18	18	D	Mus_musculus_tRNA-Val-AAC-5-1
19	19	D	Mus_musculus_tRNA-Val-AAC-5-1
26	26	Y	Mus_musculus_tRNA-Val-AAC-5-1
31	31	Cm	Mus_musculus_tRNA-Val-AAC-5-1
33	33	I	Mus_musculus_tRNA-Val-AAC-5-1
37	37	m5C	Mus_musculus_tRNA-Val-AAC-5-1
45	45	m7G	Mus_musculus_tRNA-Val-AAC-5-1
46	46	D	Mus_musculus_tRNA-Val-AAC-5-1
47	47	m5C	Mus_musculus_tRNA-Val-AAC-5-1
48	48	m5C	Mus_musculus_tRNA-Val-AAC-5-1
54	54	Y	Mus_musculus_tRNA-Val-AAC-5-1
57	57	m1A	Mus_musculus_tRNA-Val-AAC-5-1
12	12	Y	Mus_musculus_tRNA-Val-AAC-2-1
15	15	D	Mus_musculus_tRNA-Val-AAC-2-1
18	18	D	Mus_musculus_tRNA-Val-AAC-2-1
25	25	m2G	Mus_musculus_tRNA-Val-AAC-2-1
31	31	Cm	Mus_musculus_tRNA-Val-AAC-2-1
33	33	I	Mus_musculus_tRNA-Val-AAC-2-1
37	37	m5C	Mus_musculus_tRNA-Val-AAC-2-1
45	45	m7G	Mus_musculus_tRNA-Val-AAC-2-1
46	46	D	Mus_musculus_tRNA-Val-AAC-2-1
47	47	m5C	Mus_musculus_tRNA-Val-AAC-2-1
48	48	m5C	Mus_musculus_tRNA-Val-AAC-2-1
54	54	Y	Mus_musculus_tRNA-Val-AAC-2-1
57	57	m1A	Mus_musculus_tRNA-Val-AAC-2-1
12	12	Y	Mus_musculus_tRNA-Val-AAC-2-2
15	15	D	Mus_musculus_tRNA-Val-AAC-2-2
18	18	D	Mus_musculus_tRNA-Val-AAC-2-2
25	25	m2G	Mus_musculus_tRNA-Val-AAC-2-2
31	31	Cm	Mus_musculus_tRNA-Val-AAC-2-2
33	33	I	Mus_musculus_tRNA-Val-AAC-2-2
37	37	m5C	Mus_musculus_tRNA-Val-AAC-2-2
45	45	m7G	Mus_musculus_tRNA-Val-AAC-2-2
46	46	D	Mus_musculus_tRNA-Val-AAC-2-2
47	47	m5C	Mus_musculus_tRNA-Val-AAC-2-2
48	48	m5C	Mus_musculus_tRNA-Val-AAC-2-2
54	54	Y	Mus_musculus_tRNA-Val-AAC-2-2
57	57	m1A	Mus_musculus_tRNA-Val-AAC-2-2
12	12	Y	Mus_musculus_tRNA-Val-AAC-1-1
15	15	D	Mus_musculus_tRNA-Val-AAC-1-1
18	18	D	Mus_musculus_tRNA-Val-AAC-1-1
19	19	D	Mus_musculus_tRNA-Val-AAC-1-1
25	25	m2G	Mus_musculus_tRNA-Val-AAC-1-1
26	26	Y	Mus_musculus_tRNA-Val-AAC-1-1
31	31	Cm	Mus_musculus_tRNA-Val-AAC-1-1
33	33	I	Mus_musculus_tRNA-Val-AAC-1-1
37	37	m5C	Mus_musculus_tRNA-Val-AAC-1-1
45	45	m7G	Mus_musculus_tRNA-Val-AAC-1-1
46	46	D	Mus_musculus_tRNA-Val-AAC-1-1
47	47	m5C	Mus_musculus_tRNA-Val-AAC-1-1
48	48	m5C	Mus_musculus_tRNA-Val-AAC-1-1
54	54	Y	Mus_musculus_tRNA-Val-AAC-1-1
57	57	m1A	Mus_musculus_tRNA-Val-AAC-1-1
