Name	input_file	simulation_n	truth	NumReads	quant_method	tally_method
Escherichia_coli_str_K_12_substr_MG1655_tRNA-eColiLys-TTT	quantMtRNAseq_Cerebellum_tRNA_1	0	0	1	mimseq	mimseq
Escherichia_coli_str_K_12_substr_MG1655_tRNA-eColiLys-TTT	quantMtRNAseq_Cerebellum_tRNA_2	0	0	0	mimseq	mimseq
Escherichia_coli_str_K_12_substr_MG1655_tRNA-eColiLys-TTT	quantMtRNAseq_Cerebellum_tRNA_3	0	0	0	mimseq	mimseq
Escherichia_coli_str_K_12_substr_MG1655_tRNA-eColiLys-TTT	quantMtRNAseq_Cortex_tRNA_1	0	0	0	mimseq	mimseq
Escherichia_coli_str_K_12_substr_MG1655_tRNA-eColiLys-TTT	quantMtRNAseq_Cortex_tRNA_2	0	0	0	mimseq	mimseq
Escherichia_coli_str_K_12_substr_MG1655_tRNA-eColiLys-TTT	quantMtRNAseq_Cortex_tRNA_3	0	0	0	mimseq	mimseq
Mus_musculus_MTtRNA-Ala-TGC	quantMtRNAseq_Cerebellum_tRNA_1	0	1961	1944	mimseq	mimseq
Mus_musculus_MTtRNA-Ala-TGC	quantMtRNAseq_Cerebellum_tRNA_2	0	1961	1938	mimseq	mimseq
Mus_musculus_MTtRNA-Ala-TGC	quantMtRNAseq_Cerebellum_tRNA_3	0	1961	1945	mimseq	mimseq
Mus_musculus_MTtRNA-Ala-TGC	quantMtRNAseq_Cortex_tRNA_1	0	1961	1931	mimseq	mimseq
Mus_musculus_MTtRNA-Ala-TGC	quantMtRNAseq_Cortex_tRNA_2	0	1961	1943	mimseq	mimseq
Mus_musculus_MTtRNA-Ala-TGC	quantMtRNAseq_Cortex_tRNA_3	0	1961	1947	mimseq	mimseq
Mus_musculus_MTtRNA-Arg-TCG	quantMtRNAseq_Cerebellum_tRNA_1	0	1961	1940	mimseq	mimseq
Mus_musculus_MTtRNA-Arg-TCG	quantMtRNAseq_Cerebellum_tRNA_2	0	1961	1939	mimseq	mimseq
Mus_musculus_MTtRNA-Arg-TCG	quantMtRNAseq_Cerebellum_tRNA_3	0	1961	1941	mimseq	mimseq
Mus_musculus_MTtRNA-Arg-TCG	quantMtRNAseq_Cortex_tRNA_1	0	1961	1912	mimseq	mimseq
Mus_musculus_MTtRNA-Arg-TCG	quantMtRNAseq_Cortex_tRNA_2	0	1961	1934	mimseq	mimseq
Mus_musculus_MTtRNA-Arg-TCG	quantMtRNAseq_Cortex_tRNA_3	0	1961	1943	mimseq	mimseq
Mus_musculus_MTtRNA-Asn-GTT	quantMtRNAseq_Cerebellum_tRNA_1	0	1961	1906	mimseq	mimseq
Mus_musculus_MTtRNA-Asn-GTT	quantMtRNAseq_Cerebellum_tRNA_2	0	1961	1938	mimseq	mimseq
Mus_musculus_MTtRNA-Asn-GTT	quantMtRNAseq_Cerebellum_tRNA_3	0	1961	1945	mimseq	mimseq
Mus_musculus_MTtRNA-Asn-GTT	quantMtRNAseq_Cortex_tRNA_1	0	1961	1896	mimseq	mimseq
Mus_musculus_MTtRNA-Asn-GTT	quantMtRNAseq_Cortex_tRNA_2	0	1961	1943	mimseq	mimseq
Mus_musculus_MTtRNA-Asn-GTT	quantMtRNAseq_Cortex_tRNA_3	0	1961	1950	mimseq	mimseq
Mus_musculus_MTtRNA-Asp-GTC	quantMtRNAseq_Cerebellum_tRNA_1	0	1961	1864	mimseq	mimseq
Mus_musculus_MTtRNA-Asp-GTC	quantMtRNAseq_Cerebellum_tRNA_2	0	1961	1913	mimseq	mimseq
Mus_musculus_MTtRNA-Asp-GTC	quantMtRNAseq_Cerebellum_tRNA_3	0	1961	1941	mimseq	mimseq
Mus_musculus_MTtRNA-Asp-GTC	quantMtRNAseq_Cortex_tRNA_1	0	1961	1906	mimseq	mimseq
Mus_musculus_MTtRNA-Asp-GTC	quantMtRNAseq_Cortex_tRNA_2	0	1961	1932	mimseq	mimseq
Mus_musculus_MTtRNA-Asp-GTC	quantMtRNAseq_Cortex_tRNA_3	0	1961	1943	mimseq	mimseq
Mus_musculus_MTtRNA-Cys-GCA	quantMtRNAseq_Cerebellum_tRNA_1	0	1961	1932	mimseq	mimseq
Mus_musculus_MTtRNA-Cys-GCA	quantMtRNAseq_Cerebellum_tRNA_2	0	1961	1940	mimseq	mimseq
Mus_musculus_MTtRNA-Cys-GCA	quantMtRNAseq_Cerebellum_tRNA_3	0	1961	1951	mimseq	mimseq
Mus_musculus_MTtRNA-Cys-GCA	quantMtRNAseq_Cortex_tRNA_1	0	1961	1933	mimseq	mimseq
Mus_musculus_MTtRNA-Cys-GCA	quantMtRNAseq_Cortex_tRNA_2	0	1961	1940	mimseq	mimseq
Mus_musculus_MTtRNA-Cys-GCA	quantMtRNAseq_Cortex_tRNA_3	0	1961	1940	mimseq	mimseq
Mus_musculus_MTtRNA-Gln-TTG	quantMtRNAseq_Cerebellum_tRNA_1	0	1961	1942	mimseq	mimseq
Mus_musculus_MTtRNA-Gln-TTG	quantMtRNAseq_Cerebellum_tRNA_2	0	1961	1934	mimseq	mimseq
Mus_musculus_MTtRNA-Gln-TTG	quantMtRNAseq_Cerebellum_tRNA_3	0	1961	1953	mimseq	mimseq
Mus_musculus_MTtRNA-Gln-TTG	quantMtRNAseq_Cortex_tRNA_1	0	1961	1912	mimseq	mimseq
Mus_musculus_MTtRNA-Gln-TTG	quantMtRNAseq_Cortex_tRNA_2	0	1961	1937	mimseq	mimseq
Mus_musculus_MTtRNA-Gln-TTG	quantMtRNAseq_Cortex_tRNA_3	0	1961	1950	mimseq	mimseq
Mus_musculus_MTtRNA-Glu-TTC	quantMtRNAseq_Cerebellum_tRNA_1	0	1961	1940	mimseq	mimseq
Mus_musculus_MTtRNA-Glu-TTC	quantMtRNAseq_Cerebellum_tRNA_2	0	1961	1943	mimseq	mimseq
Mus_musculus_MTtRNA-Glu-TTC	quantMtRNAseq_Cerebellum_tRNA_3	0	1961	1946	mimseq	mimseq
Mus_musculus_MTtRNA-Glu-TTC	quantMtRNAseq_Cortex_tRNA_1	0	1961	1937	mimseq	mimseq
Mus_musculus_MTtRNA-Glu-TTC	quantMtRNAseq_Cortex_tRNA_2	0	1961	1939	mimseq	mimseq
Mus_musculus_MTtRNA-Glu-TTC	quantMtRNAseq_Cortex_tRNA_3	0	1961	1937	mimseq	mimseq
Mus_musculus_MTtRNA-Gly-TCC	quantMtRNAseq_Cerebellum_tRNA_1	0	1961	1931	mimseq	mimseq
Mus_musculus_MTtRNA-Gly-TCC	quantMtRNAseq_Cerebellum_tRNA_2	0	1961	1939	mimseq	mimseq
Mus_musculus_MTtRNA-Gly-TCC	quantMtRNAseq_Cerebellum_tRNA_3	0	1961	1945	mimseq	mimseq
Mus_musculus_MTtRNA-Gly-TCC	quantMtRNAseq_Cortex_tRNA_1	0	1961	1932	mimseq	mimseq
Mus_musculus_MTtRNA-Gly-TCC	quantMtRNAseq_Cortex_tRNA_2	0	1961	1945	mimseq	mimseq
Mus_musculus_MTtRNA-Gly-TCC	quantMtRNAseq_Cortex_tRNA_3	0	1961	1943	mimseq	mimseq
Mus_musculus_MTtRNA-His-GTG	quantMtRNAseq_Cerebellum_tRNA_1	0	1961	1916	mimseq	mimseq
Mus_musculus_MTtRNA-His-GTG	quantMtRNAseq_Cerebellum_tRNA_2	0	1961	1932	mimseq	mimseq
Mus_musculus_MTtRNA-His-GTG	quantMtRNAseq_Cerebellum_tRNA_3	0	1961	1938	mimseq	mimseq
Mus_musculus_MTtRNA-His-GTG	quantMtRNAseq_Cortex_tRNA_1	0	1961	1912	mimseq	mimseq
Mus_musculus_MTtRNA-His-GTG	quantMtRNAseq_Cortex_tRNA_2	0	1961	1935	mimseq	mimseq
Mus_musculus_MTtRNA-His-GTG	quantMtRNAseq_Cortex_tRNA_3	0	1961	1940	mimseq	mimseq
Mus_musculus_MTtRNA-Ile-GAT	quantMtRNAseq_Cerebellum_tRNA_1	0	1961	1897	mimseq	mimseq
Mus_musculus_MTtRNA-Ile-GAT	quantMtRNAseq_Cerebellum_tRNA_2	0	1961	1931	mimseq	mimseq
Mus_musculus_MTtRNA-Ile-GAT	quantMtRNAseq_Cerebellum_tRNA_3	0	1961	1930	mimseq	mimseq
Mus_musculus_MTtRNA-Ile-GAT	quantMtRNAseq_Cortex_tRNA_1	0	1961	1917	mimseq	mimseq
Mus_musculus_MTtRNA-Ile-GAT	quantMtRNAseq_Cortex_tRNA_2	0	1961	1936	mimseq	mimseq
Mus_musculus_MTtRNA-Ile-GAT	quantMtRNAseq_Cortex_tRNA_3	0	1961	1938	mimseq	mimseq
Mus_musculus_MTtRNA-Leu-TAA	quantMtRNAseq_Cerebellum_tRNA_1	0	1961	1945	mimseq	mimseq
Mus_musculus_MTtRNA-Leu-TAA	quantMtRNAseq_Cerebellum_tRNA_2	0	1961	1941	mimseq	mimseq
Mus_musculus_MTtRNA-Leu-TAA	quantMtRNAseq_Cerebellum_tRNA_3	0	1961	1946	mimseq	mimseq
Mus_musculus_MTtRNA-Leu-TAA	quantMtRNAseq_Cortex_tRNA_1	0	1961	1947	mimseq	mimseq
Mus_musculus_MTtRNA-Leu-TAA	quantMtRNAseq_Cortex_tRNA_2	0	1961	1942	mimseq	mimseq
Mus_musculus_MTtRNA-Leu-TAA	quantMtRNAseq_Cortex_tRNA_3	0	1961	1952	mimseq	mimseq
Mus_musculus_MTtRNA-Leu-TAG	quantMtRNAseq_Cerebellum_tRNA_1	0	1961	1949	mimseq	mimseq
Mus_musculus_MTtRNA-Leu-TAG	quantMtRNAseq_Cerebellum_tRNA_2	0	1961	1940	mimseq	mimseq
Mus_musculus_MTtRNA-Leu-TAG	quantMtRNAseq_Cerebellum_tRNA_3	0	1961	1954	mimseq	mimseq
Mus_musculus_MTtRNA-Leu-TAG	quantMtRNAseq_Cortex_tRNA_1	0	1961	1937	mimseq	mimseq
Mus_musculus_MTtRNA-Leu-TAG	quantMtRNAseq_Cortex_tRNA_2	0	1961	1947	mimseq	mimseq
Mus_musculus_MTtRNA-Leu-TAG	quantMtRNAseq_Cortex_tRNA_3	0	1961	1952	mimseq	mimseq
Mus_musculus_MTtRNA-Lys-TTT	quantMtRNAseq_Cerebellum_tRNA_1	0	1961	1932	mimseq	mimseq
Mus_musculus_MTtRNA-Lys-TTT	quantMtRNAseq_Cerebellum_tRNA_2	0	1961	1929	mimseq	mimseq
Mus_musculus_MTtRNA-Lys-TTT	quantMtRNAseq_Cerebellum_tRNA_3	0	1961	1936	mimseq	mimseq
Mus_musculus_MTtRNA-Lys-TTT	quantMtRNAseq_Cortex_tRNA_1	0	1961	1915	mimseq	mimseq
Mus_musculus_MTtRNA-Lys-TTT	quantMtRNAseq_Cortex_tRNA_2	0	1961	1946	mimseq	mimseq
Mus_musculus_MTtRNA-Lys-TTT	quantMtRNAseq_Cortex_tRNA_3	0	1961	1944	mimseq	mimseq
Mus_musculus_MTtRNA-Met-CAT	quantMtRNAseq_Cerebellum_tRNA_1	0	1961	1919	mimseq	mimseq
Mus_musculus_MTtRNA-Met-CAT	quantMtRNAseq_Cerebellum_tRNA_2	0	1961	1940	mimseq	mimseq
Mus_musculus_MTtRNA-Met-CAT	quantMtRNAseq_Cerebellum_tRNA_3	0	1961	1937	mimseq	mimseq
Mus_musculus_MTtRNA-Met-CAT	quantMtRNAseq_Cortex_tRNA_1	0	1961	1917	mimseq	mimseq
Mus_musculus_MTtRNA-Met-CAT	quantMtRNAseq_Cortex_tRNA_2	0	1961	1934	mimseq	mimseq
Mus_musculus_MTtRNA-Met-CAT	quantMtRNAseq_Cortex_tRNA_3	0	1961	1948	mimseq	mimseq
Mus_musculus_MTtRNA-Phe-GAA	quantMtRNAseq_Cerebellum_tRNA_1	0	1961	1929	mimseq	mimseq
Mus_musculus_MTtRNA-Phe-GAA	quantMtRNAseq_Cerebellum_tRNA_2	0	1961	1911	mimseq	mimseq
Mus_musculus_MTtRNA-Phe-GAA	quantMtRNAseq_Cerebellum_tRNA_3	0	1961	1940	mimseq	mimseq
Mus_musculus_MTtRNA-Phe-GAA	quantMtRNAseq_Cortex_tRNA_1	0	1961	1929	mimseq	mimseq
Mus_musculus_MTtRNA-Phe-GAA	quantMtRNAseq_Cortex_tRNA_2	0	1961	1916	mimseq	mimseq
Mus_musculus_MTtRNA-Phe-GAA	quantMtRNAseq_Cortex_tRNA_3	0	1961	1907	mimseq	mimseq
Mus_musculus_MTtRNA-Pro-TGG	quantMtRNAseq_Cerebellum_tRNA_1	0	1961	1936	mimseq	mimseq
Mus_musculus_MTtRNA-Pro-TGG	quantMtRNAseq_Cerebellum_tRNA_2	0	1961	1938	mimseq	mimseq
Mus_musculus_MTtRNA-Pro-TGG	quantMtRNAseq_Cerebellum_tRNA_3	0	1961	1946	mimseq	mimseq
Mus_musculus_MTtRNA-Pro-TGG	quantMtRNAseq_Cortex_tRNA_1	0	1961	1924	mimseq	mimseq
Mus_musculus_MTtRNA-Pro-TGG	quantMtRNAseq_Cortex_tRNA_2	0	1961	1946	mimseq	mimseq
Mus_musculus_MTtRNA-Pro-TGG	quantMtRNAseq_Cortex_tRNA_3	0	1961	1941	mimseq	mimseq
Mus_musculus_MTtRNA-Ser-GCT	quantMtRNAseq_Cerebellum_tRNA_1	0	1961	1919	mimseq	mimseq
Mus_musculus_MTtRNA-Ser-GCT	quantMtRNAseq_Cerebellum_tRNA_2	0	1961	1933	mimseq	mimseq
Mus_musculus_MTtRNA-Ser-GCT	quantMtRNAseq_Cerebellum_tRNA_3	0	1961	1935	mimseq	mimseq
Mus_musculus_MTtRNA-Ser-GCT	quantMtRNAseq_Cortex_tRNA_1	0	1961	1911	mimseq	mimseq
Mus_musculus_MTtRNA-Ser-GCT	quantMtRNAseq_Cortex_tRNA_2	0	1961	1945	mimseq	mimseq
Mus_musculus_MTtRNA-Ser-GCT	quantMtRNAseq_Cortex_tRNA_3	0	1961	1942	mimseq	mimseq
Mus_musculus_MTtRNA-Ser-TGA	quantMtRNAseq_Cerebellum_tRNA_1	0	1961	1936	mimseq	mimseq
Mus_musculus_MTtRNA-Ser-TGA	quantMtRNAseq_Cerebellum_tRNA_2	0	1961	1942	mimseq	mimseq
Mus_musculus_MTtRNA-Ser-TGA	quantMtRNAseq_Cerebellum_tRNA_3	0	1961	1923	mimseq	mimseq
Mus_musculus_MTtRNA-Ser-TGA	quantMtRNAseq_Cortex_tRNA_1	0	1961	1932	mimseq	mimseq
Mus_musculus_MTtRNA-Ser-TGA	quantMtRNAseq_Cortex_tRNA_2	0	1961	1943	mimseq	mimseq
Mus_musculus_MTtRNA-Ser-TGA	quantMtRNAseq_Cortex_tRNA_3	0	1961	1929	mimseq	mimseq
Mus_musculus_MTtRNA-Thr-TGT	quantMtRNAseq_Cerebellum_tRNA_1	0	1961	1942	mimseq	mimseq
Mus_musculus_MTtRNA-Thr-TGT	quantMtRNAseq_Cerebellum_tRNA_2	0	1961	1938	mimseq	mimseq
Mus_musculus_MTtRNA-Thr-TGT	quantMtRNAseq_Cerebellum_tRNA_3	0	1961	1939	mimseq	mimseq
Mus_musculus_MTtRNA-Thr-TGT	quantMtRNAseq_Cortex_tRNA_1	0	1961	1933	mimseq	mimseq
Mus_musculus_MTtRNA-Thr-TGT	quantMtRNAseq_Cortex_tRNA_2	0	1961	1930	mimseq	mimseq
Mus_musculus_MTtRNA-Thr-TGT	quantMtRNAseq_Cortex_tRNA_3	0	1961	1934	mimseq	mimseq
Mus_musculus_MTtRNA-Trp-TCA	quantMtRNAseq_Cerebellum_tRNA_1	0	1961	1908	mimseq	mimseq
Mus_musculus_MTtRNA-Trp-TCA	quantMtRNAseq_Cerebellum_tRNA_2	0	1961	1928	mimseq	mimseq
Mus_musculus_MTtRNA-Trp-TCA	quantMtRNAseq_Cerebellum_tRNA_3	0	1961	1923	mimseq	mimseq
Mus_musculus_MTtRNA-Trp-TCA	quantMtRNAseq_Cortex_tRNA_1	0	1961	1901	mimseq	mimseq
Mus_musculus_MTtRNA-Trp-TCA	quantMtRNAseq_Cortex_tRNA_2	0	1961	1924	mimseq	mimseq
Mus_musculus_MTtRNA-Trp-TCA	quantMtRNAseq_Cortex_tRNA_3	0	1961	1917	mimseq	mimseq
Mus_musculus_MTtRNA-Tyr-GTA	quantMtRNAseq_Cerebellum_tRNA_1	0	1961	1918	mimseq	mimseq
Mus_musculus_MTtRNA-Tyr-GTA	quantMtRNAseq_Cerebellum_tRNA_2	0	1961	1930	mimseq	mimseq
Mus_musculus_MTtRNA-Tyr-GTA	quantMtRNAseq_Cerebellum_tRNA_3	0	1961	1928	mimseq	mimseq
Mus_musculus_MTtRNA-Tyr-GTA	quantMtRNAseq_Cortex_tRNA_1	0	1961	1908	mimseq	mimseq
Mus_musculus_MTtRNA-Tyr-GTA	quantMtRNAseq_Cortex_tRNA_2	0	1961	1926	mimseq	mimseq
Mus_musculus_MTtRNA-Tyr-GTA	quantMtRNAseq_Cortex_tRNA_3	0	1961	1930	mimseq	mimseq
Mus_musculus_MTtRNA-Val-TAC	quantMtRNAseq_Cerebellum_tRNA_1	0	1961	1921	mimseq	mimseq
Mus_musculus_MTtRNA-Val-TAC	quantMtRNAseq_Cerebellum_tRNA_2	0	1961	1931	mimseq	mimseq
Mus_musculus_MTtRNA-Val-TAC	quantMtRNAseq_Cerebellum_tRNA_3	0	1961	1941	mimseq	mimseq
Mus_musculus_MTtRNA-Val-TAC	quantMtRNAseq_Cortex_tRNA_1	0	1961	1930	mimseq	mimseq
Mus_musculus_MTtRNA-Val-TAC	quantMtRNAseq_Cortex_tRNA_2	0	1961	1936	mimseq	mimseq
Mus_musculus_MTtRNA-Val-TAC	quantMtRNAseq_Cortex_tRNA_3	0	1961	1935	mimseq	mimseq
Mus_musculus_tRNA-Ala-AGC	quantMtRNAseq_Cerebellum_tRNA_1	0	39220	24111	mimseq	mimseq
Mus_musculus_tRNA-Ala-AGC	quantMtRNAseq_Cerebellum_tRNA_2	0	39220	22808	mimseq	mimseq
Mus_musculus_tRNA-Ala-AGC	quantMtRNAseq_Cerebellum_tRNA_3	0	39220	23125	mimseq	mimseq
Mus_musculus_tRNA-Ala-AGC	quantMtRNAseq_Cortex_tRNA_1	0	39220	22352	mimseq	mimseq
Mus_musculus_tRNA-Ala-AGC	quantMtRNAseq_Cortex_tRNA_2	0	39220	22287	mimseq	mimseq
Mus_musculus_tRNA-Ala-AGC	quantMtRNAseq_Cortex_tRNA_3	0	39220	22340	mimseq	mimseq
Mus_musculus_tRNA-Ala-CGC	quantMtRNAseq_Cerebellum_tRNA_1	0	15688	5941	mimseq	mimseq
Mus_musculus_tRNA-Ala-CGC	quantMtRNAseq_Cerebellum_tRNA_2	0	15688	5716	mimseq	mimseq
Mus_musculus_tRNA-Ala-CGC	quantMtRNAseq_Cerebellum_tRNA_3	0	15688	6304	mimseq	mimseq
Mus_musculus_tRNA-Ala-CGC	quantMtRNAseq_Cortex_tRNA_1	0	15688	6049	mimseq	mimseq
Mus_musculus_tRNA-Ala-CGC	quantMtRNAseq_Cortex_tRNA_2	0	15688	6235	mimseq	mimseq
Mus_musculus_tRNA-Ala-CGC	quantMtRNAseq_Cortex_tRNA_3	0	15688	5855	mimseq	mimseq
Mus_musculus_tRNA-Ala-GGC	quantMtRNAseq_Cerebellum_tRNA_1	0	3922	2056	mimseq	mimseq
Mus_musculus_tRNA-Ala-GGC	quantMtRNAseq_Cerebellum_tRNA_2	0	3922	2013	mimseq	mimseq
Mus_musculus_tRNA-Ala-GGC	quantMtRNAseq_Cerebellum_tRNA_3	0	3922	1934	mimseq	mimseq
Mus_musculus_tRNA-Ala-GGC	quantMtRNAseq_Cortex_tRNA_1	0	3922	1057	mimseq	mimseq
Mus_musculus_tRNA-Ala-GGC	quantMtRNAseq_Cortex_tRNA_2	0	3922	2249	mimseq	mimseq
Mus_musculus_tRNA-Ala-GGC	quantMtRNAseq_Cortex_tRNA_3	0	3922	2265	mimseq	mimseq
Mus_musculus_tRNA-Ala-TGC	quantMtRNAseq_Cerebellum_tRNA_1	0	21571	11254	mimseq	mimseq
Mus_musculus_tRNA-Ala-TGC	quantMtRNAseq_Cerebellum_tRNA_2	0	21571	10893	mimseq	mimseq
Mus_musculus_tRNA-Ala-TGC	quantMtRNAseq_Cerebellum_tRNA_3	0	21571	13036	mimseq	mimseq
Mus_musculus_tRNA-Ala-TGC	quantMtRNAseq_Cortex_tRNA_1	0	21571	11343	mimseq	mimseq
Mus_musculus_tRNA-Ala-TGC	quantMtRNAseq_Cortex_tRNA_2	0	21571	11951	mimseq	mimseq
Mus_musculus_tRNA-Ala-TGC	quantMtRNAseq_Cortex_tRNA_3	0	21571	12618	mimseq	mimseq
Mus_musculus_tRNA-Arg-ACG	quantMtRNAseq_Cerebellum_tRNA_1	0	11766	9637	mimseq	mimseq
Mus_musculus_tRNA-Arg-ACG	quantMtRNAseq_Cerebellum_tRNA_2	0	11766	9479	mimseq	mimseq
Mus_musculus_tRNA-Arg-ACG	quantMtRNAseq_Cerebellum_tRNA_3	0	11766	10554	mimseq	mimseq
Mus_musculus_tRNA-Arg-ACG	quantMtRNAseq_Cortex_tRNA_1	0	11766	7984	mimseq	mimseq
Mus_musculus_tRNA-Arg-ACG	quantMtRNAseq_Cortex_tRNA_2	0	11766	9219	mimseq	mimseq
Mus_musculus_tRNA-Arg-ACG	quantMtRNAseq_Cortex_tRNA_3	0	11766	10501	mimseq	mimseq
Mus_musculus_tRNA-Arg-CCG	quantMtRNAseq_Cerebellum_tRNA_1	0	5883	5332	mimseq	mimseq
Mus_musculus_tRNA-Arg-CCG	quantMtRNAseq_Cerebellum_tRNA_2	0	5883	5210	mimseq	mimseq
Mus_musculus_tRNA-Arg-CCG	quantMtRNAseq_Cerebellum_tRNA_3	0	5883	5340	mimseq	mimseq
Mus_musculus_tRNA-Arg-CCG	quantMtRNAseq_Cortex_tRNA_1	0	5883	4373	mimseq	mimseq
Mus_musculus_tRNA-Arg-CCG	quantMtRNAseq_Cortex_tRNA_2	0	5883	5407	mimseq	mimseq
Mus_musculus_tRNA-Arg-CCG	quantMtRNAseq_Cortex_tRNA_3	0	5883	5334	mimseq	mimseq
Mus_musculus_tRNA-Arg-CCT	quantMtRNAseq_Cerebellum_tRNA_1	0	9805	9592	mimseq	mimseq
Mus_musculus_tRNA-Arg-CCT	quantMtRNAseq_Cerebellum_tRNA_2	0	9805	9582	mimseq	mimseq
Mus_musculus_tRNA-Arg-CCT	quantMtRNAseq_Cerebellum_tRNA_3	0	9805	9690	mimseq	mimseq
Mus_musculus_tRNA-Arg-CCT	quantMtRNAseq_Cortex_tRNA_1	0	9805	9515	mimseq	mimseq
Mus_musculus_tRNA-Arg-CCT	quantMtRNAseq_Cortex_tRNA_2	0	9805	9634	mimseq	mimseq
Mus_musculus_tRNA-Arg-CCT	quantMtRNAseq_Cortex_tRNA_3	0	9805	9663	mimseq	mimseq
Mus_musculus_tRNA-Arg-TCG	quantMtRNAseq_Cerebellum_tRNA_1	0	9805	7321	mimseq	mimseq
Mus_musculus_tRNA-Arg-TCG	quantMtRNAseq_Cerebellum_tRNA_2	0	9805	6888	mimseq	mimseq
Mus_musculus_tRNA-Arg-TCG	quantMtRNAseq_Cerebellum_tRNA_3	0	9805	7890	mimseq	mimseq
Mus_musculus_tRNA-Arg-TCG	quantMtRNAseq_Cortex_tRNA_1	0	9805	5091	mimseq	mimseq
Mus_musculus_tRNA-Arg-TCG	quantMtRNAseq_Cortex_tRNA_2	0	9805	7013	mimseq	mimseq
Mus_musculus_tRNA-Arg-TCG	quantMtRNAseq_Cortex_tRNA_3	0	9805	7499	mimseq	mimseq
Mus_musculus_tRNA-Arg-TCT	quantMtRNAseq_Cerebellum_tRNA_1	0	13727	6321	mimseq	mimseq
Mus_musculus_tRNA-Arg-TCT	quantMtRNAseq_Cerebellum_tRNA_2	0	13727	7000	mimseq	mimseq
Mus_musculus_tRNA-Arg-TCT	quantMtRNAseq_Cerebellum_tRNA_3	0	13727	5253	mimseq	mimseq
Mus_musculus_tRNA-Arg-TCT	quantMtRNAseq_Cortex_tRNA_1	0	13727	5873	mimseq	mimseq
Mus_musculus_tRNA-Arg-TCT	quantMtRNAseq_Cortex_tRNA_2	0	13727	5851	mimseq	mimseq
Mus_musculus_tRNA-Arg-TCT	quantMtRNAseq_Cortex_tRNA_3	0	13727	5598	mimseq	mimseq
Mus_musculus_tRNA-Asn-ATT	quantMtRNAseq_Cerebellum_tRNA_1	0	1961	0	mimseq	mimseq
Mus_musculus_tRNA-Asn-ATT	quantMtRNAseq_Cerebellum_tRNA_2	0	1961	526	mimseq	mimseq
Mus_musculus_tRNA-Asn-ATT	quantMtRNAseq_Cerebellum_tRNA_3	0	1961	822	mimseq	mimseq
Mus_musculus_tRNA-Asn-ATT	quantMtRNAseq_Cortex_tRNA_1	0	1961	1951	mimseq	mimseq
Mus_musculus_tRNA-Asn-ATT	quantMtRNAseq_Cortex_tRNA_2	0	1961	850	mimseq	mimseq
Mus_musculus_tRNA-Asn-ATT	quantMtRNAseq_Cortex_tRNA_3	0	1961	1200	mimseq	mimseq
Mus_musculus_tRNA-Asn-GTT	quantMtRNAseq_Cerebellum_tRNA_1	0	35298	29965	mimseq	mimseq
Mus_musculus_tRNA-Asn-GTT	quantMtRNAseq_Cerebellum_tRNA_2	0	35298	29286	mimseq	mimseq
Mus_musculus_tRNA-Asn-GTT	quantMtRNAseq_Cerebellum_tRNA_3	0	35298	31013	mimseq	mimseq
Mus_musculus_tRNA-Asn-GTT	quantMtRNAseq_Cortex_tRNA_1	0	35298	20462	mimseq	mimseq
Mus_musculus_tRNA-Asn-GTT	quantMtRNAseq_Cortex_tRNA_2	0	35298	29580	mimseq	mimseq
Mus_musculus_tRNA-Asn-GTT	quantMtRNAseq_Cortex_tRNA_3	0	35298	30877	mimseq	mimseq
Mus_musculus_tRNA-Asp-ATC	quantMtRNAseq_Cerebellum_tRNA_1	0	1961	0	mimseq	mimseq
Mus_musculus_tRNA-Asp-ATC	quantMtRNAseq_Cerebellum_tRNA_2	0	1961	260	mimseq	mimseq
Mus_musculus_tRNA-Asp-ATC	quantMtRNAseq_Cerebellum_tRNA_3	0	1961	504	mimseq	mimseq
Mus_musculus_tRNA-Asp-ATC	quantMtRNAseq_Cortex_tRNA_1	0	1961	562	mimseq	mimseq
Mus_musculus_tRNA-Asp-ATC	quantMtRNAseq_Cortex_tRNA_2	0	1961	0	mimseq	mimseq
Mus_musculus_tRNA-Asp-ATC	quantMtRNAseq_Cortex_tRNA_3	0	1961	0	mimseq	mimseq
Mus_musculus_tRNA-Asp-GTC	quantMtRNAseq_Cerebellum_tRNA_1	0	31376	31036	mimseq	mimseq
Mus_musculus_tRNA-Asp-GTC	quantMtRNAseq_Cerebellum_tRNA_2	0	31376	30942	mimseq	mimseq
Mus_musculus_tRNA-Asp-GTC	quantMtRNAseq_Cerebellum_tRNA_3	0	31376	31133	mimseq	mimseq
Mus_musculus_tRNA-Asp-GTC	quantMtRNAseq_Cortex_tRNA_1	0	31376	31036	mimseq	mimseq
Mus_musculus_tRNA-Asp-GTC	quantMtRNAseq_Cortex_tRNA_2	0	31376	31052	mimseq	mimseq
Mus_musculus_tRNA-Asp-GTC	quantMtRNAseq_Cortex_tRNA_3	0	31376	31133	mimseq	mimseq
Mus_musculus_tRNA-Cys-ACA	quantMtRNAseq_Cerebellum_tRNA_1	0	0	0	mimseq	mimseq
Mus_musculus_tRNA-Cys-ACA	quantMtRNAseq_Cerebellum_tRNA_2	0	0	0	mimseq	mimseq
Mus_musculus_tRNA-Cys-ACA	quantMtRNAseq_Cerebellum_tRNA_3	0	0	0	mimseq	mimseq
Mus_musculus_tRNA-Cys-ACA	quantMtRNAseq_Cortex_tRNA_1	0	0	2	mimseq	mimseq
Mus_musculus_tRNA-Cys-ACA	quantMtRNAseq_Cortex_tRNA_2	0	0	0	mimseq	mimseq
Mus_musculus_tRNA-Cys-ACA	quantMtRNAseq_Cortex_tRNA_3	0	0	1	mimseq	mimseq
Mus_musculus_tRNA-Cys-GCA	quantMtRNAseq_Cerebellum_tRNA_1	0	113738	15466	mimseq	mimseq
Mus_musculus_tRNA-Cys-GCA	quantMtRNAseq_Cerebellum_tRNA_2	0	113738	13405	mimseq	mimseq
Mus_musculus_tRNA-Cys-GCA	quantMtRNAseq_Cerebellum_tRNA_3	0	113738	15026	mimseq	mimseq
Mus_musculus_tRNA-Cys-GCA	quantMtRNAseq_Cortex_tRNA_1	0	113738	8781	mimseq	mimseq
Mus_musculus_tRNA-Cys-GCA	quantMtRNAseq_Cortex_tRNA_2	0	113738	14782	mimseq	mimseq
Mus_musculus_tRNA-Cys-GCA	quantMtRNAseq_Cortex_tRNA_3	0	113738	13969	mimseq	mimseq
Mus_musculus_tRNA-Gln-CTG	quantMtRNAseq_Cerebellum_tRNA_1	0	25493	8664	mimseq	mimseq
Mus_musculus_tRNA-Gln-CTG	quantMtRNAseq_Cerebellum_tRNA_2	0	25493	7982	mimseq	mimseq
Mus_musculus_tRNA-Gln-CTG	quantMtRNAseq_Cerebellum_tRNA_3	0	25493	9441	mimseq	mimseq
Mus_musculus_tRNA-Gln-CTG	quantMtRNAseq_Cortex_tRNA_1	0	25493	6076	mimseq	mimseq
Mus_musculus_tRNA-Gln-CTG	quantMtRNAseq_Cortex_tRNA_2	0	25493	9256	mimseq	mimseq
Mus_musculus_tRNA-Gln-CTG	quantMtRNAseq_Cortex_tRNA_3	0	25493	8868	mimseq	mimseq
Mus_musculus_tRNA-Gln-TTG	quantMtRNAseq_Cerebellum_tRNA_1	0	11766	4721	mimseq	mimseq
Mus_musculus_tRNA-Gln-TTG	quantMtRNAseq_Cerebellum_tRNA_2	0	11766	3974	mimseq	mimseq
Mus_musculus_tRNA-Gln-TTG	quantMtRNAseq_Cerebellum_tRNA_3	0	11766	5053	mimseq	mimseq
Mus_musculus_tRNA-Gln-TTG	quantMtRNAseq_Cortex_tRNA_1	0	11766	2720	mimseq	mimseq
Mus_musculus_tRNA-Gln-TTG	quantMtRNAseq_Cortex_tRNA_2	0	11766	3849	mimseq	mimseq
Mus_musculus_tRNA-Gln-TTG	quantMtRNAseq_Cortex_tRNA_3	0	11766	4285	mimseq	mimseq
Mus_musculus_tRNA-Glu-CTC	quantMtRNAseq_Cerebellum_tRNA_1	0	23532	18118	mimseq	mimseq
Mus_musculus_tRNA-Glu-CTC	quantMtRNAseq_Cerebellum_tRNA_2	0	23532	17743	mimseq	mimseq
Mus_musculus_tRNA-Glu-CTC	quantMtRNAseq_Cerebellum_tRNA_3	0	23532	19824	mimseq	mimseq
Mus_musculus_tRNA-Glu-CTC	quantMtRNAseq_Cortex_tRNA_1	0	23532	16460	mimseq	mimseq
Mus_musculus_tRNA-Glu-CTC	quantMtRNAseq_Cortex_tRNA_2	0	23532	19264	mimseq	mimseq
Mus_musculus_tRNA-Glu-CTC	quantMtRNAseq_Cortex_tRNA_3	0	23532	19611	mimseq	mimseq
Mus_musculus_tRNA-Glu-TTC	quantMtRNAseq_Cerebellum_tRNA_1	0	17649	15465	mimseq	mimseq
Mus_musculus_tRNA-Glu-TTC	quantMtRNAseq_Cerebellum_tRNA_2	0	17649	15317	mimseq	mimseq
Mus_musculus_tRNA-Glu-TTC	quantMtRNAseq_Cerebellum_tRNA_3	0	17649	15437	mimseq	mimseq
Mus_musculus_tRNA-Glu-TTC	quantMtRNAseq_Cortex_tRNA_1	0	17649	14451	mimseq	mimseq
Mus_musculus_tRNA-Glu-TTC	quantMtRNAseq_Cortex_tRNA_2	0	17649	15211	mimseq	mimseq
Mus_musculus_tRNA-Glu-TTC	quantMtRNAseq_Cortex_tRNA_3	0	17649	15514	mimseq	mimseq
Mus_musculus_tRNA-Gly-ACC	quantMtRNAseq_Cerebellum_tRNA_1	0	1961	10	mimseq	mimseq
Mus_musculus_tRNA-Gly-ACC	quantMtRNAseq_Cerebellum_tRNA_2	0	1961	21	mimseq	mimseq
Mus_musculus_tRNA-Gly-ACC	quantMtRNAseq_Cerebellum_tRNA_3	0	1961	15	mimseq	mimseq
Mus_musculus_tRNA-Gly-ACC	quantMtRNAseq_Cortex_tRNA_1	0	1961	6	mimseq	mimseq
Mus_musculus_tRNA-Gly-ACC	quantMtRNAseq_Cortex_tRNA_2	0	1961	13	mimseq	mimseq
Mus_musculus_tRNA-Gly-ACC	quantMtRNAseq_Cortex_tRNA_3	0	1961	20	mimseq	mimseq
Mus_musculus_tRNA-Gly-CCC	quantMtRNAseq_Cerebellum_tRNA_1	0	13727	13347	mimseq	mimseq
Mus_musculus_tRNA-Gly-CCC	quantMtRNAseq_Cerebellum_tRNA_2	0	13727	13189	mimseq	mimseq
Mus_musculus_tRNA-Gly-CCC	quantMtRNAseq_Cerebellum_tRNA_3	0	13727	13471	mimseq	mimseq
Mus_musculus_tRNA-Gly-CCC	quantMtRNAseq_Cortex_tRNA_1	0	13727	12773	mimseq	mimseq
Mus_musculus_tRNA-Gly-CCC	quantMtRNAseq_Cortex_tRNA_2	0	13727	13437	mimseq	mimseq
Mus_musculus_tRNA-Gly-CCC	quantMtRNAseq_Cortex_tRNA_3	0	13727	13451	mimseq	mimseq
Mus_musculus_tRNA-Gly-GCC	quantMtRNAseq_Cerebellum_tRNA_1	0	31376	28552	mimseq	mimseq
Mus_musculus_tRNA-Gly-GCC	quantMtRNAseq_Cerebellum_tRNA_2	0	31376	28357	mimseq	mimseq
Mus_musculus_tRNA-Gly-GCC	quantMtRNAseq_Cerebellum_tRNA_3	0	31376	28748	mimseq	mimseq
Mus_musculus_tRNA-Gly-GCC	quantMtRNAseq_Cortex_tRNA_1	0	31376	26598	mimseq	mimseq
Mus_musculus_tRNA-Gly-GCC	quantMtRNAseq_Cortex_tRNA_2	0	31376	28574	mimseq	mimseq
Mus_musculus_tRNA-Gly-GCC	quantMtRNAseq_Cortex_tRNA_3	0	31376	28647	mimseq	mimseq
Mus_musculus_tRNA-Gly-TCC	quantMtRNAseq_Cerebellum_tRNA_1	0	19610	15864	mimseq	mimseq
Mus_musculus_tRNA-Gly-TCC	quantMtRNAseq_Cerebellum_tRNA_2	0	19610	15878	mimseq	mimseq
Mus_musculus_tRNA-Gly-TCC	quantMtRNAseq_Cerebellum_tRNA_3	0	19610	15682	mimseq	mimseq
Mus_musculus_tRNA-Gly-TCC	quantMtRNAseq_Cortex_tRNA_1	0	19610	14464	mimseq	mimseq
Mus_musculus_tRNA-Gly-TCC	quantMtRNAseq_Cortex_tRNA_2	0	19610	15392	mimseq	mimseq
Mus_musculus_tRNA-Gly-TCC	quantMtRNAseq_Cortex_tRNA_3	0	19610	15644	mimseq	mimseq
Mus_musculus_tRNA-His-ATG	quantMtRNAseq_Cerebellum_tRNA_1	0	1961	1399	mimseq	mimseq
Mus_musculus_tRNA-His-ATG	quantMtRNAseq_Cerebellum_tRNA_2	0	1961	1421	mimseq	mimseq
Mus_musculus_tRNA-His-ATG	quantMtRNAseq_Cerebellum_tRNA_3	0	1961	1291	mimseq	mimseq
Mus_musculus_tRNA-His-ATG	quantMtRNAseq_Cortex_tRNA_1	0	1961	1098	mimseq	mimseq
Mus_musculus_tRNA-His-ATG	quantMtRNAseq_Cortex_tRNA_2	0	1961	1621	mimseq	mimseq
Mus_musculus_tRNA-His-ATG	quantMtRNAseq_Cortex_tRNA_3	0	1961	1573	mimseq	mimseq
Mus_musculus_tRNA-His-GTG	quantMtRNAseq_Cerebellum_tRNA_1	0	19610	11203	mimseq	mimseq
Mus_musculus_tRNA-His-GTG	quantMtRNAseq_Cerebellum_tRNA_2	0	19610	10898	mimseq	mimseq
Mus_musculus_tRNA-His-GTG	quantMtRNAseq_Cerebellum_tRNA_3	0	19610	9658	mimseq	mimseq
Mus_musculus_tRNA-His-GTG	quantMtRNAseq_Cortex_tRNA_1	0	19610	8019	mimseq	mimseq
Mus_musculus_tRNA-His-GTG	quantMtRNAseq_Cortex_tRNA_2	0	19610	10426	mimseq	mimseq
Mus_musculus_tRNA-His-GTG	quantMtRNAseq_Cortex_tRNA_3	0	19610	9131	mimseq	mimseq
Mus_musculus_tRNA-Ile-AAT	quantMtRNAseq_Cerebellum_tRNA_1	0	25493	16134	mimseq	mimseq
Mus_musculus_tRNA-Ile-AAT	quantMtRNAseq_Cerebellum_tRNA_2	0	25493	15909	mimseq	mimseq
Mus_musculus_tRNA-Ile-AAT	quantMtRNAseq_Cerebellum_tRNA_3	0	25493	16487	mimseq	mimseq
Mus_musculus_tRNA-Ile-AAT	quantMtRNAseq_Cortex_tRNA_1	0	25493	14503	mimseq	mimseq
Mus_musculus_tRNA-Ile-AAT	quantMtRNAseq_Cortex_tRNA_2	0	25493	16179	mimseq	mimseq
Mus_musculus_tRNA-Ile-AAT	quantMtRNAseq_Cortex_tRNA_3	0	25493	16791	mimseq	mimseq
Mus_musculus_tRNA-Ile-GAT	quantMtRNAseq_Cerebellum_tRNA_1	0	1961	1046	mimseq	mimseq
Mus_musculus_tRNA-Ile-GAT	quantMtRNAseq_Cerebellum_tRNA_2	0	1961	981	mimseq	mimseq
Mus_musculus_tRNA-Ile-GAT	quantMtRNAseq_Cerebellum_tRNA_3	0	1961	1382	mimseq	mimseq
Mus_musculus_tRNA-Ile-GAT	quantMtRNAseq_Cortex_tRNA_1	0	1961	1234	mimseq	mimseq
Mus_musculus_tRNA-Ile-GAT	quantMtRNAseq_Cortex_tRNA_2	0	1961	1007	mimseq	mimseq
Mus_musculus_tRNA-Ile-GAT	quantMtRNAseq_Cortex_tRNA_3	0	1961	985	mimseq	mimseq
Mus_musculus_tRNA-Ile-TAT	quantMtRNAseq_Cerebellum_tRNA_1	0	7844	2717	mimseq	mimseq
Mus_musculus_tRNA-Ile-TAT	quantMtRNAseq_Cerebellum_tRNA_2	0	7844	3070	mimseq	mimseq
Mus_musculus_tRNA-Ile-TAT	quantMtRNAseq_Cerebellum_tRNA_3	0	7844	2359	mimseq	mimseq
Mus_musculus_tRNA-Ile-TAT	quantMtRNAseq_Cortex_tRNA_1	0	7844	2136	mimseq	mimseq
Mus_musculus_tRNA-Ile-TAT	quantMtRNAseq_Cortex_tRNA_2	0	7844	2486	mimseq	mimseq
Mus_musculus_tRNA-Ile-TAT	quantMtRNAseq_Cortex_tRNA_3	0	7844	2437	mimseq	mimseq
Mus_musculus_tRNA-Leu-AAG	quantMtRNAseq_Cerebellum_tRNA_1	0	9805	2857	mimseq	mimseq
Mus_musculus_tRNA-Leu-AAG	quantMtRNAseq_Cerebellum_tRNA_2	0	9805	2353	mimseq	mimseq
Mus_musculus_tRNA-Leu-AAG	quantMtRNAseq_Cerebellum_tRNA_3	0	9805	1907	mimseq	mimseq
Mus_musculus_tRNA-Leu-AAG	quantMtRNAseq_Cortex_tRNA_1	0	9805	580	mimseq	mimseq
Mus_musculus_tRNA-Leu-AAG	quantMtRNAseq_Cortex_tRNA_2	0	9805	2527	mimseq	mimseq
Mus_musculus_tRNA-Leu-AAG	quantMtRNAseq_Cortex_tRNA_3	0	9805	1520	mimseq	mimseq
Mus_musculus_tRNA-Leu-CAA	quantMtRNAseq_Cerebellum_tRNA_1	0	0	5	mimseq	mimseq
Mus_musculus_tRNA-Leu-CAA	quantMtRNAseq_Cerebellum_tRNA_2	0	0	5	mimseq	mimseq
Mus_musculus_tRNA-Leu-CAA	quantMtRNAseq_Cerebellum_tRNA_3	0	0	5	mimseq	mimseq
Mus_musculus_tRNA-Leu-CAA	quantMtRNAseq_Cortex_tRNA_1	0	0	3	mimseq	mimseq
Mus_musculus_tRNA-Leu-CAA	quantMtRNAseq_Cortex_tRNA_2	0	0	0	mimseq	mimseq
Mus_musculus_tRNA-Leu-CAA	quantMtRNAseq_Cortex_tRNA_3	0	0	5	mimseq	mimseq
Mus_musculus_tRNA-Leu-CAG	quantMtRNAseq_Cerebellum_tRNA_1	0	19610	3388	mimseq	mimseq
Mus_musculus_tRNA-Leu-CAG	quantMtRNAseq_Cerebellum_tRNA_2	0	19610	2603	mimseq	mimseq
Mus_musculus_tRNA-Leu-CAG	quantMtRNAseq_Cerebellum_tRNA_3	0	19610	3469	mimseq	mimseq
Mus_musculus_tRNA-Leu-CAG	quantMtRNAseq_Cortex_tRNA_1	0	19610	929	mimseq	mimseq
Mus_musculus_tRNA-Leu-CAG	quantMtRNAseq_Cortex_tRNA_2	0	19610	3292	mimseq	mimseq
Mus_musculus_tRNA-Leu-CAG	quantMtRNAseq_Cortex_tRNA_3	0	19610	2836	mimseq	mimseq
Mus_musculus_tRNA-Leu-TAA	quantMtRNAseq_Cerebellum_tRNA_1	0	5883	3391	mimseq	mimseq
Mus_musculus_tRNA-Leu-TAA	quantMtRNAseq_Cerebellum_tRNA_2	0	5883	3229	mimseq	mimseq
Mus_musculus_tRNA-Leu-TAA	quantMtRNAseq_Cerebellum_tRNA_3	0	5883	3339	mimseq	mimseq
Mus_musculus_tRNA-Leu-TAA	quantMtRNAseq_Cortex_tRNA_1	0	5883	2455	mimseq	mimseq
Mus_musculus_tRNA-Leu-TAA	quantMtRNAseq_Cortex_tRNA_2	0	5883	3343	mimseq	mimseq
Mus_musculus_tRNA-Leu-TAA	quantMtRNAseq_Cortex_tRNA_3	0	5883	3160	mimseq	mimseq
Mus_musculus_tRNA-Leu-TAG	quantMtRNAseq_Cerebellum_tRNA_1	0	7844	2896	mimseq	mimseq
Mus_musculus_tRNA-Leu-TAG	quantMtRNAseq_Cerebellum_tRNA_2	0	7844	2669	mimseq	mimseq
Mus_musculus_tRNA-Leu-TAG	quantMtRNAseq_Cerebellum_tRNA_3	0	7844	2124	mimseq	mimseq
Mus_musculus_tRNA-Leu-TAG	quantMtRNAseq_Cortex_tRNA_1	0	7844	859	mimseq	mimseq
Mus_musculus_tRNA-Leu-TAG	quantMtRNAseq_Cortex_tRNA_2	0	7844	2714	mimseq	mimseq
Mus_musculus_tRNA-Leu-TAG	quantMtRNAseq_Cortex_tRNA_3	0	7844	2039	mimseq	mimseq
Mus_musculus_tRNA-Lys-CTT	quantMtRNAseq_Cerebellum_tRNA_1	0	64713	47596	mimseq	mimseq
Mus_musculus_tRNA-Lys-CTT	quantMtRNAseq_Cerebellum_tRNA_2	0	64713	43958	mimseq	mimseq
Mus_musculus_tRNA-Lys-CTT	quantMtRNAseq_Cerebellum_tRNA_3	0	64713	49427	mimseq	mimseq
Mus_musculus_tRNA-Lys-CTT	quantMtRNAseq_Cortex_tRNA_1	0	64713	51190	mimseq	mimseq
Mus_musculus_tRNA-Lys-CTT	quantMtRNAseq_Cortex_tRNA_2	0	64713	47230	mimseq	mimseq
Mus_musculus_tRNA-Lys-CTT	quantMtRNAseq_Cortex_tRNA_3	0	64713	50021	mimseq	mimseq
Mus_musculus_tRNA-Lys-TTT	quantMtRNAseq_Cerebellum_tRNA_1	0	27454	23386	mimseq	mimseq
Mus_musculus_tRNA-Lys-TTT	quantMtRNAseq_Cerebellum_tRNA_2	0	27454	21966	mimseq	mimseq
Mus_musculus_tRNA-Lys-TTT	quantMtRNAseq_Cerebellum_tRNA_3	0	27454	25016	mimseq	mimseq
Mus_musculus_tRNA-Lys-TTT	quantMtRNAseq_Cortex_tRNA_1	0	27454	21296	mimseq	mimseq
Mus_musculus_tRNA-Lys-TTT	quantMtRNAseq_Cortex_tRNA_2	0	27454	22378	mimseq	mimseq
Mus_musculus_tRNA-Lys-TTT	quantMtRNAseq_Cortex_tRNA_3	0	27454	23277	mimseq	mimseq
Mus_musculus_tRNA-Met-CAT	quantMtRNAseq_Cerebellum_tRNA_1	0	29415	18137	mimseq	mimseq
Mus_musculus_tRNA-Met-CAT	quantMtRNAseq_Cerebellum_tRNA_2	0	29415	16749	mimseq	mimseq
Mus_musculus_tRNA-Met-CAT	quantMtRNAseq_Cerebellum_tRNA_3	0	29415	18350	mimseq	mimseq
Mus_musculus_tRNA-Met-CAT	quantMtRNAseq_Cortex_tRNA_1	0	29415	15685	mimseq	mimseq
Mus_musculus_tRNA-Met-CAT	quantMtRNAseq_Cortex_tRNA_2	0	29415	18194	mimseq	mimseq
Mus_musculus_tRNA-Met-CAT	quantMtRNAseq_Cortex_tRNA_3	0	29415	17869	mimseq	mimseq
Mus_musculus_tRNA-Phe-GAA	quantMtRNAseq_Cerebellum_tRNA_1	0	15688	9280	mimseq	mimseq
Mus_musculus_tRNA-Phe-GAA	quantMtRNAseq_Cerebellum_tRNA_2	0	15688	8994	mimseq	mimseq
Mus_musculus_tRNA-Phe-GAA	quantMtRNAseq_Cerebellum_tRNA_3	0	15688	10143	mimseq	mimseq
Mus_musculus_tRNA-Phe-GAA	quantMtRNAseq_Cortex_tRNA_1	0	15688	7311	mimseq	mimseq
Mus_musculus_tRNA-Phe-GAA	quantMtRNAseq_Cortex_tRNA_2	0	15688	9174	mimseq	mimseq
Mus_musculus_tRNA-Phe-GAA	quantMtRNAseq_Cortex_tRNA_3	0	15688	9644	mimseq	mimseq
Mus_musculus_tRNA-Pro-AGG	quantMtRNAseq_Cerebellum_tRNA_1	0	13727	951	mimseq	mimseq
Mus_musculus_tRNA-Pro-AGG	quantMtRNAseq_Cerebellum_tRNA_2	0	13727	899	mimseq	mimseq
Mus_musculus_tRNA-Pro-AGG	quantMtRNAseq_Cerebellum_tRNA_3	0	13727	911	mimseq	mimseq
Mus_musculus_tRNA-Pro-AGG	quantMtRNAseq_Cortex_tRNA_1	0	13727	795	mimseq	mimseq
Mus_musculus_tRNA-Pro-AGG	quantMtRNAseq_Cortex_tRNA_2	0	13727	946	mimseq	mimseq
Mus_musculus_tRNA-Pro-AGG	quantMtRNAseq_Cortex_tRNA_3	0	13727	940	mimseq	mimseq
Mus_musculus_tRNA-Pro-CGG	quantMtRNAseq_Cerebellum_tRNA_1	0	5883	1776	mimseq	mimseq
Mus_musculus_tRNA-Pro-CGG	quantMtRNAseq_Cerebellum_tRNA_2	0	5883	1230	mimseq	mimseq
Mus_musculus_tRNA-Pro-CGG	quantMtRNAseq_Cerebellum_tRNA_3	0	5883	1578	mimseq	mimseq
Mus_musculus_tRNA-Pro-CGG	quantMtRNAseq_Cortex_tRNA_1	0	5883	563	mimseq	mimseq
Mus_musculus_tRNA-Pro-CGG	quantMtRNAseq_Cortex_tRNA_2	0	5883	1537	mimseq	mimseq
Mus_musculus_tRNA-Pro-CGG	quantMtRNAseq_Cortex_tRNA_3	0	5883	1237	mimseq	mimseq
Mus_musculus_tRNA-Pro-GGG	quantMtRNAseq_Cerebellum_tRNA_1	0	0	0	mimseq	mimseq
Mus_musculus_tRNA-Pro-GGG	quantMtRNAseq_Cerebellum_tRNA_2	0	0	0	mimseq	mimseq
Mus_musculus_tRNA-Pro-GGG	quantMtRNAseq_Cerebellum_tRNA_3	0	0	0	mimseq	mimseq
Mus_musculus_tRNA-Pro-GGG	quantMtRNAseq_Cortex_tRNA_1	0	0	0	mimseq	mimseq
Mus_musculus_tRNA-Pro-GGG	quantMtRNAseq_Cortex_tRNA_2	0	0	0	mimseq	mimseq
Mus_musculus_tRNA-Pro-GGG	quantMtRNAseq_Cortex_tRNA_3	0	0	0	mimseq	mimseq
Mus_musculus_tRNA-Pro-TGG	quantMtRNAseq_Cerebellum_tRNA_1	0	15688	4719	mimseq	mimseq
Mus_musculus_tRNA-Pro-TGG	quantMtRNAseq_Cerebellum_tRNA_2	0	15688	3666	mimseq	mimseq
Mus_musculus_tRNA-Pro-TGG	quantMtRNAseq_Cerebellum_tRNA_3	0	15688	4276	mimseq	mimseq
Mus_musculus_tRNA-Pro-TGG	quantMtRNAseq_Cortex_tRNA_1	0	15688	3038	mimseq	mimseq
Mus_musculus_tRNA-Pro-TGG	quantMtRNAseq_Cortex_tRNA_2	0	15688	4586	mimseq	mimseq
Mus_musculus_tRNA-Pro-TGG	quantMtRNAseq_Cortex_tRNA_3	0	15688	3849	mimseq	mimseq
Mus_musculus_tRNA-SeC-TCA	quantMtRNAseq_Cerebellum_tRNA_1	0	1961	1932	mimseq	mimseq
Mus_musculus_tRNA-SeC-TCA	quantMtRNAseq_Cerebellum_tRNA_2	0	1961	1917	mimseq	mimseq
Mus_musculus_tRNA-SeC-TCA	quantMtRNAseq_Cerebellum_tRNA_3	0	1961	1930	mimseq	mimseq
Mus_musculus_tRNA-SeC-TCA	quantMtRNAseq_Cortex_tRNA_1	0	1961	1908	mimseq	mimseq
Mus_musculus_tRNA-SeC-TCA	quantMtRNAseq_Cortex_tRNA_2	0	1961	1921	mimseq	mimseq
Mus_musculus_tRNA-SeC-TCA	quantMtRNAseq_Cortex_tRNA_3	0	1961	1929	mimseq	mimseq
Mus_musculus_tRNA-Ser-ACT	quantMtRNAseq_Cerebellum_tRNA_1	0	0	2	mimseq	mimseq
Mus_musculus_tRNA-Ser-ACT	quantMtRNAseq_Cerebellum_tRNA_2	0	0	0	mimseq	mimseq
Mus_musculus_tRNA-Ser-ACT	quantMtRNAseq_Cerebellum_tRNA_3	0	0	0	mimseq	mimseq
Mus_musculus_tRNA-Ser-ACT	quantMtRNAseq_Cortex_tRNA_1	0	0	0	mimseq	mimseq
Mus_musculus_tRNA-Ser-ACT	quantMtRNAseq_Cortex_tRNA_2	0	0	0	mimseq	mimseq
Mus_musculus_tRNA-Ser-ACT	quantMtRNAseq_Cortex_tRNA_3	0	0	0	mimseq	mimseq
Mus_musculus_tRNA-Ser-AGA	quantMtRNAseq_Cerebellum_tRNA_1	0	17649	1550	mimseq	mimseq
Mus_musculus_tRNA-Ser-AGA	quantMtRNAseq_Cerebellum_tRNA_2	0	17649	1698	mimseq	mimseq
Mus_musculus_tRNA-Ser-AGA	quantMtRNAseq_Cerebellum_tRNA_3	0	17649	2394	mimseq	mimseq
Mus_musculus_tRNA-Ser-AGA	quantMtRNAseq_Cortex_tRNA_1	0	17649	1278	mimseq	mimseq
Mus_musculus_tRNA-Ser-AGA	quantMtRNAseq_Cortex_tRNA_2	0	17649	1569	mimseq	mimseq
Mus_musculus_tRNA-Ser-AGA	quantMtRNAseq_Cortex_tRNA_3	0	17649	2188	mimseq	mimseq
Mus_musculus_tRNA-Ser-CGA	quantMtRNAseq_Cerebellum_tRNA_1	0	7844	2773	mimseq	mimseq
Mus_musculus_tRNA-Ser-CGA	quantMtRNAseq_Cerebellum_tRNA_2	0	7844	2567	mimseq	mimseq
Mus_musculus_tRNA-Ser-CGA	quantMtRNAseq_Cerebellum_tRNA_3	0	7844	2770	mimseq	mimseq
Mus_musculus_tRNA-Ser-CGA	quantMtRNAseq_Cortex_tRNA_1	0	7844	2125	mimseq	mimseq
Mus_musculus_tRNA-Ser-CGA	quantMtRNAseq_Cortex_tRNA_2	0	7844	2715	mimseq	mimseq
Mus_musculus_tRNA-Ser-CGA	quantMtRNAseq_Cortex_tRNA_3	0	7844	2617	mimseq	mimseq
Mus_musculus_tRNA-Ser-GCT	quantMtRNAseq_Cerebellum_tRNA_1	0	33337	10271	mimseq	mimseq
Mus_musculus_tRNA-Ser-GCT	quantMtRNAseq_Cerebellum_tRNA_2	0	33337	8548	mimseq	mimseq
Mus_musculus_tRNA-Ser-GCT	quantMtRNAseq_Cerebellum_tRNA_3	0	33337	11979	mimseq	mimseq
Mus_musculus_tRNA-Ser-GCT	quantMtRNAseq_Cortex_tRNA_1	0	33337	5356	mimseq	mimseq
Mus_musculus_tRNA-Ser-GCT	quantMtRNAseq_Cortex_tRNA_2	0	33337	10340	mimseq	mimseq
Mus_musculus_tRNA-Ser-GCT	quantMtRNAseq_Cortex_tRNA_3	0	33337	10772	mimseq	mimseq
Mus_musculus_tRNA-Ser-GGA	quantMtRNAseq_Cerebellum_tRNA_1	0	1961	111	mimseq	mimseq
Mus_musculus_tRNA-Ser-GGA	quantMtRNAseq_Cerebellum_tRNA_2	0	1961	119	mimseq	mimseq
Mus_musculus_tRNA-Ser-GGA	quantMtRNAseq_Cerebellum_tRNA_3	0	1961	125	mimseq	mimseq
Mus_musculus_tRNA-Ser-GGA	quantMtRNAseq_Cortex_tRNA_1	0	1961	152	mimseq	mimseq
Mus_musculus_tRNA-Ser-GGA	quantMtRNAseq_Cortex_tRNA_2	0	1961	118	mimseq	mimseq
Mus_musculus_tRNA-Ser-GGA	quantMtRNAseq_Cortex_tRNA_3	0	1961	125	mimseq	mimseq
Mus_musculus_tRNA-Ser-TGA	quantMtRNAseq_Cerebellum_tRNA_1	0	7844	2508	mimseq	mimseq
Mus_musculus_tRNA-Ser-TGA	quantMtRNAseq_Cerebellum_tRNA_2	0	7844	2141	mimseq	mimseq
Mus_musculus_tRNA-Ser-TGA	quantMtRNAseq_Cerebellum_tRNA_3	0	7844	2603	mimseq	mimseq
Mus_musculus_tRNA-Ser-TGA	quantMtRNAseq_Cortex_tRNA_1	0	7844	2135	mimseq	mimseq
Mus_musculus_tRNA-Ser-TGA	quantMtRNAseq_Cortex_tRNA_2	0	7844	2615	mimseq	mimseq
Mus_musculus_tRNA-Ser-TGA	quantMtRNAseq_Cortex_tRNA_3	0	7844	2324	mimseq	mimseq
Mus_musculus_tRNA-Sup-TCA	quantMtRNAseq_Cerebellum_tRNA_1	0	1961	1835	mimseq	mimseq
Mus_musculus_tRNA-Sup-TCA	quantMtRNAseq_Cerebellum_tRNA_2	0	1961	1804	mimseq	mimseq
Mus_musculus_tRNA-Sup-TCA	quantMtRNAseq_Cerebellum_tRNA_3	0	1961	1905	mimseq	mimseq
Mus_musculus_tRNA-Sup-TCA	quantMtRNAseq_Cortex_tRNA_1	0	1961	1787	mimseq	mimseq
Mus_musculus_tRNA-Sup-TCA	quantMtRNAseq_Cortex_tRNA_2	0	1961	1870	mimseq	mimseq
Mus_musculus_tRNA-Sup-TCA	quantMtRNAseq_Cortex_tRNA_3	0	1961	1896	mimseq	mimseq
Mus_musculus_tRNA-Sup-TTA	quantMtRNAseq_Cerebellum_tRNA_1	0	1961	703	mimseq	mimseq
Mus_musculus_tRNA-Sup-TTA	quantMtRNAseq_Cerebellum_tRNA_2	0	1961	528	mimseq	mimseq
Mus_musculus_tRNA-Sup-TTA	quantMtRNAseq_Cerebellum_tRNA_3	0	1961	825	mimseq	mimseq
Mus_musculus_tRNA-Sup-TTA	quantMtRNAseq_Cortex_tRNA_1	0	1961	609	mimseq	mimseq
Mus_musculus_tRNA-Sup-TTA	quantMtRNAseq_Cortex_tRNA_2	0	1961	854	mimseq	mimseq
Mus_musculus_tRNA-Sup-TTA	quantMtRNAseq_Cortex_tRNA_3	0	1961	478	mimseq	mimseq
Mus_musculus_tRNA-Thr-AGT	quantMtRNAseq_Cerebellum_tRNA_1	0	19610	12766	mimseq	mimseq
Mus_musculus_tRNA-Thr-AGT	quantMtRNAseq_Cerebellum_tRNA_2	0	19610	12571	mimseq	mimseq
Mus_musculus_tRNA-Thr-AGT	quantMtRNAseq_Cerebellum_tRNA_3	0	19610	12141	mimseq	mimseq
Mus_musculus_tRNA-Thr-AGT	quantMtRNAseq_Cortex_tRNA_1	0	19610	8970	mimseq	mimseq
Mus_musculus_tRNA-Thr-AGT	quantMtRNAseq_Cortex_tRNA_2	0	19610	12439	mimseq	mimseq
Mus_musculus_tRNA-Thr-AGT	quantMtRNAseq_Cortex_tRNA_3	0	19610	11357	mimseq	mimseq
Mus_musculus_tRNA-Thr-CGT	quantMtRNAseq_Cerebellum_tRNA_1	0	9805	4156	mimseq	mimseq
Mus_musculus_tRNA-Thr-CGT	quantMtRNAseq_Cerebellum_tRNA_2	0	9805	3919	mimseq	mimseq
Mus_musculus_tRNA-Thr-CGT	quantMtRNAseq_Cerebellum_tRNA_3	0	9805	3872	mimseq	mimseq
Mus_musculus_tRNA-Thr-CGT	quantMtRNAseq_Cortex_tRNA_1	0	9805	3442	mimseq	mimseq
Mus_musculus_tRNA-Thr-CGT	quantMtRNAseq_Cortex_tRNA_2	0	9805	4229	mimseq	mimseq
Mus_musculus_tRNA-Thr-CGT	quantMtRNAseq_Cortex_tRNA_3	0	9805	3718	mimseq	mimseq
Mus_musculus_tRNA-Thr-GGT	quantMtRNAseq_Cerebellum_tRNA_1	0	3922	1065	mimseq	mimseq
Mus_musculus_tRNA-Thr-GGT	quantMtRNAseq_Cerebellum_tRNA_2	0	3922	671	mimseq	mimseq
Mus_musculus_tRNA-Thr-GGT	quantMtRNAseq_Cerebellum_tRNA_3	0	3922	1444	mimseq	mimseq
Mus_musculus_tRNA-Thr-GGT	quantMtRNAseq_Cortex_tRNA_1	0	3922	316	mimseq	mimseq
Mus_musculus_tRNA-Thr-GGT	quantMtRNAseq_Cortex_tRNA_2	0	3922	1469	mimseq	mimseq
Mus_musculus_tRNA-Thr-GGT	quantMtRNAseq_Cortex_tRNA_3	0	3922	455	mimseq	mimseq
Mus_musculus_tRNA-Thr-TGT	quantMtRNAseq_Cerebellum_tRNA_1	0	9805	5652	mimseq	mimseq
Mus_musculus_tRNA-Thr-TGT	quantMtRNAseq_Cerebellum_tRNA_2	0	9805	5682	mimseq	mimseq
Mus_musculus_tRNA-Thr-TGT	quantMtRNAseq_Cerebellum_tRNA_3	0	9805	6050	mimseq	mimseq
Mus_musculus_tRNA-Thr-TGT	quantMtRNAseq_Cortex_tRNA_1	0	9805	4946	mimseq	mimseq
Mus_musculus_tRNA-Thr-TGT	quantMtRNAseq_Cortex_tRNA_2	0	9805	5941	mimseq	mimseq
Mus_musculus_tRNA-Thr-TGT	quantMtRNAseq_Cortex_tRNA_3	0	9805	6000	mimseq	mimseq
Mus_musculus_tRNA-Trp-CCA	quantMtRNAseq_Cerebellum_tRNA_1	0	15688	2603	mimseq	mimseq
Mus_musculus_tRNA-Trp-CCA	quantMtRNAseq_Cerebellum_tRNA_2	0	15688	2489	mimseq	mimseq
Mus_musculus_tRNA-Trp-CCA	quantMtRNAseq_Cerebellum_tRNA_3	0	15688	2448	mimseq	mimseq
Mus_musculus_tRNA-Trp-CCA	quantMtRNAseq_Cortex_tRNA_1	0	15688	1964	mimseq	mimseq
Mus_musculus_tRNA-Trp-CCA	quantMtRNAseq_Cortex_tRNA_2	0	15688	2431	mimseq	mimseq
Mus_musculus_tRNA-Trp-CCA	quantMtRNAseq_Cortex_tRNA_3	0	15688	2189	mimseq	mimseq
Mus_musculus_tRNA-Tyr-GTA	quantMtRNAseq_Cerebellum_tRNA_1	0	19610	4556	mimseq	mimseq
Mus_musculus_tRNA-Tyr-GTA	quantMtRNAseq_Cerebellum_tRNA_2	0	19610	4868	mimseq	mimseq
Mus_musculus_tRNA-Tyr-GTA	quantMtRNAseq_Cerebellum_tRNA_3	0	19610	3192	mimseq	mimseq
Mus_musculus_tRNA-Tyr-GTA	quantMtRNAseq_Cortex_tRNA_1	0	19610	4841	mimseq	mimseq
Mus_musculus_tRNA-Tyr-GTA	quantMtRNAseq_Cortex_tRNA_2	0	19610	4014	mimseq	mimseq
Mus_musculus_tRNA-Tyr-GTA	quantMtRNAseq_Cortex_tRNA_3	0	19610	3389	mimseq	mimseq
Mus_musculus_tRNA-Val-AAC	quantMtRNAseq_Cerebellum_tRNA_1	0	17649	5146	mimseq	mimseq
Mus_musculus_tRNA-Val-AAC	quantMtRNAseq_Cerebellum_tRNA_2	0	17649	4400	mimseq	mimseq
Mus_musculus_tRNA-Val-AAC	quantMtRNAseq_Cerebellum_tRNA_3	0	17649	5225	mimseq	mimseq
Mus_musculus_tRNA-Val-AAC	quantMtRNAseq_Cortex_tRNA_1	0	17649	2125	mimseq	mimseq
Mus_musculus_tRNA-Val-AAC	quantMtRNAseq_Cortex_tRNA_2	0	17649	4386	mimseq	mimseq
Mus_musculus_tRNA-Val-AAC	quantMtRNAseq_Cortex_tRNA_3	0	17649	4568	mimseq	mimseq
Mus_musculus_tRNA-Val-CAC	quantMtRNAseq_Cerebellum_tRNA_1	0	23532	14490	mimseq	mimseq
Mus_musculus_tRNA-Val-CAC	quantMtRNAseq_Cerebellum_tRNA_2	0	23532	12643	mimseq	mimseq
Mus_musculus_tRNA-Val-CAC	quantMtRNAseq_Cerebellum_tRNA_3	0	23532	14905	mimseq	mimseq
Mus_musculus_tRNA-Val-CAC	quantMtRNAseq_Cortex_tRNA_1	0	23532	6849	mimseq	mimseq
Mus_musculus_tRNA-Val-CAC	quantMtRNAseq_Cortex_tRNA_2	0	23532	13259	mimseq	mimseq
Mus_musculus_tRNA-Val-CAC	quantMtRNAseq_Cortex_tRNA_3	0	23532	13609	mimseq	mimseq
Mus_musculus_tRNA-Val-GAC	quantMtRNAseq_Cerebellum_tRNA_1	0	1961	565	mimseq	mimseq
Mus_musculus_tRNA-Val-GAC	quantMtRNAseq_Cerebellum_tRNA_2	0	1961	613	mimseq	mimseq
Mus_musculus_tRNA-Val-GAC	quantMtRNAseq_Cerebellum_tRNA_3	0	1961	840	mimseq	mimseq
Mus_musculus_tRNA-Val-GAC	quantMtRNAseq_Cortex_tRNA_1	0	1961	6	mimseq	mimseq
Mus_musculus_tRNA-Val-GAC	quantMtRNAseq_Cortex_tRNA_2	0	1961	1	mimseq	mimseq
Mus_musculus_tRNA-Val-GAC	quantMtRNAseq_Cortex_tRNA_3	0	1961	874	mimseq	mimseq
Mus_musculus_tRNA-Val-TAC	quantMtRNAseq_Cerebellum_tRNA_1	0	5883	5690	mimseq	mimseq
Mus_musculus_tRNA-Val-TAC	quantMtRNAseq_Cerebellum_tRNA_2	0	5883	5591	mimseq	mimseq
Mus_musculus_tRNA-Val-TAC	quantMtRNAseq_Cerebellum_tRNA_3	0	5883	5762	mimseq	mimseq
Mus_musculus_tRNA-Val-TAC	quantMtRNAseq_Cortex_tRNA_1	0	5883	4897	mimseq	mimseq
Mus_musculus_tRNA-Val-TAC	quantMtRNAseq_Cortex_tRNA_2	0	5883	5571	mimseq	mimseq
Mus_musculus_tRNA-Val-TAC	quantMtRNAseq_Cortex_tRNA_3	0	5883	5708	mimseq	mimseq
Mus_musculus_tRNA-iMet-CAT	quantMtRNAseq_Cerebellum_tRNA_1	0	21571	18069	mimseq	mimseq
Mus_musculus_tRNA-iMet-CAT	quantMtRNAseq_Cerebellum_tRNA_2	0	21571	17526	mimseq	mimseq
Mus_musculus_tRNA-iMet-CAT	quantMtRNAseq_Cerebellum_tRNA_3	0	21571	18412	mimseq	mimseq
Mus_musculus_tRNA-iMet-CAT	quantMtRNAseq_Cortex_tRNA_1	0	21571	14961	mimseq	mimseq
Mus_musculus_tRNA-iMet-CAT	quantMtRNAseq_Cortex_tRNA_2	0	21571	17506	mimseq	mimseq
Mus_musculus_tRNA-iMet-CAT	quantMtRNAseq_Cortex_tRNA_3	0	21571	17890	mimseq	mimseq
