Name	simulation_n	quant_method	tally_method	input_file	NumReads	truth
Escherichia_coli_str_K_12_substr_MG1655_tRNA-eColiLys-TTT	0	bowtie2	salmon	quantMtRNAseq_Cerebellum_tRNA_1	3.008	0
Escherichia_coli_str_K_12_substr_MG1655_tRNA-eColiLys-TTT	0	bowtie2	salmon	quantMtRNAseq_Cerebellum_tRNA_2	1.001	0
Escherichia_coli_str_K_12_substr_MG1655_tRNA-eColiLys-TTT	0	bowtie2	salmon	quantMtRNAseq_Cerebellum_tRNA_3	1.002	0
Escherichia_coli_str_K_12_substr_MG1655_tRNA-eColiLys-TTT	0	bowtie2	salmon	quantMtRNAseq_Cortex_tRNA_1	0.0	0
Escherichia_coli_str_K_12_substr_MG1655_tRNA-eColiLys-TTT	0	bowtie2	salmon	quantMtRNAseq_Cortex_tRNA_2	1.004	0
Escherichia_coli_str_K_12_substr_MG1655_tRNA-eColiLys-TTT	0	bowtie2	salmon	quantMtRNAseq_Cortex_tRNA_3	0.0	0
Escherichia_coli_str_K_12_substr_MG1655_tRNA-eColiLys-TTT	0	shrimp	salmon	quantMtRNAseq_Cerebellum_tRNA_1	1.83	0
Escherichia_coli_str_K_12_substr_MG1655_tRNA-eColiLys-TTT	0	shrimp	salmon	quantMtRNAseq_Cerebellum_tRNA_2	2.788	0
Escherichia_coli_str_K_12_substr_MG1655_tRNA-eColiLys-TTT	0	shrimp	salmon	quantMtRNAseq_Cerebellum_tRNA_3	0.0	0
Escherichia_coli_str_K_12_substr_MG1655_tRNA-eColiLys-TTT	0	shrimp	salmon	quantMtRNAseq_Cortex_tRNA_1	0.0	0
Escherichia_coli_str_K_12_substr_MG1655_tRNA-eColiLys-TTT	0	shrimp	salmon	quantMtRNAseq_Cortex_tRNA_2	5.0	0
Escherichia_coli_str_K_12_substr_MG1655_tRNA-eColiLys-TTT	0	shrimp	salmon	quantMtRNAseq_Cortex_tRNA_3	0.0	0
Mus_musculus_MTtRNA-Ala-TGC	0	bowtie2	salmon	quantMtRNAseq_Cerebellum_tRNA_1	1961.0	1961
Mus_musculus_MTtRNA-Ala-TGC	0	bowtie2	salmon	quantMtRNAseq_Cerebellum_tRNA_2	1962.0	1961
Mus_musculus_MTtRNA-Ala-TGC	0	bowtie2	salmon	quantMtRNAseq_Cerebellum_tRNA_3	1961.0	1961
Mus_musculus_MTtRNA-Ala-TGC	0	bowtie2	salmon	quantMtRNAseq_Cortex_tRNA_1	1961.0	1961
Mus_musculus_MTtRNA-Ala-TGC	0	bowtie2	salmon	quantMtRNAseq_Cortex_tRNA_2	1961.0	1961
Mus_musculus_MTtRNA-Ala-TGC	0	bowtie2	salmon	quantMtRNAseq_Cortex_tRNA_3	1961.0	1961
Mus_musculus_MTtRNA-Ala-TGC	0	shrimp	salmon	quantMtRNAseq_Cerebellum_tRNA_1	1942.0	1961
Mus_musculus_MTtRNA-Ala-TGC	0	shrimp	salmon	quantMtRNAseq_Cerebellum_tRNA_2	1945.0	1961
Mus_musculus_MTtRNA-Ala-TGC	0	shrimp	salmon	quantMtRNAseq_Cerebellum_tRNA_3	1952.0	1961
Mus_musculus_MTtRNA-Ala-TGC	0	shrimp	salmon	quantMtRNAseq_Cortex_tRNA_1	1939.0	1961
Mus_musculus_MTtRNA-Ala-TGC	0	shrimp	salmon	quantMtRNAseq_Cortex_tRNA_2	1946.0	1961
Mus_musculus_MTtRNA-Ala-TGC	0	shrimp	salmon	quantMtRNAseq_Cortex_tRNA_3	1954.0	1961
Mus_musculus_MTtRNA-Arg-TCG	0	bowtie2	salmon	quantMtRNAseq_Cerebellum_tRNA_1	1961.0	1961
Mus_musculus_MTtRNA-Arg-TCG	0	bowtie2	salmon	quantMtRNAseq_Cerebellum_tRNA_2	1961.0	1961
Mus_musculus_MTtRNA-Arg-TCG	0	bowtie2	salmon	quantMtRNAseq_Cerebellum_tRNA_3	1961.0	1961
Mus_musculus_MTtRNA-Arg-TCG	0	bowtie2	salmon	quantMtRNAseq_Cortex_tRNA_1	1960.0	1961
Mus_musculus_MTtRNA-Arg-TCG	0	bowtie2	salmon	quantMtRNAseq_Cortex_tRNA_2	1961.0	1961
Mus_musculus_MTtRNA-Arg-TCG	0	bowtie2	salmon	quantMtRNAseq_Cortex_tRNA_3	1961.0	1961
Mus_musculus_MTtRNA-Arg-TCG	0	shrimp	salmon	quantMtRNAseq_Cerebellum_tRNA_1	1934.0	1961
Mus_musculus_MTtRNA-Arg-TCG	0	shrimp	salmon	quantMtRNAseq_Cerebellum_tRNA_2	1943.0	1961
Mus_musculus_MTtRNA-Arg-TCG	0	shrimp	salmon	quantMtRNAseq_Cerebellum_tRNA_3	1949.0	1961
Mus_musculus_MTtRNA-Arg-TCG	0	shrimp	salmon	quantMtRNAseq_Cortex_tRNA_1	1920.0	1961
Mus_musculus_MTtRNA-Arg-TCG	0	shrimp	salmon	quantMtRNAseq_Cortex_tRNA_2	1949.0	1961
Mus_musculus_MTtRNA-Arg-TCG	0	shrimp	salmon	quantMtRNAseq_Cortex_tRNA_3	1944.0	1961
Mus_musculus_MTtRNA-Asn-GTT	0	bowtie2	salmon	quantMtRNAseq_Cerebellum_tRNA_1	1958.0	1961
Mus_musculus_MTtRNA-Asn-GTT	0	bowtie2	salmon	quantMtRNAseq_Cerebellum_tRNA_2	1961.0	1961
Mus_musculus_MTtRNA-Asn-GTT	0	bowtie2	salmon	quantMtRNAseq_Cerebellum_tRNA_3	1961.0	1961
Mus_musculus_MTtRNA-Asn-GTT	0	bowtie2	salmon	quantMtRNAseq_Cortex_tRNA_1	1961.0	1961
Mus_musculus_MTtRNA-Asn-GTT	0	bowtie2	salmon	quantMtRNAseq_Cortex_tRNA_2	1961.0	1961
Mus_musculus_MTtRNA-Asn-GTT	0	bowtie2	salmon	quantMtRNAseq_Cortex_tRNA_3	1961.0	1961
Mus_musculus_MTtRNA-Asn-GTT	0	shrimp	salmon	quantMtRNAseq_Cerebellum_tRNA_1	1723.0	1961
Mus_musculus_MTtRNA-Asn-GTT	0	shrimp	salmon	quantMtRNAseq_Cerebellum_tRNA_2	1903.0	1961
Mus_musculus_MTtRNA-Asn-GTT	0	shrimp	salmon	quantMtRNAseq_Cerebellum_tRNA_3	1925.0	1961
Mus_musculus_MTtRNA-Asn-GTT	0	shrimp	salmon	quantMtRNAseq_Cortex_tRNA_1	1703.0	1961
Mus_musculus_MTtRNA-Asn-GTT	0	shrimp	salmon	quantMtRNAseq_Cortex_tRNA_2	1921.0	1961
Mus_musculus_MTtRNA-Asn-GTT	0	shrimp	salmon	quantMtRNAseq_Cortex_tRNA_3	1939.0	1961
Mus_musculus_MTtRNA-Asp-GTC	0	bowtie2	salmon	quantMtRNAseq_Cerebellum_tRNA_1	1955.0	1961
Mus_musculus_MTtRNA-Asp-GTC	0	bowtie2	salmon	quantMtRNAseq_Cerebellum_tRNA_2	1961.0	1961
Mus_musculus_MTtRNA-Asp-GTC	0	bowtie2	salmon	quantMtRNAseq_Cerebellum_tRNA_3	1960.0	1961
Mus_musculus_MTtRNA-Asp-GTC	0	bowtie2	salmon	quantMtRNAseq_Cortex_tRNA_1	1955.0	1961
Mus_musculus_MTtRNA-Asp-GTC	0	bowtie2	salmon	quantMtRNAseq_Cortex_tRNA_2	1959.0	1961
Mus_musculus_MTtRNA-Asp-GTC	0	bowtie2	salmon	quantMtRNAseq_Cortex_tRNA_3	1960.0	1961
Mus_musculus_MTtRNA-Asp-GTC	0	shrimp	salmon	quantMtRNAseq_Cerebellum_tRNA_1	1784.0	1961
Mus_musculus_MTtRNA-Asp-GTC	0	shrimp	salmon	quantMtRNAseq_Cerebellum_tRNA_2	1901.0	1961
Mus_musculus_MTtRNA-Asp-GTC	0	shrimp	salmon	quantMtRNAseq_Cerebellum_tRNA_3	1933.0	1961
Mus_musculus_MTtRNA-Asp-GTC	0	shrimp	salmon	quantMtRNAseq_Cortex_tRNA_1	1854.0	1961
Mus_musculus_MTtRNA-Asp-GTC	0	shrimp	salmon	quantMtRNAseq_Cortex_tRNA_2	1932.0	1961
Mus_musculus_MTtRNA-Asp-GTC	0	shrimp	salmon	quantMtRNAseq_Cortex_tRNA_3	1936.0	1961
Mus_musculus_MTtRNA-Cys-GCA	0	bowtie2	salmon	quantMtRNAseq_Cerebellum_tRNA_1	1960.0	1961
Mus_musculus_MTtRNA-Cys-GCA	0	bowtie2	salmon	quantMtRNAseq_Cerebellum_tRNA_2	1961.0	1961
Mus_musculus_MTtRNA-Cys-GCA	0	bowtie2	salmon	quantMtRNAseq_Cerebellum_tRNA_3	1961.0	1961
Mus_musculus_MTtRNA-Cys-GCA	0	bowtie2	salmon	quantMtRNAseq_Cortex_tRNA_1	1961.0	1961
Mus_musculus_MTtRNA-Cys-GCA	0	bowtie2	salmon	quantMtRNAseq_Cortex_tRNA_2	1962.0	1961
Mus_musculus_MTtRNA-Cys-GCA	0	bowtie2	salmon	quantMtRNAseq_Cortex_tRNA_3	1961.0	1961
Mus_musculus_MTtRNA-Cys-GCA	0	shrimp	salmon	quantMtRNAseq_Cerebellum_tRNA_1	1942.0	1961
Mus_musculus_MTtRNA-Cys-GCA	0	shrimp	salmon	quantMtRNAseq_Cerebellum_tRNA_2	1943.0	1961
Mus_musculus_MTtRNA-Cys-GCA	0	shrimp	salmon	quantMtRNAseq_Cerebellum_tRNA_3	1957.0	1961
Mus_musculus_MTtRNA-Cys-GCA	0	shrimp	salmon	quantMtRNAseq_Cortex_tRNA_1	1948.0	1961
Mus_musculus_MTtRNA-Cys-GCA	0	shrimp	salmon	quantMtRNAseq_Cortex_tRNA_2	1948.0	1961
Mus_musculus_MTtRNA-Cys-GCA	0	shrimp	salmon	quantMtRNAseq_Cortex_tRNA_3	1950.0	1961
Mus_musculus_MTtRNA-Gln-TTG	0	bowtie2	salmon	quantMtRNAseq_Cerebellum_tRNA_1	1963.05	1961
Mus_musculus_MTtRNA-Gln-TTG	0	bowtie2	salmon	quantMtRNAseq_Cerebellum_tRNA_2	1959.0	1961
Mus_musculus_MTtRNA-Gln-TTG	0	bowtie2	salmon	quantMtRNAseq_Cerebellum_tRNA_3	1962.0	1961
Mus_musculus_MTtRNA-Gln-TTG	0	bowtie2	salmon	quantMtRNAseq_Cortex_tRNA_1	1960.0	1961
Mus_musculus_MTtRNA-Gln-TTG	0	bowtie2	salmon	quantMtRNAseq_Cortex_tRNA_2	1962.0	1961
Mus_musculus_MTtRNA-Gln-TTG	0	bowtie2	salmon	quantMtRNAseq_Cortex_tRNA_3	1963.0	1961
Mus_musculus_MTtRNA-Gln-TTG	0	shrimp	salmon	quantMtRNAseq_Cerebellum_tRNA_1	1917.0	1961
Mus_musculus_MTtRNA-Gln-TTG	0	shrimp	salmon	quantMtRNAseq_Cerebellum_tRNA_2	1902.0	1961
Mus_musculus_MTtRNA-Gln-TTG	0	shrimp	salmon	quantMtRNAseq_Cerebellum_tRNA_3	1957.0	1961
Mus_musculus_MTtRNA-Gln-TTG	0	shrimp	salmon	quantMtRNAseq_Cortex_tRNA_1	1841.0	1961
Mus_musculus_MTtRNA-Gln-TTG	0	shrimp	salmon	quantMtRNAseq_Cortex_tRNA_2	1927.0	1961
Mus_musculus_MTtRNA-Gln-TTG	0	shrimp	salmon	quantMtRNAseq_Cortex_tRNA_3	1948.0	1961
Mus_musculus_MTtRNA-Glu-TTC	0	bowtie2	salmon	quantMtRNAseq_Cerebellum_tRNA_1	1961.0	1961
Mus_musculus_MTtRNA-Glu-TTC	0	bowtie2	salmon	quantMtRNAseq_Cerebellum_tRNA_2	1961.0	1961
Mus_musculus_MTtRNA-Glu-TTC	0	bowtie2	salmon	quantMtRNAseq_Cerebellum_tRNA_3	1962.0	1961
Mus_musculus_MTtRNA-Glu-TTC	0	bowtie2	salmon	quantMtRNAseq_Cortex_tRNA_1	1960.0	1961
Mus_musculus_MTtRNA-Glu-TTC	0	bowtie2	salmon	quantMtRNAseq_Cortex_tRNA_2	1961.0	1961
Mus_musculus_MTtRNA-Glu-TTC	0	bowtie2	salmon	quantMtRNAseq_Cortex_tRNA_3	1961.0	1961
Mus_musculus_MTtRNA-Glu-TTC	0	shrimp	salmon	quantMtRNAseq_Cerebellum_tRNA_1	1952.0	1961
Mus_musculus_MTtRNA-Glu-TTC	0	shrimp	salmon	quantMtRNAseq_Cerebellum_tRNA_2	1947.0	1961
Mus_musculus_MTtRNA-Glu-TTC	0	shrimp	salmon	quantMtRNAseq_Cerebellum_tRNA_3	1955.0	1961
Mus_musculus_MTtRNA-Glu-TTC	0	shrimp	salmon	quantMtRNAseq_Cortex_tRNA_1	1939.0	1961
Mus_musculus_MTtRNA-Glu-TTC	0	shrimp	salmon	quantMtRNAseq_Cortex_tRNA_2	1954.0	1961
Mus_musculus_MTtRNA-Glu-TTC	0	shrimp	salmon	quantMtRNAseq_Cortex_tRNA_3	1954.0	1961
Mus_musculus_MTtRNA-Gly-TCC	0	bowtie2	salmon	quantMtRNAseq_Cerebellum_tRNA_1	1960.0	1961
Mus_musculus_MTtRNA-Gly-TCC	0	bowtie2	salmon	quantMtRNAseq_Cerebellum_tRNA_2	1960.0	1961
Mus_musculus_MTtRNA-Gly-TCC	0	bowtie2	salmon	quantMtRNAseq_Cerebellum_tRNA_3	1961.0	1961
Mus_musculus_MTtRNA-Gly-TCC	0	bowtie2	salmon	quantMtRNAseq_Cortex_tRNA_1	1960.0	1961
Mus_musculus_MTtRNA-Gly-TCC	0	bowtie2	salmon	quantMtRNAseq_Cortex_tRNA_2	1961.0	1961
Mus_musculus_MTtRNA-Gly-TCC	0	bowtie2	salmon	quantMtRNAseq_Cortex_tRNA_3	1962.0	1961
Mus_musculus_MTtRNA-Gly-TCC	0	shrimp	salmon	quantMtRNAseq_Cerebellum_tRNA_1	1886.0	1961
Mus_musculus_MTtRNA-Gly-TCC	0	shrimp	salmon	quantMtRNAseq_Cerebellum_tRNA_2	1939.0	1961
Mus_musculus_MTtRNA-Gly-TCC	0	shrimp	salmon	quantMtRNAseq_Cerebellum_tRNA_3	1941.0	1961
Mus_musculus_MTtRNA-Gly-TCC	0	shrimp	salmon	quantMtRNAseq_Cortex_tRNA_1	1895.0	1961
Mus_musculus_MTtRNA-Gly-TCC	0	shrimp	salmon	quantMtRNAseq_Cortex_tRNA_2	1950.0	1961
Mus_musculus_MTtRNA-Gly-TCC	0	shrimp	salmon	quantMtRNAseq_Cortex_tRNA_3	1955.0	1961
Mus_musculus_MTtRNA-His-GTG	0	bowtie2	salmon	quantMtRNAseq_Cerebellum_tRNA_1	1961.0	1961
Mus_musculus_MTtRNA-His-GTG	0	bowtie2	salmon	quantMtRNAseq_Cerebellum_tRNA_2	1961.0	1961
Mus_musculus_MTtRNA-His-GTG	0	bowtie2	salmon	quantMtRNAseq_Cerebellum_tRNA_3	1961.0	1961
Mus_musculus_MTtRNA-His-GTG	0	bowtie2	salmon	quantMtRNAseq_Cortex_tRNA_1	1960.0	1961
Mus_musculus_MTtRNA-His-GTG	0	bowtie2	salmon	quantMtRNAseq_Cortex_tRNA_2	1960.0	1961
Mus_musculus_MTtRNA-His-GTG	0	bowtie2	salmon	quantMtRNAseq_Cortex_tRNA_3	1961.0	1961
Mus_musculus_MTtRNA-His-GTG	0	shrimp	salmon	quantMtRNAseq_Cerebellum_tRNA_1	1884.0	1961
Mus_musculus_MTtRNA-His-GTG	0	shrimp	salmon	quantMtRNAseq_Cerebellum_tRNA_2	1943.0	1961
Mus_musculus_MTtRNA-His-GTG	0	shrimp	salmon	quantMtRNAseq_Cerebellum_tRNA_3	1936.0	1961
Mus_musculus_MTtRNA-His-GTG	0	shrimp	salmon	quantMtRNAseq_Cortex_tRNA_1	1886.0	1961
Mus_musculus_MTtRNA-His-GTG	0	shrimp	salmon	quantMtRNAseq_Cortex_tRNA_2	1939.0	1961
Mus_musculus_MTtRNA-His-GTG	0	shrimp	salmon	quantMtRNAseq_Cortex_tRNA_3	1945.0	1961
Mus_musculus_MTtRNA-Ile-GAT	0	bowtie2	salmon	quantMtRNAseq_Cerebellum_tRNA_1	1960.0	1961
Mus_musculus_MTtRNA-Ile-GAT	0	bowtie2	salmon	quantMtRNAseq_Cerebellum_tRNA_2	1960.0	1961
Mus_musculus_MTtRNA-Ile-GAT	0	bowtie2	salmon	quantMtRNAseq_Cerebellum_tRNA_3	1961.0	1961
Mus_musculus_MTtRNA-Ile-GAT	0	bowtie2	salmon	quantMtRNAseq_Cortex_tRNA_1	1961.0	1961
Mus_musculus_MTtRNA-Ile-GAT	0	bowtie2	salmon	quantMtRNAseq_Cortex_tRNA_2	1960.0	1961
Mus_musculus_MTtRNA-Ile-GAT	0	bowtie2	salmon	quantMtRNAseq_Cortex_tRNA_3	1960.677	1961
Mus_musculus_MTtRNA-Ile-GAT	0	shrimp	salmon	quantMtRNAseq_Cerebellum_tRNA_1	1764.0	1961
Mus_musculus_MTtRNA-Ile-GAT	0	shrimp	salmon	quantMtRNAseq_Cerebellum_tRNA_2	1905.0	1961
Mus_musculus_MTtRNA-Ile-GAT	0	shrimp	salmon	quantMtRNAseq_Cerebellum_tRNA_3	1901.0	1961
Mus_musculus_MTtRNA-Ile-GAT	0	shrimp	salmon	quantMtRNAseq_Cortex_tRNA_1	1844.0	1961
Mus_musculus_MTtRNA-Ile-GAT	0	shrimp	salmon	quantMtRNAseq_Cortex_tRNA_2	1932.0	1961
Mus_musculus_MTtRNA-Ile-GAT	0	shrimp	salmon	quantMtRNAseq_Cortex_tRNA_3	1925.0	1961
Mus_musculus_MTtRNA-Leu1-TAG	0	bowtie2	salmon	quantMtRNAseq_Cerebellum_tRNA_1	1962.0	1961
Mus_musculus_MTtRNA-Leu1-TAG	0	bowtie2	salmon	quantMtRNAseq_Cerebellum_tRNA_2	1960.0	1961
Mus_musculus_MTtRNA-Leu1-TAG	0	bowtie2	salmon	quantMtRNAseq_Cerebellum_tRNA_3	1961.044	1961
Mus_musculus_MTtRNA-Leu1-TAG	0	bowtie2	salmon	quantMtRNAseq_Cortex_tRNA_1	1960.0	1961
Mus_musculus_MTtRNA-Leu1-TAG	0	bowtie2	salmon	quantMtRNAseq_Cortex_tRNA_2	1960.0	1961
Mus_musculus_MTtRNA-Leu1-TAG	0	bowtie2	salmon	quantMtRNAseq_Cortex_tRNA_3	1961.0	1961
Mus_musculus_MTtRNA-Leu1-TAG	0	shrimp	salmon	quantMtRNAseq_Cerebellum_tRNA_1	1930.0	1961
Mus_musculus_MTtRNA-Leu1-TAG	0	shrimp	salmon	quantMtRNAseq_Cerebellum_tRNA_2	1929.0	1961
Mus_musculus_MTtRNA-Leu1-TAG	0	shrimp	salmon	quantMtRNAseq_Cerebellum_tRNA_3	1952.0	1961
Mus_musculus_MTtRNA-Leu1-TAG	0	shrimp	salmon	quantMtRNAseq_Cortex_tRNA_1	1917.0	1961
Mus_musculus_MTtRNA-Leu1-TAG	0	shrimp	salmon	quantMtRNAseq_Cortex_tRNA_2	1936.0	1961
Mus_musculus_MTtRNA-Leu1-TAG	0	shrimp	salmon	quantMtRNAseq_Cortex_tRNA_3	1952.0	1961
Mus_musculus_MTtRNA-Leu2-TAA	0	bowtie2	salmon	quantMtRNAseq_Cerebellum_tRNA_1	1961.0	1961
Mus_musculus_MTtRNA-Leu2-TAA	0	bowtie2	salmon	quantMtRNAseq_Cerebellum_tRNA_2	1960.0	1961
Mus_musculus_MTtRNA-Leu2-TAA	0	bowtie2	salmon	quantMtRNAseq_Cerebellum_tRNA_3	1962.0	1961
Mus_musculus_MTtRNA-Leu2-TAA	0	bowtie2	salmon	quantMtRNAseq_Cortex_tRNA_1	1961.0	1961
Mus_musculus_MTtRNA-Leu2-TAA	0	bowtie2	salmon	quantMtRNAseq_Cortex_tRNA_2	1961.0	1961
Mus_musculus_MTtRNA-Leu2-TAA	0	bowtie2	salmon	quantMtRNAseq_Cortex_tRNA_3	1961.323	1961
Mus_musculus_MTtRNA-Leu2-TAA	0	shrimp	salmon	quantMtRNAseq_Cerebellum_tRNA_1	1936.0	1961
Mus_musculus_MTtRNA-Leu2-TAA	0	shrimp	salmon	quantMtRNAseq_Cerebellum_tRNA_2	1937.0	1961
Mus_musculus_MTtRNA-Leu2-TAA	0	shrimp	salmon	quantMtRNAseq_Cerebellum_tRNA_3	1952.0	1961
Mus_musculus_MTtRNA-Leu2-TAA	0	shrimp	salmon	quantMtRNAseq_Cortex_tRNA_1	1944.0	1961
Mus_musculus_MTtRNA-Leu2-TAA	0	shrimp	salmon	quantMtRNAseq_Cortex_tRNA_2	1949.0	1961
Mus_musculus_MTtRNA-Leu2-TAA	0	shrimp	salmon	quantMtRNAseq_Cortex_tRNA_3	1957.0	1961
Mus_musculus_MTtRNA-Lys-TTT	0	bowtie2	salmon	quantMtRNAseq_Cerebellum_tRNA_1	1961.0	1961
Mus_musculus_MTtRNA-Lys-TTT	0	bowtie2	salmon	quantMtRNAseq_Cerebellum_tRNA_2	1961.0	1961
Mus_musculus_MTtRNA-Lys-TTT	0	bowtie2	salmon	quantMtRNAseq_Cerebellum_tRNA_3	1961.0	1961
Mus_musculus_MTtRNA-Lys-TTT	0	bowtie2	salmon	quantMtRNAseq_Cortex_tRNA_1	1961.0	1961
Mus_musculus_MTtRNA-Lys-TTT	0	bowtie2	salmon	quantMtRNAseq_Cortex_tRNA_2	1962.0	1961
Mus_musculus_MTtRNA-Lys-TTT	0	bowtie2	salmon	quantMtRNAseq_Cortex_tRNA_3	1961.981	1961
Mus_musculus_MTtRNA-Lys-TTT	0	shrimp	salmon	quantMtRNAseq_Cerebellum_tRNA_1	1885.0	1961
Mus_musculus_MTtRNA-Lys-TTT	0	shrimp	salmon	quantMtRNAseq_Cerebellum_tRNA_2	1940.0	1961
Mus_musculus_MTtRNA-Lys-TTT	0	shrimp	salmon	quantMtRNAseq_Cerebellum_tRNA_3	1928.0	1961
Mus_musculus_MTtRNA-Lys-TTT	0	shrimp	salmon	quantMtRNAseq_Cortex_tRNA_1	1853.0	1961
Mus_musculus_MTtRNA-Lys-TTT	0	shrimp	salmon	quantMtRNAseq_Cortex_tRNA_2	1933.0	1961
Mus_musculus_MTtRNA-Lys-TTT	0	shrimp	salmon	quantMtRNAseq_Cortex_tRNA_3	1946.0	1961
Mus_musculus_MTtRNA-Met-CAT	0	bowtie2	salmon	quantMtRNAseq_Cerebellum_tRNA_1	1961.0	1961
Mus_musculus_MTtRNA-Met-CAT	0	bowtie2	salmon	quantMtRNAseq_Cerebellum_tRNA_2	1961.0	1961
Mus_musculus_MTtRNA-Met-CAT	0	bowtie2	salmon	quantMtRNAseq_Cerebellum_tRNA_3	1959.0	1961
Mus_musculus_MTtRNA-Met-CAT	0	bowtie2	salmon	quantMtRNAseq_Cortex_tRNA_1	1959.0	1961
Mus_musculus_MTtRNA-Met-CAT	0	bowtie2	salmon	quantMtRNAseq_Cortex_tRNA_2	1959.0	1961
Mus_musculus_MTtRNA-Met-CAT	0	bowtie2	salmon	quantMtRNAseq_Cortex_tRNA_3	1961.0	1961
Mus_musculus_MTtRNA-Met-CAT	0	shrimp	salmon	quantMtRNAseq_Cerebellum_tRNA_1	1778.0	1961
Mus_musculus_MTtRNA-Met-CAT	0	shrimp	salmon	quantMtRNAseq_Cerebellum_tRNA_2	1923.0	1961
Mus_musculus_MTtRNA-Met-CAT	0	shrimp	salmon	quantMtRNAseq_Cerebellum_tRNA_3	1909.0	1961
Mus_musculus_MTtRNA-Met-CAT	0	shrimp	salmon	quantMtRNAseq_Cortex_tRNA_1	1810.0	1961
Mus_musculus_MTtRNA-Met-CAT	0	shrimp	salmon	quantMtRNAseq_Cortex_tRNA_2	1928.0	1961
Mus_musculus_MTtRNA-Met-CAT	0	shrimp	salmon	quantMtRNAseq_Cortex_tRNA_3	1936.0	1961
Mus_musculus_MTtRNA-Phe-GAA	0	bowtie2	salmon	quantMtRNAseq_Cerebellum_tRNA_1	1961.0	1961
Mus_musculus_MTtRNA-Phe-GAA	0	bowtie2	salmon	quantMtRNAseq_Cerebellum_tRNA_2	1961.0	1961
Mus_musculus_MTtRNA-Phe-GAA	0	bowtie2	salmon	quantMtRNAseq_Cerebellum_tRNA_3	1961.0	1961
Mus_musculus_MTtRNA-Phe-GAA	0	bowtie2	salmon	quantMtRNAseq_Cortex_tRNA_1	1960.0	1961
Mus_musculus_MTtRNA-Phe-GAA	0	bowtie2	salmon	quantMtRNAseq_Cortex_tRNA_2	1961.0	1961
Mus_musculus_MTtRNA-Phe-GAA	0	bowtie2	salmon	quantMtRNAseq_Cortex_tRNA_3	1961.0	1961
Mus_musculus_MTtRNA-Phe-GAA	0	shrimp	salmon	quantMtRNAseq_Cerebellum_tRNA_1	1948.0	1961
Mus_musculus_MTtRNA-Phe-GAA	0	shrimp	salmon	quantMtRNAseq_Cerebellum_tRNA_2	1950.0	1961
Mus_musculus_MTtRNA-Phe-GAA	0	shrimp	salmon	quantMtRNAseq_Cerebellum_tRNA_3	1955.0	1961
Mus_musculus_MTtRNA-Phe-GAA	0	shrimp	salmon	quantMtRNAseq_Cortex_tRNA_1	1937.0	1961
Mus_musculus_MTtRNA-Phe-GAA	0	shrimp	salmon	quantMtRNAseq_Cortex_tRNA_2	1948.0	1961
Mus_musculus_MTtRNA-Phe-GAA	0	shrimp	salmon	quantMtRNAseq_Cortex_tRNA_3	1949.0	1961
Mus_musculus_MTtRNA-Pro-TGG	0	bowtie2	salmon	quantMtRNAseq_Cerebellum_tRNA_1	1960.0	1961
Mus_musculus_MTtRNA-Pro-TGG	0	bowtie2	salmon	quantMtRNAseq_Cerebellum_tRNA_2	1961.0	1961
Mus_musculus_MTtRNA-Pro-TGG	0	bowtie2	salmon	quantMtRNAseq_Cerebellum_tRNA_3	1961.0	1961
Mus_musculus_MTtRNA-Pro-TGG	0	bowtie2	salmon	quantMtRNAseq_Cortex_tRNA_1	1961.0	1961
Mus_musculus_MTtRNA-Pro-TGG	0	bowtie2	salmon	quantMtRNAseq_Cortex_tRNA_2	1960.0	1961
Mus_musculus_MTtRNA-Pro-TGG	0	bowtie2	salmon	quantMtRNAseq_Cortex_tRNA_3	1961.0	1961
Mus_musculus_MTtRNA-Pro-TGG	0	shrimp	salmon	quantMtRNAseq_Cerebellum_tRNA_1	1868.0	1961
Mus_musculus_MTtRNA-Pro-TGG	0	shrimp	salmon	quantMtRNAseq_Cerebellum_tRNA_2	1936.0	1961
Mus_musculus_MTtRNA-Pro-TGG	0	shrimp	salmon	quantMtRNAseq_Cerebellum_tRNA_3	1930.0	1961
Mus_musculus_MTtRNA-Pro-TGG	0	shrimp	salmon	quantMtRNAseq_Cortex_tRNA_1	1838.0	1961
Mus_musculus_MTtRNA-Pro-TGG	0	shrimp	salmon	quantMtRNAseq_Cortex_tRNA_2	1936.0	1961
Mus_musculus_MTtRNA-Pro-TGG	0	shrimp	salmon	quantMtRNAseq_Cortex_tRNA_3	1945.0	1961
Mus_musculus_MTtRNA-Ser1-GCT	0	bowtie2	salmon	quantMtRNAseq_Cerebellum_tRNA_1	1959.0	1961
Mus_musculus_MTtRNA-Ser1-GCT	0	bowtie2	salmon	quantMtRNAseq_Cerebellum_tRNA_2	1961.0	1961
Mus_musculus_MTtRNA-Ser1-GCT	0	bowtie2	salmon	quantMtRNAseq_Cerebellum_tRNA_3	1960.0	1961
Mus_musculus_MTtRNA-Ser1-GCT	0	bowtie2	salmon	quantMtRNAseq_Cortex_tRNA_1	1959.0	1961
Mus_musculus_MTtRNA-Ser1-GCT	0	bowtie2	salmon	quantMtRNAseq_Cortex_tRNA_2	1961.0	1961
Mus_musculus_MTtRNA-Ser1-GCT	0	bowtie2	salmon	quantMtRNAseq_Cortex_tRNA_3	1961.0	1961
Mus_musculus_MTtRNA-Ser1-GCT	0	shrimp	salmon	quantMtRNAseq_Cerebellum_tRNA_1	1780.0	1961
Mus_musculus_MTtRNA-Ser1-GCT	0	shrimp	salmon	quantMtRNAseq_Cerebellum_tRNA_2	1907.0	1961
Mus_musculus_MTtRNA-Ser1-GCT	0	shrimp	salmon	quantMtRNAseq_Cerebellum_tRNA_3	1879.0	1961
Mus_musculus_MTtRNA-Ser1-GCT	0	shrimp	salmon	quantMtRNAseq_Cortex_tRNA_1	1768.0	1961
Mus_musculus_MTtRNA-Ser1-GCT	0	shrimp	salmon	quantMtRNAseq_Cortex_tRNA_2	1917.0	1961
Mus_musculus_MTtRNA-Ser1-GCT	0	shrimp	salmon	quantMtRNAseq_Cortex_tRNA_3	1930.0	1961
Mus_musculus_MTtRNA-Ser2-TGA	0	bowtie2	salmon	quantMtRNAseq_Cerebellum_tRNA_1	1964.08	1961
Mus_musculus_MTtRNA-Ser2-TGA	0	bowtie2	salmon	quantMtRNAseq_Cerebellum_tRNA_2	1962.441	1961
Mus_musculus_MTtRNA-Ser2-TGA	0	bowtie2	salmon	quantMtRNAseq_Cerebellum_tRNA_3	1964.787	1961
Mus_musculus_MTtRNA-Ser2-TGA	0	bowtie2	salmon	quantMtRNAseq_Cortex_tRNA_1	1967.463	1961
Mus_musculus_MTtRNA-Ser2-TGA	0	bowtie2	salmon	quantMtRNAseq_Cortex_tRNA_2	1968.559	1961
Mus_musculus_MTtRNA-Ser2-TGA	0	bowtie2	salmon	quantMtRNAseq_Cortex_tRNA_3	1971.094	1961
Mus_musculus_MTtRNA-Ser2-TGA	0	shrimp	salmon	quantMtRNAseq_Cerebellum_tRNA_1	1944.0	1961
Mus_musculus_MTtRNA-Ser2-TGA	0	shrimp	salmon	quantMtRNAseq_Cerebellum_tRNA_2	1946.0	1961
Mus_musculus_MTtRNA-Ser2-TGA	0	shrimp	salmon	quantMtRNAseq_Cerebellum_tRNA_3	1946.0	1961
Mus_musculus_MTtRNA-Ser2-TGA	0	shrimp	salmon	quantMtRNAseq_Cortex_tRNA_1	1943.0	1961
Mus_musculus_MTtRNA-Ser2-TGA	0	shrimp	salmon	quantMtRNAseq_Cortex_tRNA_2	1952.0	1961
Mus_musculus_MTtRNA-Ser2-TGA	0	shrimp	salmon	quantMtRNAseq_Cortex_tRNA_3	1946.0	1961
Mus_musculus_MTtRNA-Thr-TGT	0	bowtie2	salmon	quantMtRNAseq_Cerebellum_tRNA_1	1961.0	1961
Mus_musculus_MTtRNA-Thr-TGT	0	bowtie2	salmon	quantMtRNAseq_Cerebellum_tRNA_2	1961.0	1961
Mus_musculus_MTtRNA-Thr-TGT	0	bowtie2	salmon	quantMtRNAseq_Cerebellum_tRNA_3	1961.0	1961
Mus_musculus_MTtRNA-Thr-TGT	0	bowtie2	salmon	quantMtRNAseq_Cortex_tRNA_1	1961.0	1961
Mus_musculus_MTtRNA-Thr-TGT	0	bowtie2	salmon	quantMtRNAseq_Cortex_tRNA_2	1961.0	1961
Mus_musculus_MTtRNA-Thr-TGT	0	bowtie2	salmon	quantMtRNAseq_Cortex_tRNA_3	1961.0	1961
Mus_musculus_MTtRNA-Thr-TGT	0	shrimp	salmon	quantMtRNAseq_Cerebellum_tRNA_1	1943.0	1961
Mus_musculus_MTtRNA-Thr-TGT	0	shrimp	salmon	quantMtRNAseq_Cerebellum_tRNA_2	1953.0	1961
Mus_musculus_MTtRNA-Thr-TGT	0	shrimp	salmon	quantMtRNAseq_Cerebellum_tRNA_3	1956.0	1961
Mus_musculus_MTtRNA-Thr-TGT	0	shrimp	salmon	quantMtRNAseq_Cortex_tRNA_1	1956.0	1961
Mus_musculus_MTtRNA-Thr-TGT	0	shrimp	salmon	quantMtRNAseq_Cortex_tRNA_2	1954.0	1961
Mus_musculus_MTtRNA-Thr-TGT	0	shrimp	salmon	quantMtRNAseq_Cortex_tRNA_3	1959.0	1961
Mus_musculus_MTtRNA-Trp-TCA	0	bowtie2	salmon	quantMtRNAseq_Cerebellum_tRNA_1	1959.0	1961
Mus_musculus_MTtRNA-Trp-TCA	0	bowtie2	salmon	quantMtRNAseq_Cerebellum_tRNA_2	1961.0	1961
Mus_musculus_MTtRNA-Trp-TCA	0	bowtie2	salmon	quantMtRNAseq_Cerebellum_tRNA_3	1961.0	1961
Mus_musculus_MTtRNA-Trp-TCA	0	bowtie2	salmon	quantMtRNAseq_Cortex_tRNA_1	1958.0	1961
Mus_musculus_MTtRNA-Trp-TCA	0	bowtie2	salmon	quantMtRNAseq_Cortex_tRNA_2	1961.0	1961
Mus_musculus_MTtRNA-Trp-TCA	0	bowtie2	salmon	quantMtRNAseq_Cortex_tRNA_3	1959.0	1961
Mus_musculus_MTtRNA-Trp-TCA	0	shrimp	salmon	quantMtRNAseq_Cerebellum_tRNA_1	1823.0	1961
Mus_musculus_MTtRNA-Trp-TCA	0	shrimp	salmon	quantMtRNAseq_Cerebellum_tRNA_2	1891.0	1961
Mus_musculus_MTtRNA-Trp-TCA	0	shrimp	salmon	quantMtRNAseq_Cerebellum_tRNA_3	1856.0	1961
Mus_musculus_MTtRNA-Trp-TCA	0	shrimp	salmon	quantMtRNAseq_Cortex_tRNA_1	1790.0	1961
Mus_musculus_MTtRNA-Trp-TCA	0	shrimp	salmon	quantMtRNAseq_Cortex_tRNA_2	1900.0	1961
Mus_musculus_MTtRNA-Trp-TCA	0	shrimp	salmon	quantMtRNAseq_Cortex_tRNA_3	1870.0	1961
Mus_musculus_MTtRNA-Tyr-GTA	0	bowtie2	salmon	quantMtRNAseq_Cerebellum_tRNA_1	1959.0	1961
Mus_musculus_MTtRNA-Tyr-GTA	0	bowtie2	salmon	quantMtRNAseq_Cerebellum_tRNA_2	1963.0	1961
Mus_musculus_MTtRNA-Tyr-GTA	0	bowtie2	salmon	quantMtRNAseq_Cerebellum_tRNA_3	1961.0	1961
Mus_musculus_MTtRNA-Tyr-GTA	0	bowtie2	salmon	quantMtRNAseq_Cortex_tRNA_1	1960.0	1961
Mus_musculus_MTtRNA-Tyr-GTA	0	bowtie2	salmon	quantMtRNAseq_Cortex_tRNA_2	1962.0	1961
Mus_musculus_MTtRNA-Tyr-GTA	0	bowtie2	salmon	quantMtRNAseq_Cortex_tRNA_3	1963.0	1961
Mus_musculus_MTtRNA-Tyr-GTA	0	shrimp	salmon	quantMtRNAseq_Cerebellum_tRNA_1	1940.0	1961
Mus_musculus_MTtRNA-Tyr-GTA	0	shrimp	salmon	quantMtRNAseq_Cerebellum_tRNA_2	1947.0	1961
Mus_musculus_MTtRNA-Tyr-GTA	0	shrimp	salmon	quantMtRNAseq_Cerebellum_tRNA_3	1936.0	1961
Mus_musculus_MTtRNA-Tyr-GTA	0	shrimp	salmon	quantMtRNAseq_Cortex_tRNA_1	1950.0	1961
Mus_musculus_MTtRNA-Tyr-GTA	0	shrimp	salmon	quantMtRNAseq_Cortex_tRNA_2	1951.0	1961
Mus_musculus_MTtRNA-Tyr-GTA	0	shrimp	salmon	quantMtRNAseq_Cortex_tRNA_3	1938.0	1961
Mus_musculus_MTtRNA-Val-TAC	0	bowtie2	salmon	quantMtRNAseq_Cerebellum_tRNA_1	1958.0	1961
Mus_musculus_MTtRNA-Val-TAC	0	bowtie2	salmon	quantMtRNAseq_Cerebellum_tRNA_2	1962.443	1961
Mus_musculus_MTtRNA-Val-TAC	0	bowtie2	salmon	quantMtRNAseq_Cerebellum_tRNA_3	1961.0	1961
Mus_musculus_MTtRNA-Val-TAC	0	bowtie2	salmon	quantMtRNAseq_Cortex_tRNA_1	1959.0	1961
Mus_musculus_MTtRNA-Val-TAC	0	bowtie2	salmon	quantMtRNAseq_Cortex_tRNA_2	1961.0	1961
Mus_musculus_MTtRNA-Val-TAC	0	bowtie2	salmon	quantMtRNAseq_Cortex_tRNA_3	1959.0	1961
Mus_musculus_MTtRNA-Val-TAC	0	shrimp	salmon	quantMtRNAseq_Cerebellum_tRNA_1	1916.0	1961
Mus_musculus_MTtRNA-Val-TAC	0	shrimp	salmon	quantMtRNAseq_Cerebellum_tRNA_2	1944.0	1961
Mus_musculus_MTtRNA-Val-TAC	0	shrimp	salmon	quantMtRNAseq_Cerebellum_tRNA_3	1946.0	1961
Mus_musculus_MTtRNA-Val-TAC	0	shrimp	salmon	quantMtRNAseq_Cortex_tRNA_1	1879.0	1961
Mus_musculus_MTtRNA-Val-TAC	0	shrimp	salmon	quantMtRNAseq_Cortex_tRNA_2	1950.0	1961
Mus_musculus_MTtRNA-Val-TAC	0	shrimp	salmon	quantMtRNAseq_Cortex_tRNA_3	1944.0	1961
Mus_musculus_tRNA-Ala-AGC	0	bowtie2	salmon	quantMtRNAseq_Cerebellum_tRNA_1	36211.871	39220
Mus_musculus_tRNA-Ala-AGC	0	bowtie2	salmon	quantMtRNAseq_Cerebellum_tRNA_2	35631.817	39220
Mus_musculus_tRNA-Ala-AGC	0	bowtie2	salmon	quantMtRNAseq_Cerebellum_tRNA_3	33981.841	39220
Mus_musculus_tRNA-Ala-AGC	0	bowtie2	salmon	quantMtRNAseq_Cortex_tRNA_1	35321.679	39220
Mus_musculus_tRNA-Ala-AGC	0	bowtie2	salmon	quantMtRNAseq_Cortex_tRNA_2	33924.252	39220
Mus_musculus_tRNA-Ala-AGC	0	bowtie2	salmon	quantMtRNAseq_Cortex_tRNA_3	35777.508	39220
Mus_musculus_tRNA-Ala-AGC	0	shrimp	salmon	quantMtRNAseq_Cerebellum_tRNA_1	24310.497	39220
Mus_musculus_tRNA-Ala-AGC	0	shrimp	salmon	quantMtRNAseq_Cerebellum_tRNA_2	22636.892	39220
Mus_musculus_tRNA-Ala-AGC	0	shrimp	salmon	quantMtRNAseq_Cerebellum_tRNA_3	23665.44	39220
Mus_musculus_tRNA-Ala-AGC	0	shrimp	salmon	quantMtRNAseq_Cortex_tRNA_1	21290.716	39220
Mus_musculus_tRNA-Ala-AGC	0	shrimp	salmon	quantMtRNAseq_Cortex_tRNA_2	22481.147	39220
Mus_musculus_tRNA-Ala-AGC	0	shrimp	salmon	quantMtRNAseq_Cortex_tRNA_3	22989.809	39220
Mus_musculus_tRNA-Ala-CGC	0	bowtie2	salmon	quantMtRNAseq_Cerebellum_tRNA_1	11474.976	15688
Mus_musculus_tRNA-Ala-CGC	0	bowtie2	salmon	quantMtRNAseq_Cerebellum_tRNA_2	11310.861	15688
Mus_musculus_tRNA-Ala-CGC	0	bowtie2	salmon	quantMtRNAseq_Cerebellum_tRNA_3	11332.411	15688
Mus_musculus_tRNA-Ala-CGC	0	bowtie2	salmon	quantMtRNAseq_Cortex_tRNA_1	11484.01	15688
Mus_musculus_tRNA-Ala-CGC	0	bowtie2	salmon	quantMtRNAseq_Cortex_tRNA_2	11696.724	15688
Mus_musculus_tRNA-Ala-CGC	0	bowtie2	salmon	quantMtRNAseq_Cortex_tRNA_3	11071.601	15688
Mus_musculus_tRNA-Ala-CGC	0	shrimp	salmon	quantMtRNAseq_Cerebellum_tRNA_1	5030.332	15688
Mus_musculus_tRNA-Ala-CGC	0	shrimp	salmon	quantMtRNAseq_Cerebellum_tRNA_2	4740.976	15688
Mus_musculus_tRNA-Ala-CGC	0	shrimp	salmon	quantMtRNAseq_Cerebellum_tRNA_3	5582.7300000000005	15688
Mus_musculus_tRNA-Ala-CGC	0	shrimp	salmon	quantMtRNAseq_Cortex_tRNA_1	5165.957	15688
Mus_musculus_tRNA-Ala-CGC	0	shrimp	salmon	quantMtRNAseq_Cortex_tRNA_2	5383.019	15688
Mus_musculus_tRNA-Ala-CGC	0	shrimp	salmon	quantMtRNAseq_Cortex_tRNA_3	5067.82	15688
Mus_musculus_tRNA-Ala-GGC	0	bowtie2	salmon	quantMtRNAseq_Cerebellum_tRNA_1	3644.573	3922
Mus_musculus_tRNA-Ala-GGC	0	bowtie2	salmon	quantMtRNAseq_Cerebellum_tRNA_2	3625.595	3922
Mus_musculus_tRNA-Ala-GGC	0	bowtie2	salmon	quantMtRNAseq_Cerebellum_tRNA_3	3625.018	3922
Mus_musculus_tRNA-Ala-GGC	0	bowtie2	salmon	quantMtRNAseq_Cortex_tRNA_1	3668.706	3922
Mus_musculus_tRNA-Ala-GGC	0	bowtie2	salmon	quantMtRNAseq_Cortex_tRNA_2	3710.212	3922
Mus_musculus_tRNA-Ala-GGC	0	bowtie2	salmon	quantMtRNAseq_Cortex_tRNA_3	3707.501	3922
Mus_musculus_tRNA-Ala-GGC	0	shrimp	salmon	quantMtRNAseq_Cerebellum_tRNA_1	0.0	3922
Mus_musculus_tRNA-Ala-GGC	0	shrimp	salmon	quantMtRNAseq_Cerebellum_tRNA_2	2.5	3922
Mus_musculus_tRNA-Ala-GGC	0	shrimp	salmon	quantMtRNAseq_Cerebellum_tRNA_3	0.0	3922
Mus_musculus_tRNA-Ala-GGC	0	shrimp	salmon	quantMtRNAseq_Cortex_tRNA_1	1.0	3922
Mus_musculus_tRNA-Ala-GGC	0	shrimp	salmon	quantMtRNAseq_Cortex_tRNA_2	0.0	3922
Mus_musculus_tRNA-Ala-GGC	0	shrimp	salmon	quantMtRNAseq_Cortex_tRNA_3	0.0	3922
Mus_musculus_tRNA-Ala-TGC	0	bowtie2	salmon	quantMtRNAseq_Cerebellum_tRNA_1	24835.545000000002	21571
Mus_musculus_tRNA-Ala-TGC	0	bowtie2	salmon	quantMtRNAseq_Cerebellum_tRNA_2	25352.421	21571
Mus_musculus_tRNA-Ala-TGC	0	bowtie2	salmon	quantMtRNAseq_Cerebellum_tRNA_3	24936.998	21571
Mus_musculus_tRNA-Ala-TGC	0	bowtie2	salmon	quantMtRNAseq_Cortex_tRNA_1	24713.392	21571
Mus_musculus_tRNA-Ala-TGC	0	bowtie2	salmon	quantMtRNAseq_Cortex_tRNA_2	24491.289	21571
Mus_musculus_tRNA-Ala-TGC	0	bowtie2	salmon	quantMtRNAseq_Cortex_tRNA_3	25833.799	21571
Mus_musculus_tRNA-Ala-TGC	0	shrimp	salmon	quantMtRNAseq_Cerebellum_tRNA_1	12498.082	21571
Mus_musculus_tRNA-Ala-TGC	0	shrimp	salmon	quantMtRNAseq_Cerebellum_tRNA_2	12163.289	21571
Mus_musculus_tRNA-Ala-TGC	0	shrimp	salmon	quantMtRNAseq_Cerebellum_tRNA_3	14651.89	21571
Mus_musculus_tRNA-Ala-TGC	0	shrimp	salmon	quantMtRNAseq_Cortex_tRNA_1	13034.163	21571
Mus_musculus_tRNA-Ala-TGC	0	shrimp	salmon	quantMtRNAseq_Cortex_tRNA_2	13355.749	21571
Mus_musculus_tRNA-Ala-TGC	0	shrimp	salmon	quantMtRNAseq_Cortex_tRNA_3	14742.073	21571
Mus_musculus_tRNA-Arg-ACG	0	bowtie2	salmon	quantMtRNAseq_Cerebellum_tRNA_1	11812.380000000001	11766
Mus_musculus_tRNA-Arg-ACG	0	bowtie2	salmon	quantMtRNAseq_Cerebellum_tRNA_2	11796.525	11766
Mus_musculus_tRNA-Arg-ACG	0	bowtie2	salmon	quantMtRNAseq_Cerebellum_tRNA_3	12032.309	11766
Mus_musculus_tRNA-Arg-ACG	0	bowtie2	salmon	quantMtRNAseq_Cortex_tRNA_1	11612.734	11766
Mus_musculus_tRNA-Arg-ACG	0	bowtie2	salmon	quantMtRNAseq_Cortex_tRNA_2	11630.571	11766
Mus_musculus_tRNA-Arg-ACG	0	bowtie2	salmon	quantMtRNAseq_Cortex_tRNA_3	11855.983	11766
Mus_musculus_tRNA-Arg-ACG	0	shrimp	salmon	quantMtRNAseq_Cerebellum_tRNA_1	9604.886	11766
Mus_musculus_tRNA-Arg-ACG	0	shrimp	salmon	quantMtRNAseq_Cerebellum_tRNA_2	9405.628	11766
Mus_musculus_tRNA-Arg-ACG	0	shrimp	salmon	quantMtRNAseq_Cerebellum_tRNA_3	10994.485	11766
Mus_musculus_tRNA-Arg-ACG	0	shrimp	salmon	quantMtRNAseq_Cortex_tRNA_1	7183.216	11766
Mus_musculus_tRNA-Arg-ACG	0	shrimp	salmon	quantMtRNAseq_Cortex_tRNA_2	9072.817	11766
Mus_musculus_tRNA-Arg-ACG	0	shrimp	salmon	quantMtRNAseq_Cortex_tRNA_3	10680.275	11766
Mus_musculus_tRNA-Arg-CCG	0	bowtie2	salmon	quantMtRNAseq_Cerebellum_tRNA_1	6751.677	5883
Mus_musculus_tRNA-Arg-CCG	0	bowtie2	salmon	quantMtRNAseq_Cerebellum_tRNA_2	6860.013	5883
Mus_musculus_tRNA-Arg-CCG	0	bowtie2	salmon	quantMtRNAseq_Cerebellum_tRNA_3	6543.45	5883
Mus_musculus_tRNA-Arg-CCG	0	bowtie2	salmon	quantMtRNAseq_Cortex_tRNA_1	7146.384	5883
Mus_musculus_tRNA-Arg-CCG	0	bowtie2	salmon	quantMtRNAseq_Cortex_tRNA_2	6782.377	5883
Mus_musculus_tRNA-Arg-CCG	0	bowtie2	salmon	quantMtRNAseq_Cortex_tRNA_3	6610.928	5883
Mus_musculus_tRNA-Arg-CCG	0	shrimp	salmon	quantMtRNAseq_Cerebellum_tRNA_1	6149.245999999999	5883
Mus_musculus_tRNA-Arg-CCG	0	shrimp	salmon	quantMtRNAseq_Cerebellum_tRNA_2	6194.014	5883
Mus_musculus_tRNA-Arg-CCG	0	shrimp	salmon	quantMtRNAseq_Cerebellum_tRNA_3	6066.197	5883
Mus_musculus_tRNA-Arg-CCG	0	shrimp	salmon	quantMtRNAseq_Cortex_tRNA_1	5748.003	5883
Mus_musculus_tRNA-Arg-CCG	0	shrimp	salmon	quantMtRNAseq_Cortex_tRNA_2	6133.457	5883
Mus_musculus_tRNA-Arg-CCG	0	shrimp	salmon	quantMtRNAseq_Cortex_tRNA_3	6137.063	5883
Mus_musculus_tRNA-Arg-CCT	0	bowtie2	salmon	quantMtRNAseq_Cerebellum_tRNA_1	11021.934000000001	9805
Mus_musculus_tRNA-Arg-CCT	0	bowtie2	salmon	quantMtRNAseq_Cerebellum_tRNA_2	10968.462	9805
Mus_musculus_tRNA-Arg-CCT	0	bowtie2	salmon	quantMtRNAseq_Cerebellum_tRNA_3	11038.285	9805
Mus_musculus_tRNA-Arg-CCT	0	bowtie2	salmon	quantMtRNAseq_Cortex_tRNA_1	11076.918	9805
Mus_musculus_tRNA-Arg-CCT	0	bowtie2	salmon	quantMtRNAseq_Cortex_tRNA_2	10954.865	9805
Mus_musculus_tRNA-Arg-CCT	0	bowtie2	salmon	quantMtRNAseq_Cortex_tRNA_3	10747.354	9805
Mus_musculus_tRNA-Arg-CCT	0	shrimp	salmon	quantMtRNAseq_Cerebellum_tRNA_1	9729.824	9805
Mus_musculus_tRNA-Arg-CCT	0	shrimp	salmon	quantMtRNAseq_Cerebellum_tRNA_2	9722.994	9805
Mus_musculus_tRNA-Arg-CCT	0	shrimp	salmon	quantMtRNAseq_Cerebellum_tRNA_3	9784.001	9805
Mus_musculus_tRNA-Arg-CCT	0	shrimp	salmon	quantMtRNAseq_Cortex_tRNA_1	9705.017	9805
Mus_musculus_tRNA-Arg-CCT	0	shrimp	salmon	quantMtRNAseq_Cortex_tRNA_2	9747.0	9805
Mus_musculus_tRNA-Arg-CCT	0	shrimp	salmon	quantMtRNAseq_Cortex_tRNA_3	9751.995	9805
Mus_musculus_tRNA-Arg-TCG	0	bowtie2	salmon	quantMtRNAseq_Cerebellum_tRNA_1	9070.185	9805
Mus_musculus_tRNA-Arg-TCG	0	bowtie2	salmon	quantMtRNAseq_Cerebellum_tRNA_2	8947.927	9805
Mus_musculus_tRNA-Arg-TCG	0	bowtie2	salmon	quantMtRNAseq_Cerebellum_tRNA_3	9322.355	9805
Mus_musculus_tRNA-Arg-TCG	0	bowtie2	salmon	quantMtRNAseq_Cortex_tRNA_1	8537.298999999999	9805
Mus_musculus_tRNA-Arg-TCG	0	bowtie2	salmon	quantMtRNAseq_Cortex_tRNA_2	9018.257	9805
Mus_musculus_tRNA-Arg-TCG	0	bowtie2	salmon	quantMtRNAseq_Cortex_tRNA_3	9175.733	9805
Mus_musculus_tRNA-Arg-TCG	0	shrimp	salmon	quantMtRNAseq_Cerebellum_tRNA_1	7319.9310000000005	9805
Mus_musculus_tRNA-Arg-TCG	0	shrimp	salmon	quantMtRNAseq_Cerebellum_tRNA_2	6806.963	9805
Mus_musculus_tRNA-Arg-TCG	0	shrimp	salmon	quantMtRNAseq_Cerebellum_tRNA_3	8139.803	9805
Mus_musculus_tRNA-Arg-TCG	0	shrimp	salmon	quantMtRNAseq_Cortex_tRNA_1	4326.981	9805
Mus_musculus_tRNA-Arg-TCG	0	shrimp	salmon	quantMtRNAseq_Cortex_tRNA_2	6837.543	9805
Mus_musculus_tRNA-Arg-TCG	0	shrimp	salmon	quantMtRNAseq_Cortex_tRNA_3	7678.941	9805
Mus_musculus_tRNA-Arg-TCT	0	bowtie2	salmon	quantMtRNAseq_Cerebellum_tRNA_1	12048.615	13727
Mus_musculus_tRNA-Arg-TCT	0	bowtie2	salmon	quantMtRNAseq_Cerebellum_tRNA_2	11990.77	13727
Mus_musculus_tRNA-Arg-TCT	0	bowtie2	salmon	quantMtRNAseq_Cerebellum_tRNA_3	11841.657	13727
Mus_musculus_tRNA-Arg-TCT	0	bowtie2	salmon	quantMtRNAseq_Cortex_tRNA_1	11666.272	13727
Mus_musculus_tRNA-Arg-TCT	0	bowtie2	salmon	quantMtRNAseq_Cortex_tRNA_2	11850.3	13727
Mus_musculus_tRNA-Arg-TCT	0	bowtie2	salmon	quantMtRNAseq_Cortex_tRNA_3	11811.681	13727
Mus_musculus_tRNA-Arg-TCT	0	shrimp	salmon	quantMtRNAseq_Cerebellum_tRNA_1	10674.014	13727
Mus_musculus_tRNA-Arg-TCT	0	shrimp	salmon	quantMtRNAseq_Cerebellum_tRNA_2	10513.0	13727
Mus_musculus_tRNA-Arg-TCT	0	shrimp	salmon	quantMtRNAseq_Cerebellum_tRNA_3	10911.753	13727
Mus_musculus_tRNA-Arg-TCT	0	shrimp	salmon	quantMtRNAseq_Cortex_tRNA_1	8300.003	13727
Mus_musculus_tRNA-Arg-TCT	0	shrimp	salmon	quantMtRNAseq_Cortex_tRNA_2	10373.0	13727
Mus_musculus_tRNA-Arg-TCT	0	shrimp	salmon	quantMtRNAseq_Cortex_tRNA_3	10497.001	13727
Mus_musculus_tRNA-Asn-ATT	0	bowtie2	salmon	quantMtRNAseq_Cerebellum_tRNA_1	2004.499	1961
Mus_musculus_tRNA-Asn-ATT	0	bowtie2	salmon	quantMtRNAseq_Cerebellum_tRNA_2	2682.953	1961
Mus_musculus_tRNA-Asn-ATT	0	bowtie2	salmon	quantMtRNAseq_Cerebellum_tRNA_3	2161.6929999999998	1961
Mus_musculus_tRNA-Asn-ATT	0	bowtie2	salmon	quantMtRNAseq_Cortex_tRNA_1	2867.186	1961
Mus_musculus_tRNA-Asn-ATT	0	bowtie2	salmon	quantMtRNAseq_Cortex_tRNA_2	2595.85	1961
Mus_musculus_tRNA-Asn-ATT	0	bowtie2	salmon	quantMtRNAseq_Cortex_tRNA_3	2389.372	1961
Mus_musculus_tRNA-Asn-ATT	0	shrimp	salmon	quantMtRNAseq_Cerebellum_tRNA_1	0.0	1961
Mus_musculus_tRNA-Asn-ATT	0	shrimp	salmon	quantMtRNAseq_Cerebellum_tRNA_2	2.0	1961
Mus_musculus_tRNA-Asn-ATT	0	shrimp	salmon	quantMtRNAseq_Cerebellum_tRNA_3	1.0	1961
Mus_musculus_tRNA-Asn-ATT	0	shrimp	salmon	quantMtRNAseq_Cortex_tRNA_1	1962.75	1961
Mus_musculus_tRNA-Asn-ATT	0	shrimp	salmon	quantMtRNAseq_Cortex_tRNA_2	2.002	1961
Mus_musculus_tRNA-Asn-ATT	0	shrimp	salmon	quantMtRNAseq_Cortex_tRNA_3	656.027	1961
Mus_musculus_tRNA-Asn-GTT	0	bowtie2	salmon	quantMtRNAseq_Cerebellum_tRNA_1	34341.53	35298
Mus_musculus_tRNA-Asn-GTT	0	bowtie2	salmon	quantMtRNAseq_Cerebellum_tRNA_2	34149.153	35298
Mus_musculus_tRNA-Asn-GTT	0	bowtie2	salmon	quantMtRNAseq_Cerebellum_tRNA_3	35367.14	35298
Mus_musculus_tRNA-Asn-GTT	0	bowtie2	salmon	quantMtRNAseq_Cortex_tRNA_1	28063.652	35298
Mus_musculus_tRNA-Asn-GTT	0	bowtie2	salmon	quantMtRNAseq_Cortex_tRNA_2	34514.958	35298
Mus_musculus_tRNA-Asn-GTT	0	bowtie2	salmon	quantMtRNAseq_Cortex_tRNA_3	35004.252	35298
Mus_musculus_tRNA-Asn-GTT	0	shrimp	salmon	quantMtRNAseq_Cerebellum_tRNA_1	31582.392	35298
Mus_musculus_tRNA-Asn-GTT	0	shrimp	salmon	quantMtRNAseq_Cerebellum_tRNA_2	31225.898	35298
Mus_musculus_tRNA-Asn-GTT	0	shrimp	salmon	quantMtRNAseq_Cerebellum_tRNA_3	33083.09	35298
Mus_musculus_tRNA-Asn-GTT	0	shrimp	salmon	quantMtRNAseq_Cortex_tRNA_1	20671.0	35298
Mus_musculus_tRNA-Asn-GTT	0	shrimp	salmon	quantMtRNAseq_Cortex_tRNA_2	31398.225	35298
Mus_musculus_tRNA-Asn-GTT	0	shrimp	salmon	quantMtRNAseq_Cortex_tRNA_3	32943.937	35298
Mus_musculus_tRNA-Asp-ATC	0	bowtie2	salmon	quantMtRNAseq_Cerebellum_tRNA_1	325.058	1961
Mus_musculus_tRNA-Asp-ATC	0	bowtie2	salmon	quantMtRNAseq_Cerebellum_tRNA_2	637.933	1961
Mus_musculus_tRNA-Asp-ATC	0	bowtie2	salmon	quantMtRNAseq_Cerebellum_tRNA_3	602.4169999999999	1961
Mus_musculus_tRNA-Asp-ATC	0	bowtie2	salmon	quantMtRNAseq_Cortex_tRNA_1	1853.615	1961
Mus_musculus_tRNA-Asp-ATC	0	bowtie2	salmon	quantMtRNAseq_Cortex_tRNA_2	1788.4299999999998	1961
Mus_musculus_tRNA-Asp-ATC	0	bowtie2	salmon	quantMtRNAseq_Cortex_tRNA_3	924.182	1961
Mus_musculus_tRNA-Asp-ATC	0	shrimp	salmon	quantMtRNAseq_Cerebellum_tRNA_1	3.993	1961
Mus_musculus_tRNA-Asp-ATC	0	shrimp	salmon	quantMtRNAseq_Cerebellum_tRNA_2	4.997	1961
Mus_musculus_tRNA-Asp-ATC	0	shrimp	salmon	quantMtRNAseq_Cerebellum_tRNA_3	587.049	1961
Mus_musculus_tRNA-Asp-ATC	0	shrimp	salmon	quantMtRNAseq_Cortex_tRNA_1	604.997	1961
Mus_musculus_tRNA-Asp-ATC	0	shrimp	salmon	quantMtRNAseq_Cortex_tRNA_2	0.986	1961
Mus_musculus_tRNA-Asp-ATC	0	shrimp	salmon	quantMtRNAseq_Cortex_tRNA_3	1.0	1961
Mus_musculus_tRNA-Asp-GTC	0	bowtie2	salmon	quantMtRNAseq_Cerebellum_tRNA_1	32977.311	31376
Mus_musculus_tRNA-Asp-GTC	0	bowtie2	salmon	quantMtRNAseq_Cerebellum_tRNA_2	32636.139	31376
Mus_musculus_tRNA-Asp-GTC	0	bowtie2	salmon	quantMtRNAseq_Cerebellum_tRNA_3	32748.038	31376
Mus_musculus_tRNA-Asp-GTC	0	bowtie2	salmon	quantMtRNAseq_Cortex_tRNA_1	31434.183	31376
Mus_musculus_tRNA-Asp-GTC	0	bowtie2	salmon	quantMtRNAseq_Cortex_tRNA_2	31420.028	31376
Mus_musculus_tRNA-Asp-GTC	0	bowtie2	salmon	quantMtRNAseq_Cortex_tRNA_3	32367.95	31376
Mus_musculus_tRNA-Asp-GTC	0	shrimp	salmon	quantMtRNAseq_Cerebellum_tRNA_1	31288.344	31376
Mus_musculus_tRNA-Asp-GTC	0	shrimp	salmon	quantMtRNAseq_Cerebellum_tRNA_2	31064.001	31376
Mus_musculus_tRNA-Asp-GTC	0	shrimp	salmon	quantMtRNAseq_Cerebellum_tRNA_3	31713.943	31376
Mus_musculus_tRNA-Asp-GTC	0	shrimp	salmon	quantMtRNAseq_Cortex_tRNA_1	31181.0	31376
Mus_musculus_tRNA-Asp-GTC	0	shrimp	salmon	quantMtRNAseq_Cortex_tRNA_2	31202.999	31376
Mus_musculus_tRNA-Asp-GTC	0	shrimp	salmon	quantMtRNAseq_Cortex_tRNA_3	31272.0	31376
Mus_musculus_tRNA-Cys-ACA	0	bowtie2	salmon	quantMtRNAseq_Cerebellum_tRNA_1	17.031	0
Mus_musculus_tRNA-Cys-ACA	0	bowtie2	salmon	quantMtRNAseq_Cerebellum_tRNA_2	6.263	0
Mus_musculus_tRNA-Cys-ACA	0	bowtie2	salmon	quantMtRNAseq_Cerebellum_tRNA_3	2.061	0
Mus_musculus_tRNA-Cys-ACA	0	bowtie2	salmon	quantMtRNAseq_Cortex_tRNA_1	4.156	0
Mus_musculus_tRNA-Cys-ACA	0	bowtie2	salmon	quantMtRNAseq_Cortex_tRNA_2	2.438	0
Mus_musculus_tRNA-Cys-ACA	0	bowtie2	salmon	quantMtRNAseq_Cortex_tRNA_3	10.404	0
Mus_musculus_tRNA-Cys-ACA	0	shrimp	salmon	quantMtRNAseq_Cerebellum_tRNA_1	1.0	0
Mus_musculus_tRNA-Cys-ACA	0	shrimp	salmon	quantMtRNAseq_Cerebellum_tRNA_2	0.0	0
Mus_musculus_tRNA-Cys-ACA	0	shrimp	salmon	quantMtRNAseq_Cerebellum_tRNA_3	0.0	0
Mus_musculus_tRNA-Cys-ACA	0	shrimp	salmon	quantMtRNAseq_Cortex_tRNA_1	0.0	0
Mus_musculus_tRNA-Cys-ACA	0	shrimp	salmon	quantMtRNAseq_Cortex_tRNA_2	0.0	0
Mus_musculus_tRNA-Cys-ACA	0	shrimp	salmon	quantMtRNAseq_Cortex_tRNA_3	0.0	0
Mus_musculus_tRNA-Cys-GCA	0	bowtie2	salmon	quantMtRNAseq_Cerebellum_tRNA_1	110553.26000000001	113738
Mus_musculus_tRNA-Cys-GCA	0	bowtie2	salmon	quantMtRNAseq_Cerebellum_tRNA_2	109937.046	113738
Mus_musculus_tRNA-Cys-GCA	0	bowtie2	salmon	quantMtRNAseq_Cerebellum_tRNA_3	110550.94299999998	113738
Mus_musculus_tRNA-Cys-GCA	0	bowtie2	salmon	quantMtRNAseq_Cortex_tRNA_1	109847.055	113738
Mus_musculus_tRNA-Cys-GCA	0	bowtie2	salmon	quantMtRNAseq_Cortex_tRNA_2	110489.15299999999	113738
Mus_musculus_tRNA-Cys-GCA	0	bowtie2	salmon	quantMtRNAseq_Cortex_tRNA_3	110436.34300000001	113738
Mus_musculus_tRNA-Cys-GCA	0	shrimp	salmon	quantMtRNAseq_Cerebellum_tRNA_1	32466.099000000002	113738
Mus_musculus_tRNA-Cys-GCA	0	shrimp	salmon	quantMtRNAseq_Cerebellum_tRNA_2	25492.999	113738
Mus_musculus_tRNA-Cys-GCA	0	shrimp	salmon	quantMtRNAseq_Cerebellum_tRNA_3	30111.002	113738
Mus_musculus_tRNA-Cys-GCA	0	shrimp	salmon	quantMtRNAseq_Cortex_tRNA_1	8841.999	113738
Mus_musculus_tRNA-Cys-GCA	0	shrimp	salmon	quantMtRNAseq_Cortex_tRNA_2	30408.001	113738
Mus_musculus_tRNA-Cys-GCA	0	shrimp	salmon	quantMtRNAseq_Cortex_tRNA_3	26623.24	113738
Mus_musculus_tRNA-Gln-CTG	0	bowtie2	salmon	quantMtRNAseq_Cerebellum_tRNA_1	22901.619	25493
Mus_musculus_tRNA-Gln-CTG	0	bowtie2	salmon	quantMtRNAseq_Cerebellum_tRNA_2	23739.293999999998	25493
Mus_musculus_tRNA-Gln-CTG	0	bowtie2	salmon	quantMtRNAseq_Cerebellum_tRNA_3	23261.362	25493
Mus_musculus_tRNA-Gln-CTG	0	bowtie2	salmon	quantMtRNAseq_Cortex_tRNA_1	26672.365999999998	25493
Mus_musculus_tRNA-Gln-CTG	0	bowtie2	salmon	quantMtRNAseq_Cortex_tRNA_2	24227.764	25493
Mus_musculus_tRNA-Gln-CTG	0	bowtie2	salmon	quantMtRNAseq_Cortex_tRNA_3	24004.692	25493
Mus_musculus_tRNA-Gln-CTG	0	shrimp	salmon	quantMtRNAseq_Cerebellum_tRNA_1	5402.916	25493
Mus_musculus_tRNA-Gln-CTG	0	shrimp	salmon	quantMtRNAseq_Cerebellum_tRNA_2	4086.621	25493
Mus_musculus_tRNA-Gln-CTG	0	shrimp	salmon	quantMtRNAseq_Cerebellum_tRNA_3	5618.218	25493
Mus_musculus_tRNA-Gln-CTG	0	shrimp	salmon	quantMtRNAseq_Cortex_tRNA_1	1606.587	25493
Mus_musculus_tRNA-Gln-CTG	0	shrimp	salmon	quantMtRNAseq_Cortex_tRNA_2	3642.458	25493
Mus_musculus_tRNA-Gln-CTG	0	shrimp	salmon	quantMtRNAseq_Cortex_tRNA_3	4432.263	25493
Mus_musculus_tRNA-Gln-TTG	0	bowtie2	salmon	quantMtRNAseq_Cerebellum_tRNA_1	13149.737	11766
Mus_musculus_tRNA-Gln-TTG	0	bowtie2	salmon	quantMtRNAseq_Cerebellum_tRNA_2	12396.158	11766
Mus_musculus_tRNA-Gln-TTG	0	bowtie2	salmon	quantMtRNAseq_Cerebellum_tRNA_3	12945.784	11766
Mus_musculus_tRNA-Gln-TTG	0	bowtie2	salmon	quantMtRNAseq_Cortex_tRNA_1	9176.268	11766
Mus_musculus_tRNA-Gln-TTG	0	bowtie2	salmon	quantMtRNAseq_Cortex_tRNA_2	11861.82	11766
Mus_musculus_tRNA-Gln-TTG	0	bowtie2	salmon	quantMtRNAseq_Cortex_tRNA_3	12250.663	11766
Mus_musculus_tRNA-Gln-TTG	0	shrimp	salmon	quantMtRNAseq_Cerebellum_tRNA_1	4681.987	11766
Mus_musculus_tRNA-Gln-TTG	0	shrimp	salmon	quantMtRNAseq_Cerebellum_tRNA_2	3869.377	11766
Mus_musculus_tRNA-Gln-TTG	0	shrimp	salmon	quantMtRNAseq_Cerebellum_tRNA_3	4795.781	11766
Mus_musculus_tRNA-Gln-TTG	0	shrimp	salmon	quantMtRNAseq_Cortex_tRNA_1	2271.4120000000003	11766
Mus_musculus_tRNA-Gln-TTG	0	shrimp	salmon	quantMtRNAseq_Cortex_tRNA_2	3533.5299999999997	11766
Mus_musculus_tRNA-Gln-TTG	0	shrimp	salmon	quantMtRNAseq_Cortex_tRNA_3	3914.737	11766
Mus_musculus_tRNA-Glu-CTC	0	bowtie2	salmon	quantMtRNAseq_Cerebellum_tRNA_1	23083.389	23532
Mus_musculus_tRNA-Glu-CTC	0	bowtie2	salmon	quantMtRNAseq_Cerebellum_tRNA_2	23545.581000000002	23532
Mus_musculus_tRNA-Glu-CTC	0	bowtie2	salmon	quantMtRNAseq_Cerebellum_tRNA_3	23776.035	23532
Mus_musculus_tRNA-Glu-CTC	0	bowtie2	salmon	quantMtRNAseq_Cortex_tRNA_1	23133.933	23532
Mus_musculus_tRNA-Glu-CTC	0	bowtie2	salmon	quantMtRNAseq_Cortex_tRNA_2	24581.124	23532
Mus_musculus_tRNA-Glu-CTC	0	bowtie2	salmon	quantMtRNAseq_Cortex_tRNA_3	24050.44	23532
Mus_musculus_tRNA-Glu-CTC	0	shrimp	salmon	quantMtRNAseq_Cerebellum_tRNA_1	21622.112	23532
Mus_musculus_tRNA-Glu-CTC	0	shrimp	salmon	quantMtRNAseq_Cerebellum_tRNA_2	21487.687	23532
Mus_musculus_tRNA-Glu-CTC	0	shrimp	salmon	quantMtRNAseq_Cerebellum_tRNA_3	21737.454	23532
Mus_musculus_tRNA-Glu-CTC	0	shrimp	salmon	quantMtRNAseq_Cortex_tRNA_1	21040.156	23532
Mus_musculus_tRNA-Glu-CTC	0	shrimp	salmon	quantMtRNAseq_Cortex_tRNA_2	21592.5	23532
Mus_musculus_tRNA-Glu-CTC	0	shrimp	salmon	quantMtRNAseq_Cortex_tRNA_3	21647.221	23532
Mus_musculus_tRNA-Glu-TTC	0	bowtie2	salmon	quantMtRNAseq_Cerebellum_tRNA_1	16852.472	17649
Mus_musculus_tRNA-Glu-TTC	0	bowtie2	salmon	quantMtRNAseq_Cerebellum_tRNA_2	16392.156	17649
Mus_musculus_tRNA-Glu-TTC	0	bowtie2	salmon	quantMtRNAseq_Cerebellum_tRNA_3	15904.702000000001	17649
Mus_musculus_tRNA-Glu-TTC	0	bowtie2	salmon	quantMtRNAseq_Cortex_tRNA_1	16541.565	17649
Mus_musculus_tRNA-Glu-TTC	0	bowtie2	salmon	quantMtRNAseq_Cortex_tRNA_2	16016.501	17649
Mus_musculus_tRNA-Glu-TTC	0	bowtie2	salmon	quantMtRNAseq_Cortex_tRNA_3	16003.048999999999	17649
Mus_musculus_tRNA-Glu-TTC	0	shrimp	salmon	quantMtRNAseq_Cerebellum_tRNA_1	15422.471	17649
Mus_musculus_tRNA-Glu-TTC	0	shrimp	salmon	quantMtRNAseq_Cerebellum_tRNA_2	15404.02	17649
Mus_musculus_tRNA-Glu-TTC	0	shrimp	salmon	quantMtRNAseq_Cerebellum_tRNA_3	15251.810000000001	17649
Mus_musculus_tRNA-Glu-TTC	0	shrimp	salmon	quantMtRNAseq_Cortex_tRNA_1	14499.896	17649
Mus_musculus_tRNA-Glu-TTC	0	shrimp	salmon	quantMtRNAseq_Cortex_tRNA_2	14893.359	17649
Mus_musculus_tRNA-Glu-TTC	0	shrimp	salmon	quantMtRNAseq_Cortex_tRNA_3	15282.365	17649
Mus_musculus_tRNA-Gly-ACC	0	bowtie2	salmon	quantMtRNAseq_Cerebellum_tRNA_1	32.405	1961
Mus_musculus_tRNA-Gly-ACC	0	bowtie2	salmon	quantMtRNAseq_Cerebellum_tRNA_2	56.31	1961
Mus_musculus_tRNA-Gly-ACC	0	bowtie2	salmon	quantMtRNAseq_Cerebellum_tRNA_3	43.19	1961
Mus_musculus_tRNA-Gly-ACC	0	bowtie2	salmon	quantMtRNAseq_Cortex_tRNA_1	41.192	1961
Mus_musculus_tRNA-Gly-ACC	0	bowtie2	salmon	quantMtRNAseq_Cortex_tRNA_2	45.502	1961
Mus_musculus_tRNA-Gly-ACC	0	bowtie2	salmon	quantMtRNAseq_Cortex_tRNA_3	44.053	1961
Mus_musculus_tRNA-Gly-ACC	0	shrimp	salmon	quantMtRNAseq_Cerebellum_tRNA_1	21.997	1961
Mus_musculus_tRNA-Gly-ACC	0	shrimp	salmon	quantMtRNAseq_Cerebellum_tRNA_2	29.024	1961
Mus_musculus_tRNA-Gly-ACC	0	shrimp	salmon	quantMtRNAseq_Cerebellum_tRNA_3	26.589	1961
Mus_musculus_tRNA-Gly-ACC	0	shrimp	salmon	quantMtRNAseq_Cortex_tRNA_1	9.173	1961
Mus_musculus_tRNA-Gly-ACC	0	shrimp	salmon	quantMtRNAseq_Cortex_tRNA_2	21.832	1961
Mus_musculus_tRNA-Gly-ACC	0	shrimp	salmon	quantMtRNAseq_Cortex_tRNA_3	23.597	1961
Mus_musculus_tRNA-Gly-CCC	0	bowtie2	salmon	quantMtRNAseq_Cerebellum_tRNA_1	13695.538	13727
Mus_musculus_tRNA-Gly-CCC	0	bowtie2	salmon	quantMtRNAseq_Cerebellum_tRNA_2	13651.243	13727
Mus_musculus_tRNA-Gly-CCC	0	bowtie2	salmon	quantMtRNAseq_Cerebellum_tRNA_3	13723.198	13727
Mus_musculus_tRNA-Gly-CCC	0	bowtie2	salmon	quantMtRNAseq_Cortex_tRNA_1	13829.844000000001	13727
Mus_musculus_tRNA-Gly-CCC	0	bowtie2	salmon	quantMtRNAseq_Cortex_tRNA_2	13726.3	13727
Mus_musculus_tRNA-Gly-CCC	0	bowtie2	salmon	quantMtRNAseq_Cortex_tRNA_3	13721.137	13727
Mus_musculus_tRNA-Gly-CCC	0	shrimp	salmon	quantMtRNAseq_Cerebellum_tRNA_1	13498.983	13727
Mus_musculus_tRNA-Gly-CCC	0	shrimp	salmon	quantMtRNAseq_Cerebellum_tRNA_2	13379.111	13727
Mus_musculus_tRNA-Gly-CCC	0	shrimp	salmon	quantMtRNAseq_Cerebellum_tRNA_3	13573.855	13727
Mus_musculus_tRNA-Gly-CCC	0	shrimp	salmon	quantMtRNAseq_Cortex_tRNA_1	12802.792	13727
Mus_musculus_tRNA-Gly-CCC	0	shrimp	salmon	quantMtRNAseq_Cortex_tRNA_2	13544.951000000001	13727
Mus_musculus_tRNA-Gly-CCC	0	shrimp	salmon	quantMtRNAseq_Cortex_tRNA_3	13545.34	13727
Mus_musculus_tRNA-Gly-GCC	0	bowtie2	salmon	quantMtRNAseq_Cerebellum_tRNA_1	31302.832	31376
Mus_musculus_tRNA-Gly-GCC	0	bowtie2	salmon	quantMtRNAseq_Cerebellum_tRNA_2	31406.037	31376
Mus_musculus_tRNA-Gly-GCC	0	bowtie2	salmon	quantMtRNAseq_Cerebellum_tRNA_3	31339.041999999998	31376
Mus_musculus_tRNA-Gly-GCC	0	bowtie2	salmon	quantMtRNAseq_Cortex_tRNA_1	31112.861	31376
Mus_musculus_tRNA-Gly-GCC	0	bowtie2	salmon	quantMtRNAseq_Cortex_tRNA_2	31299.691	31376
Mus_musculus_tRNA-Gly-GCC	0	bowtie2	salmon	quantMtRNAseq_Cortex_tRNA_3	31437.81	31376
Mus_musculus_tRNA-Gly-GCC	0	shrimp	salmon	quantMtRNAseq_Cerebellum_tRNA_1	29179.487	31376
Mus_musculus_tRNA-Gly-GCC	0	shrimp	salmon	quantMtRNAseq_Cerebellum_tRNA_2	29174.971	31376
Mus_musculus_tRNA-Gly-GCC	0	shrimp	salmon	quantMtRNAseq_Cerebellum_tRNA_3	29266.97	31376
Mus_musculus_tRNA-Gly-GCC	0	shrimp	salmon	quantMtRNAseq_Cortex_tRNA_1	26784.671000000002	31376
Mus_musculus_tRNA-Gly-GCC	0	shrimp	salmon	quantMtRNAseq_Cortex_tRNA_2	29189.404	31376
Mus_musculus_tRNA-Gly-GCC	0	shrimp	salmon	quantMtRNAseq_Cortex_tRNA_3	29212.163	31376
Mus_musculus_tRNA-Gly-TCC	0	bowtie2	salmon	quantMtRNAseq_Cerebellum_tRNA_1	19328.563	19610
Mus_musculus_tRNA-Gly-TCC	0	bowtie2	salmon	quantMtRNAseq_Cerebellum_tRNA_2	19324.442	19610
Mus_musculus_tRNA-Gly-TCC	0	bowtie2	salmon	quantMtRNAseq_Cerebellum_tRNA_3	19095.297	19610
Mus_musculus_tRNA-Gly-TCC	0	bowtie2	salmon	quantMtRNAseq_Cortex_tRNA_1	19124.46	19610
Mus_musculus_tRNA-Gly-TCC	0	bowtie2	salmon	quantMtRNAseq_Cortex_tRNA_2	19296.506	19610
Mus_musculus_tRNA-Gly-TCC	0	bowtie2	salmon	quantMtRNAseq_Cortex_tRNA_3	19198.329999999998	19610
Mus_musculus_tRNA-Gly-TCC	0	shrimp	salmon	quantMtRNAseq_Cerebellum_tRNA_1	15651.708	19610
Mus_musculus_tRNA-Gly-TCC	0	shrimp	salmon	quantMtRNAseq_Cerebellum_tRNA_2	15581.917	19610
Mus_musculus_tRNA-Gly-TCC	0	shrimp	salmon	quantMtRNAseq_Cerebellum_tRNA_3	15606.176	19610
Mus_musculus_tRNA-Gly-TCC	0	shrimp	salmon	quantMtRNAseq_Cortex_tRNA_1	14087.988	19610
Mus_musculus_tRNA-Gly-TCC	0	shrimp	salmon	quantMtRNAseq_Cortex_tRNA_2	15553.551	19610
Mus_musculus_tRNA-Gly-TCC	0	shrimp	salmon	quantMtRNAseq_Cortex_tRNA_3	15586.912	19610
Mus_musculus_tRNA-His-ATG	0	bowtie2	salmon	quantMtRNAseq_Cerebellum_tRNA_1	1794.306	1961
Mus_musculus_tRNA-His-ATG	0	bowtie2	salmon	quantMtRNAseq_Cerebellum_tRNA_2	1781.3310000000001	1961
Mus_musculus_tRNA-His-ATG	0	bowtie2	salmon	quantMtRNAseq_Cerebellum_tRNA_3	1633.615	1961
Mus_musculus_tRNA-His-ATG	0	bowtie2	salmon	quantMtRNAseq_Cortex_tRNA_1	1794.808	1961
Mus_musculus_tRNA-His-ATG	0	bowtie2	salmon	quantMtRNAseq_Cortex_tRNA_2	1943.326	1961
Mus_musculus_tRNA-His-ATG	0	bowtie2	salmon	quantMtRNAseq_Cortex_tRNA_3	1812.5629999999999	1961
Mus_musculus_tRNA-His-ATG	0	shrimp	salmon	quantMtRNAseq_Cerebellum_tRNA_1	1327.114	1961
Mus_musculus_tRNA-His-ATG	0	shrimp	salmon	quantMtRNAseq_Cerebellum_tRNA_2	1404.372	1961
Mus_musculus_tRNA-His-ATG	0	shrimp	salmon	quantMtRNAseq_Cerebellum_tRNA_3	1360.515	1961
Mus_musculus_tRNA-His-ATG	0	shrimp	salmon	quantMtRNAseq_Cortex_tRNA_1	1091.784	1961
Mus_musculus_tRNA-His-ATG	0	shrimp	salmon	quantMtRNAseq_Cortex_tRNA_2	1470.182	1961
Mus_musculus_tRNA-His-ATG	0	shrimp	salmon	quantMtRNAseq_Cortex_tRNA_3	1609.724	1961
Mus_musculus_tRNA-His-GTG	0	bowtie2	salmon	quantMtRNAseq_Cerebellum_tRNA_1	19061.578999999998	19610
Mus_musculus_tRNA-His-GTG	0	bowtie2	salmon	quantMtRNAseq_Cerebellum_tRNA_2	19011.69	19610
Mus_musculus_tRNA-His-GTG	0	bowtie2	salmon	quantMtRNAseq_Cerebellum_tRNA_3	18861.347999999998	19610
Mus_musculus_tRNA-His-GTG	0	bowtie2	salmon	quantMtRNAseq_Cortex_tRNA_1	18698.591	19610
Mus_musculus_tRNA-His-GTG	0	bowtie2	salmon	quantMtRNAseq_Cortex_tRNA_2	18924.116	19610
Mus_musculus_tRNA-His-GTG	0	bowtie2	salmon	quantMtRNAseq_Cortex_tRNA_3	18896.638	19610
Mus_musculus_tRNA-His-GTG	0	shrimp	salmon	quantMtRNAseq_Cerebellum_tRNA_1	7247.0	19610
Mus_musculus_tRNA-His-GTG	0	shrimp	salmon	quantMtRNAseq_Cerebellum_tRNA_2	6833.0	19610
Mus_musculus_tRNA-His-GTG	0	shrimp	salmon	quantMtRNAseq_Cerebellum_tRNA_3	5394.001	19610
Mus_musculus_tRNA-His-GTG	0	shrimp	salmon	quantMtRNAseq_Cortex_tRNA_1	1932.999	19610
Mus_musculus_tRNA-His-GTG	0	shrimp	salmon	quantMtRNAseq_Cortex_tRNA_2	5924.999	19610
Mus_musculus_tRNA-His-GTG	0	shrimp	salmon	quantMtRNAseq_Cortex_tRNA_3	4607.001	19610
Mus_musculus_tRNA-Ile-AAT	0	bowtie2	salmon	quantMtRNAseq_Cerebellum_tRNA_1	25120.669	25493
Mus_musculus_tRNA-Ile-AAT	0	bowtie2	salmon	quantMtRNAseq_Cerebellum_tRNA_2	25097.15	25493
Mus_musculus_tRNA-Ile-AAT	0	bowtie2	salmon	quantMtRNAseq_Cerebellum_tRNA_3	25150.899	25493
Mus_musculus_tRNA-Ile-AAT	0	bowtie2	salmon	quantMtRNAseq_Cortex_tRNA_1	24829.183	25493
Mus_musculus_tRNA-Ile-AAT	0	bowtie2	salmon	quantMtRNAseq_Cortex_tRNA_2	25160.494	25493
Mus_musculus_tRNA-Ile-AAT	0	bowtie2	salmon	quantMtRNAseq_Cortex_tRNA_3	25172.275999999998	25493
Mus_musculus_tRNA-Ile-AAT	0	shrimp	salmon	quantMtRNAseq_Cerebellum_tRNA_1	13767.496000000001	25493
Mus_musculus_tRNA-Ile-AAT	0	shrimp	salmon	quantMtRNAseq_Cerebellum_tRNA_2	12692.317	25493
Mus_musculus_tRNA-Ile-AAT	0	shrimp	salmon	quantMtRNAseq_Cerebellum_tRNA_3	14188.074	25493
Mus_musculus_tRNA-Ile-AAT	0	shrimp	salmon	quantMtRNAseq_Cortex_tRNA_1	10768.0	25493
Mus_musculus_tRNA-Ile-AAT	0	shrimp	salmon	quantMtRNAseq_Cortex_tRNA_2	13142.382	25493
Mus_musculus_tRNA-Ile-AAT	0	shrimp	salmon	quantMtRNAseq_Cortex_tRNA_3	14210.886	25493
Mus_musculus_tRNA-Ile-GAT	0	bowtie2	salmon	quantMtRNAseq_Cerebellum_tRNA_1	2024.24	1961
Mus_musculus_tRNA-Ile-GAT	0	bowtie2	salmon	quantMtRNAseq_Cerebellum_tRNA_2	2032.705	1961
Mus_musculus_tRNA-Ile-GAT	0	bowtie2	salmon	quantMtRNAseq_Cerebellum_tRNA_3	2051.562	1961
Mus_musculus_tRNA-Ile-GAT	0	bowtie2	salmon	quantMtRNAseq_Cortex_tRNA_1	1973.124	1961
Mus_musculus_tRNA-Ile-GAT	0	bowtie2	salmon	quantMtRNAseq_Cortex_tRNA_2	2025.239	1961
Mus_musculus_tRNA-Ile-GAT	0	bowtie2	salmon	quantMtRNAseq_Cortex_tRNA_3	2019.135	1961
Mus_musculus_tRNA-Ile-GAT	0	shrimp	salmon	quantMtRNAseq_Cerebellum_tRNA_1	575.187	1961
Mus_musculus_tRNA-Ile-GAT	0	shrimp	salmon	quantMtRNAseq_Cerebellum_tRNA_2	371.0	1961
Mus_musculus_tRNA-Ile-GAT	0	shrimp	salmon	quantMtRNAseq_Cerebellum_tRNA_3	938.793	1961
Mus_musculus_tRNA-Ile-GAT	0	shrimp	salmon	quantMtRNAseq_Cortex_tRNA_1	956.849	1961
Mus_musculus_tRNA-Ile-GAT	0	shrimp	salmon	quantMtRNAseq_Cortex_tRNA_2	504.895	1961
Mus_musculus_tRNA-Ile-GAT	0	shrimp	salmon	quantMtRNAseq_Cortex_tRNA_3	735.1880000000001	1961
Mus_musculus_tRNA-Ile-TAT	0	bowtie2	salmon	quantMtRNAseq_Cerebellum_tRNA_1	7805.498	7844
Mus_musculus_tRNA-Ile-TAT	0	bowtie2	salmon	quantMtRNAseq_Cerebellum_tRNA_2	7790.305	7844
Mus_musculus_tRNA-Ile-TAT	0	bowtie2	salmon	quantMtRNAseq_Cerebellum_tRNA_3	7801.15	7844
Mus_musculus_tRNA-Ile-TAT	0	bowtie2	salmon	quantMtRNAseq_Cortex_tRNA_1	7743.859	7844
Mus_musculus_tRNA-Ile-TAT	0	bowtie2	salmon	quantMtRNAseq_Cortex_tRNA_2	7797.165	7844
Mus_musculus_tRNA-Ile-TAT	0	bowtie2	salmon	quantMtRNAseq_Cortex_tRNA_3	7789.067	7844
Mus_musculus_tRNA-Ile-TAT	0	shrimp	salmon	quantMtRNAseq_Cerebellum_tRNA_1	6715.0	7844
Mus_musculus_tRNA-Ile-TAT	0	shrimp	salmon	quantMtRNAseq_Cerebellum_tRNA_2	6650.999	7844
Mus_musculus_tRNA-Ile-TAT	0	shrimp	salmon	quantMtRNAseq_Cerebellum_tRNA_3	6765.0	7844
Mus_musculus_tRNA-Ile-TAT	0	shrimp	salmon	quantMtRNAseq_Cortex_tRNA_1	5892.001	7844
Mus_musculus_tRNA-Ile-TAT	0	shrimp	salmon	quantMtRNAseq_Cortex_tRNA_2	6626.0	7844
Mus_musculus_tRNA-Ile-TAT	0	shrimp	salmon	quantMtRNAseq_Cortex_tRNA_3	6576.0	7844
Mus_musculus_tRNA-Leu-AAG	0	bowtie2	salmon	quantMtRNAseq_Cerebellum_tRNA_1	8066.9	9805
Mus_musculus_tRNA-Leu-AAG	0	bowtie2	salmon	quantMtRNAseq_Cerebellum_tRNA_2	7867.026	9805
Mus_musculus_tRNA-Leu-AAG	0	bowtie2	salmon	quantMtRNAseq_Cerebellum_tRNA_3	7855.429	9805
Mus_musculus_tRNA-Leu-AAG	0	bowtie2	salmon	quantMtRNAseq_Cortex_tRNA_1	7219.401	9805
Mus_musculus_tRNA-Leu-AAG	0	bowtie2	salmon	quantMtRNAseq_Cortex_tRNA_2	8114.793	9805
Mus_musculus_tRNA-Leu-AAG	0	bowtie2	salmon	quantMtRNAseq_Cortex_tRNA_3	7814.856	9805
Mus_musculus_tRNA-Leu-AAG	0	shrimp	salmon	quantMtRNAseq_Cerebellum_tRNA_1	2974.0020000000004	9805
Mus_musculus_tRNA-Leu-AAG	0	shrimp	salmon	quantMtRNAseq_Cerebellum_tRNA_2	2462.083	9805
Mus_musculus_tRNA-Leu-AAG	0	shrimp	salmon	quantMtRNAseq_Cerebellum_tRNA_3	1973.234	9805
Mus_musculus_tRNA-Leu-AAG	0	shrimp	salmon	quantMtRNAseq_Cortex_tRNA_1	599.302	9805
Mus_musculus_tRNA-Leu-AAG	0	shrimp	salmon	quantMtRNAseq_Cortex_tRNA_2	2641.995	9805
Mus_musculus_tRNA-Leu-AAG	0	shrimp	salmon	quantMtRNAseq_Cortex_tRNA_3	1569.495	9805
Mus_musculus_tRNA-Leu-CAA	0	bowtie2	salmon	quantMtRNAseq_Cerebellum_tRNA_1	68.145	0
Mus_musculus_tRNA-Leu-CAA	0	bowtie2	salmon	quantMtRNAseq_Cerebellum_tRNA_2	188.082	0
Mus_musculus_tRNA-Leu-CAA	0	bowtie2	salmon	quantMtRNAseq_Cerebellum_tRNA_3	113.108	0
Mus_musculus_tRNA-Leu-CAA	0	bowtie2	salmon	quantMtRNAseq_Cortex_tRNA_1	46.239000000000004	0
Mus_musculus_tRNA-Leu-CAA	0	bowtie2	salmon	quantMtRNAseq_Cortex_tRNA_2	61.99	0
Mus_musculus_tRNA-Leu-CAA	0	bowtie2	salmon	quantMtRNAseq_Cortex_tRNA_3	51.065	0
Mus_musculus_tRNA-Leu-CAA	0	shrimp	salmon	quantMtRNAseq_Cerebellum_tRNA_1	3.0	0
Mus_musculus_tRNA-Leu-CAA	0	shrimp	salmon	quantMtRNAseq_Cerebellum_tRNA_2	2.0	0
Mus_musculus_tRNA-Leu-CAA	0	shrimp	salmon	quantMtRNAseq_Cerebellum_tRNA_3	1.0	0
Mus_musculus_tRNA-Leu-CAA	0	shrimp	salmon	quantMtRNAseq_Cortex_tRNA_1	4.0	0
Mus_musculus_tRNA-Leu-CAA	0	shrimp	salmon	quantMtRNAseq_Cortex_tRNA_2	0.0	0
Mus_musculus_tRNA-Leu-CAA	0	shrimp	salmon	quantMtRNAseq_Cortex_tRNA_3	1.001	0
Mus_musculus_tRNA-Leu-CAG	0	bowtie2	salmon	quantMtRNAseq_Cerebellum_tRNA_1	14847.958	19610
Mus_musculus_tRNA-Leu-CAG	0	bowtie2	salmon	quantMtRNAseq_Cerebellum_tRNA_2	14646.105	19610
Mus_musculus_tRNA-Leu-CAG	0	bowtie2	salmon	quantMtRNAseq_Cerebellum_tRNA_3	14700.327	19610
Mus_musculus_tRNA-Leu-CAG	0	bowtie2	salmon	quantMtRNAseq_Cortex_tRNA_1	13459.341	19610
Mus_musculus_tRNA-Leu-CAG	0	bowtie2	salmon	quantMtRNAseq_Cortex_tRNA_2	14750.688	19610
Mus_musculus_tRNA-Leu-CAG	0	bowtie2	salmon	quantMtRNAseq_Cortex_tRNA_3	14456.813	19610
Mus_musculus_tRNA-Leu-CAG	0	shrimp	salmon	quantMtRNAseq_Cerebellum_tRNA_1	7115.531	19610
Mus_musculus_tRNA-Leu-CAG	0	shrimp	salmon	quantMtRNAseq_Cerebellum_tRNA_2	6021.768	19610
Mus_musculus_tRNA-Leu-CAG	0	shrimp	salmon	quantMtRNAseq_Cerebellum_tRNA_3	6286.077	19610
Mus_musculus_tRNA-Leu-CAG	0	shrimp	salmon	quantMtRNAseq_Cortex_tRNA_1	1731.907	19610
Mus_musculus_tRNA-Leu-CAG	0	shrimp	salmon	quantMtRNAseq_Cortex_tRNA_2	6419.122	19610
Mus_musculus_tRNA-Leu-CAG	0	shrimp	salmon	quantMtRNAseq_Cortex_tRNA_3	5134.677	19610
Mus_musculus_tRNA-Leu-TAA	0	bowtie2	salmon	quantMtRNAseq_Cerebellum_tRNA_1	6084.036	5883
Mus_musculus_tRNA-Leu-TAA	0	bowtie2	salmon	quantMtRNAseq_Cerebellum_tRNA_2	6209.129	5883
Mus_musculus_tRNA-Leu-TAA	0	bowtie2	salmon	quantMtRNAseq_Cerebellum_tRNA_3	5946.991	5883
Mus_musculus_tRNA-Leu-TAA	0	bowtie2	salmon	quantMtRNAseq_Cortex_tRNA_1	5882.0599999999995	5883
Mus_musculus_tRNA-Leu-TAA	0	bowtie2	salmon	quantMtRNAseq_Cortex_tRNA_2	5845.237	5883
Mus_musculus_tRNA-Leu-TAA	0	bowtie2	salmon	quantMtRNAseq_Cortex_tRNA_3	6376.118	5883
Mus_musculus_tRNA-Leu-TAA	0	shrimp	salmon	quantMtRNAseq_Cerebellum_tRNA_1	2127.0	5883
Mus_musculus_tRNA-Leu-TAA	0	shrimp	salmon	quantMtRNAseq_Cerebellum_tRNA_2	1788.9959999999999	5883
Mus_musculus_tRNA-Leu-TAA	0	shrimp	salmon	quantMtRNAseq_Cerebellum_tRNA_3	2328.0	5883
Mus_musculus_tRNA-Leu-TAA	0	shrimp	salmon	quantMtRNAseq_Cortex_tRNA_1	567.0	5883
Mus_musculus_tRNA-Leu-TAA	0	shrimp	salmon	quantMtRNAseq_Cortex_tRNA_2	2086.0	5883
Mus_musculus_tRNA-Leu-TAA	0	shrimp	salmon	quantMtRNAseq_Cortex_tRNA_3	2082.0	5883
Mus_musculus_tRNA-Leu-TAG	0	bowtie2	salmon	quantMtRNAseq_Cerebellum_tRNA_1	7564.699	7844
Mus_musculus_tRNA-Leu-TAG	0	bowtie2	salmon	quantMtRNAseq_Cerebellum_tRNA_2	7804.432999999999	7844
Mus_musculus_tRNA-Leu-TAG	0	bowtie2	salmon	quantMtRNAseq_Cerebellum_tRNA_3	7596.348	7844
Mus_musculus_tRNA-Leu-TAG	0	bowtie2	salmon	quantMtRNAseq_Cortex_tRNA_1	8114.777	7844
Mus_musculus_tRNA-Leu-TAG	0	bowtie2	salmon	quantMtRNAseq_Cortex_tRNA_2	7550.07	7844
Mus_musculus_tRNA-Leu-TAG	0	bowtie2	salmon	quantMtRNAseq_Cortex_tRNA_3	8005.831999999999	7844
Mus_musculus_tRNA-Leu-TAG	0	shrimp	salmon	quantMtRNAseq_Cerebellum_tRNA_1	2659.0480000000002	7844
Mus_musculus_tRNA-Leu-TAG	0	shrimp	salmon	quantMtRNAseq_Cerebellum_tRNA_2	2363.917	7844
Mus_musculus_tRNA-Leu-TAG	0	shrimp	salmon	quantMtRNAseq_Cerebellum_tRNA_3	1824.787	7844
Mus_musculus_tRNA-Leu-TAG	0	shrimp	salmon	quantMtRNAseq_Cortex_tRNA_1	594.7	7844
Mus_musculus_tRNA-Leu-TAG	0	shrimp	salmon	quantMtRNAseq_Cortex_tRNA_2	2297.018	7844
Mus_musculus_tRNA-Leu-TAG	0	shrimp	salmon	quantMtRNAseq_Cortex_tRNA_3	1520.504	7844
Mus_musculus_tRNA-Lys-CTT	0	bowtie2	salmon	quantMtRNAseq_Cerebellum_tRNA_1	64882.032	64713
Mus_musculus_tRNA-Lys-CTT	0	bowtie2	salmon	quantMtRNAseq_Cerebellum_tRNA_2	64545.501000000004	64713
Mus_musculus_tRNA-Lys-CTT	0	bowtie2	salmon	quantMtRNAseq_Cerebellum_tRNA_3	64640.277	64713
Mus_musculus_tRNA-Lys-CTT	0	bowtie2	salmon	quantMtRNAseq_Cortex_tRNA_1	64710.23	64713
Mus_musculus_tRNA-Lys-CTT	0	bowtie2	salmon	quantMtRNAseq_Cortex_tRNA_2	64430.622	64713
Mus_musculus_tRNA-Lys-CTT	0	bowtie2	salmon	quantMtRNAseq_Cortex_tRNA_3	64788.774	64713
Mus_musculus_tRNA-Lys-CTT	0	shrimp	salmon	quantMtRNAseq_Cerebellum_tRNA_1	60071.495	64713
Mus_musculus_tRNA-Lys-CTT	0	shrimp	salmon	quantMtRNAseq_Cerebellum_tRNA_2	59397.832	64713
Mus_musculus_tRNA-Lys-CTT	0	shrimp	salmon	quantMtRNAseq_Cerebellum_tRNA_3	61743.812	64713
Mus_musculus_tRNA-Lys-CTT	0	shrimp	salmon	quantMtRNAseq_Cortex_tRNA_1	61884.022	64713
Mus_musculus_tRNA-Lys-CTT	0	shrimp	salmon	quantMtRNAseq_Cortex_tRNA_2	60098.023	64713
Mus_musculus_tRNA-Lys-CTT	0	shrimp	salmon	quantMtRNAseq_Cortex_tRNA_3	62168.284	64713
Mus_musculus_tRNA-Lys-TTT	0	bowtie2	salmon	quantMtRNAseq_Cerebellum_tRNA_1	26982.56	27454
Mus_musculus_tRNA-Lys-TTT	0	bowtie2	salmon	quantMtRNAseq_Cerebellum_tRNA_2	26533.193	27454
Mus_musculus_tRNA-Lys-TTT	0	bowtie2	salmon	quantMtRNAseq_Cerebellum_tRNA_3	27130.936	27454
Mus_musculus_tRNA-Lys-TTT	0	bowtie2	salmon	quantMtRNAseq_Cortex_tRNA_1	26323.146	27454
Mus_musculus_tRNA-Lys-TTT	0	bowtie2	salmon	quantMtRNAseq_Cortex_tRNA_2	26626.539	27454
Mus_musculus_tRNA-Lys-TTT	0	bowtie2	salmon	quantMtRNAseq_Cortex_tRNA_3	27117.204999999998	27454
Mus_musculus_tRNA-Lys-TTT	0	shrimp	salmon	quantMtRNAseq_Cerebellum_tRNA_1	24205.64	27454
Mus_musculus_tRNA-Lys-TTT	0	shrimp	salmon	quantMtRNAseq_Cerebellum_tRNA_2	23286.199	27454
Mus_musculus_tRNA-Lys-TTT	0	shrimp	salmon	quantMtRNAseq_Cerebellum_tRNA_3	25314.132	27454
Mus_musculus_tRNA-Lys-TTT	0	shrimp	salmon	quantMtRNAseq_Cortex_tRNA_1	22035.585	27454
Mus_musculus_tRNA-Lys-TTT	0	shrimp	salmon	quantMtRNAseq_Cortex_tRNA_2	22848.079	27454
Mus_musculus_tRNA-Lys-TTT	0	shrimp	salmon	quantMtRNAseq_Cortex_tRNA_3	24478.713	27454
Mus_musculus_tRNA-Met-CAT	0	bowtie2	salmon	quantMtRNAseq_Cerebellum_tRNA_1	30079.921	29415
Mus_musculus_tRNA-Met-CAT	0	bowtie2	salmon	quantMtRNAseq_Cerebellum_tRNA_2	28223.713	29415
Mus_musculus_tRNA-Met-CAT	0	bowtie2	salmon	quantMtRNAseq_Cerebellum_tRNA_3	30176.816	29415
Mus_musculus_tRNA-Met-CAT	0	bowtie2	salmon	quantMtRNAseq_Cortex_tRNA_1	30070.72	29415
Mus_musculus_tRNA-Met-CAT	0	bowtie2	salmon	quantMtRNAseq_Cortex_tRNA_2	30387.607	29415
Mus_musculus_tRNA-Met-CAT	0	bowtie2	salmon	quantMtRNAseq_Cortex_tRNA_3	30264.107	29415
Mus_musculus_tRNA-Met-CAT	0	shrimp	salmon	quantMtRNAseq_Cerebellum_tRNA_1	18092.196	29415
Mus_musculus_tRNA-Met-CAT	0	shrimp	salmon	quantMtRNAseq_Cerebellum_tRNA_2	15091.32	29415
Mus_musculus_tRNA-Met-CAT	0	shrimp	salmon	quantMtRNAseq_Cerebellum_tRNA_3	18600.826	29415
Mus_musculus_tRNA-Met-CAT	0	shrimp	salmon	quantMtRNAseq_Cortex_tRNA_1	14434.084	29415
Mus_musculus_tRNA-Met-CAT	0	shrimp	salmon	quantMtRNAseq_Cortex_tRNA_2	17650.918	29415
Mus_musculus_tRNA-Met-CAT	0	shrimp	salmon	quantMtRNAseq_Cortex_tRNA_3	16997.651	29415
Mus_musculus_tRNA-Phe-GAA	0	bowtie2	salmon	quantMtRNAseq_Cerebellum_tRNA_1	17208.203	15688
Mus_musculus_tRNA-Phe-GAA	0	bowtie2	salmon	quantMtRNAseq_Cerebellum_tRNA_2	17681.004	15688
Mus_musculus_tRNA-Phe-GAA	0	bowtie2	salmon	quantMtRNAseq_Cerebellum_tRNA_3	17396.02	15688
Mus_musculus_tRNA-Phe-GAA	0	bowtie2	salmon	quantMtRNAseq_Cortex_tRNA_1	16949.725	15688
Mus_musculus_tRNA-Phe-GAA	0	bowtie2	salmon	quantMtRNAseq_Cortex_tRNA_2	17055.44	15688
Mus_musculus_tRNA-Phe-GAA	0	bowtie2	salmon	quantMtRNAseq_Cortex_tRNA_3	17661.959	15688
Mus_musculus_tRNA-Phe-GAA	0	shrimp	salmon	quantMtRNAseq_Cerebellum_tRNA_1	9173.695	15688
Mus_musculus_tRNA-Phe-GAA	0	shrimp	salmon	quantMtRNAseq_Cerebellum_tRNA_2	8842.794	15688
Mus_musculus_tRNA-Phe-GAA	0	shrimp	salmon	quantMtRNAseq_Cerebellum_tRNA_3	10116.805	15688
Mus_musculus_tRNA-Phe-GAA	0	shrimp	salmon	quantMtRNAseq_Cortex_tRNA_1	6768.192	15688
Mus_musculus_tRNA-Phe-GAA	0	shrimp	salmon	quantMtRNAseq_Cortex_tRNA_2	9028.607	15688
Mus_musculus_tRNA-Phe-GAA	0	shrimp	salmon	quantMtRNAseq_Cortex_tRNA_3	9598.781	15688
Mus_musculus_tRNA-Pro-AGG	0	bowtie2	salmon	quantMtRNAseq_Cerebellum_tRNA_1	8444.533	13727
Mus_musculus_tRNA-Pro-AGG	0	bowtie2	salmon	quantMtRNAseq_Cerebellum_tRNA_2	8242.658	13727
Mus_musculus_tRNA-Pro-AGG	0	bowtie2	salmon	quantMtRNAseq_Cerebellum_tRNA_3	8926.389	13727
Mus_musculus_tRNA-Pro-AGG	0	bowtie2	salmon	quantMtRNAseq_Cortex_tRNA_1	8349.769	13727
Mus_musculus_tRNA-Pro-AGG	0	bowtie2	salmon	quantMtRNAseq_Cortex_tRNA_2	9011.409	13727
Mus_musculus_tRNA-Pro-AGG	0	bowtie2	salmon	quantMtRNAseq_Cortex_tRNA_3	8715.235	13727
Mus_musculus_tRNA-Pro-AGG	0	shrimp	salmon	quantMtRNAseq_Cerebellum_tRNA_1	2045.301	13727
Mus_musculus_tRNA-Pro-AGG	0	shrimp	salmon	quantMtRNAseq_Cerebellum_tRNA_2	1418.146	13727
Mus_musculus_tRNA-Pro-AGG	0	shrimp	salmon	quantMtRNAseq_Cerebellum_tRNA_3	1999.657	13727
Mus_musculus_tRNA-Pro-AGG	0	shrimp	salmon	quantMtRNAseq_Cortex_tRNA_1	847.948	13727
Mus_musculus_tRNA-Pro-AGG	0	shrimp	salmon	quantMtRNAseq_Cortex_tRNA_2	2061.752	13727
Mus_musculus_tRNA-Pro-AGG	0	shrimp	salmon	quantMtRNAseq_Cortex_tRNA_3	1707.52	13727
Mus_musculus_tRNA-Pro-CGG	0	bowtie2	salmon	quantMtRNAseq_Cerebellum_tRNA_1	8630.293	5883
Mus_musculus_tRNA-Pro-CGG	0	bowtie2	salmon	quantMtRNAseq_Cerebellum_tRNA_2	8806.015	5883
Mus_musculus_tRNA-Pro-CGG	0	bowtie2	salmon	quantMtRNAseq_Cerebellum_tRNA_3	8527.19	5883
Mus_musculus_tRNA-Pro-CGG	0	bowtie2	salmon	quantMtRNAseq_Cortex_tRNA_1	10007.56	5883
Mus_musculus_tRNA-Pro-CGG	0	bowtie2	salmon	quantMtRNAseq_Cortex_tRNA_2	8228.268	5883
Mus_musculus_tRNA-Pro-CGG	0	bowtie2	salmon	quantMtRNAseq_Cortex_tRNA_3	8382.056	5883
Mus_musculus_tRNA-Pro-CGG	0	shrimp	salmon	quantMtRNAseq_Cerebellum_tRNA_1	2271.359	5883
Mus_musculus_tRNA-Pro-CGG	0	shrimp	salmon	quantMtRNAseq_Cerebellum_tRNA_2	1623.9180000000001	5883
Mus_musculus_tRNA-Pro-CGG	0	shrimp	salmon	quantMtRNAseq_Cerebellum_tRNA_3	2067.243	5883
Mus_musculus_tRNA-Pro-CGG	0	shrimp	salmon	quantMtRNAseq_Cortex_tRNA_1	1095.219	5883
Mus_musculus_tRNA-Pro-CGG	0	shrimp	salmon	quantMtRNAseq_Cortex_tRNA_2	2022.1349999999998	5883
Mus_musculus_tRNA-Pro-CGG	0	shrimp	salmon	quantMtRNAseq_Cortex_tRNA_3	1733.7089999999998	5883
Mus_musculus_tRNA-Pro-GGG	0	bowtie2	salmon	quantMtRNAseq_Cerebellum_tRNA_1	7.952	0
Mus_musculus_tRNA-Pro-GGG	0	bowtie2	salmon	quantMtRNAseq_Cerebellum_tRNA_2	15.011	0
Mus_musculus_tRNA-Pro-GGG	0	bowtie2	salmon	quantMtRNAseq_Cerebellum_tRNA_3	15.501999999999999	0
Mus_musculus_tRNA-Pro-GGG	0	bowtie2	salmon	quantMtRNAseq_Cortex_tRNA_1	14.89	0
Mus_musculus_tRNA-Pro-GGG	0	bowtie2	salmon	quantMtRNAseq_Cortex_tRNA_2	14.011	0
Mus_musculus_tRNA-Pro-GGG	0	bowtie2	salmon	quantMtRNAseq_Cortex_tRNA_3	22.020000000000003	0
Mus_musculus_tRNA-Pro-GGG	0	shrimp	salmon	quantMtRNAseq_Cerebellum_tRNA_1	0.0	0
Mus_musculus_tRNA-Pro-GGG	0	shrimp	salmon	quantMtRNAseq_Cerebellum_tRNA_2	0.0	0
Mus_musculus_tRNA-Pro-GGG	0	shrimp	salmon	quantMtRNAseq_Cerebellum_tRNA_3	0.0	0
Mus_musculus_tRNA-Pro-GGG	0	shrimp	salmon	quantMtRNAseq_Cortex_tRNA_1	1.0	0
Mus_musculus_tRNA-Pro-GGG	0	shrimp	salmon	quantMtRNAseq_Cortex_tRNA_2	0.0	0
Mus_musculus_tRNA-Pro-GGG	0	shrimp	salmon	quantMtRNAseq_Cortex_tRNA_3	0.0	0
Mus_musculus_tRNA-Pro-TGG	0	bowtie2	salmon	quantMtRNAseq_Cerebellum_tRNA_1	16981.576	15688
Mus_musculus_tRNA-Pro-TGG	0	bowtie2	salmon	quantMtRNAseq_Cerebellum_tRNA_2	16940.326	15688
Mus_musculus_tRNA-Pro-TGG	0	bowtie2	salmon	quantMtRNAseq_Cerebellum_tRNA_3	16571.413	15688
Mus_musculus_tRNA-Pro-TGG	0	bowtie2	salmon	quantMtRNAseq_Cortex_tRNA_1	15615.280999999999	15688
Mus_musculus_tRNA-Pro-TGG	0	bowtie2	salmon	quantMtRNAseq_Cortex_tRNA_2	16842.71	15688
Mus_musculus_tRNA-Pro-TGG	0	bowtie2	salmon	quantMtRNAseq_Cortex_tRNA_3	16853.222999999998	15688
Mus_musculus_tRNA-Pro-TGG	0	shrimp	salmon	quantMtRNAseq_Cerebellum_tRNA_1	4141.341	15688
Mus_musculus_tRNA-Pro-TGG	0	shrimp	salmon	quantMtRNAseq_Cerebellum_tRNA_2	2829.937	15688
Mus_musculus_tRNA-Pro-TGG	0	shrimp	salmon	quantMtRNAseq_Cerebellum_tRNA_3	3653.1	15688
Mus_musculus_tRNA-Pro-TGG	0	shrimp	salmon	quantMtRNAseq_Cortex_tRNA_1	1569.833	15688
Mus_musculus_tRNA-Pro-TGG	0	shrimp	salmon	quantMtRNAseq_Cortex_tRNA_2	3734.033	15688
Mus_musculus_tRNA-Pro-TGG	0	shrimp	salmon	quantMtRNAseq_Cortex_tRNA_3	3197.772	15688
Mus_musculus_tRNA-SeC-TCA	0	bowtie2	salmon	quantMtRNAseq_Cerebellum_tRNA_1	1964.05	1961
Mus_musculus_tRNA-SeC-TCA	0	bowtie2	salmon	quantMtRNAseq_Cerebellum_tRNA_2	1962.027	1961
Mus_musculus_tRNA-SeC-TCA	0	bowtie2	salmon	quantMtRNAseq_Cerebellum_tRNA_3	1963.042	1961
Mus_musculus_tRNA-SeC-TCA	0	bowtie2	salmon	quantMtRNAseq_Cortex_tRNA_1	1957.041	1961
Mus_musculus_tRNA-SeC-TCA	0	bowtie2	salmon	quantMtRNAseq_Cortex_tRNA_2	1961.721	1961
Mus_musculus_tRNA-SeC-TCA	0	bowtie2	salmon	quantMtRNAseq_Cortex_tRNA_3	1964.028	1961
Mus_musculus_tRNA-SeC-TCA	0	shrimp	salmon	quantMtRNAseq_Cerebellum_tRNA_1	1852.0	1961
Mus_musculus_tRNA-SeC-TCA	0	shrimp	salmon	quantMtRNAseq_Cerebellum_tRNA_2	1782.0	1961
Mus_musculus_tRNA-SeC-TCA	0	shrimp	salmon	quantMtRNAseq_Cerebellum_tRNA_3	1907.0	1961
Mus_musculus_tRNA-SeC-TCA	0	shrimp	salmon	quantMtRNAseq_Cortex_tRNA_1	1822.0	1961
Mus_musculus_tRNA-SeC-TCA	0	shrimp	salmon	quantMtRNAseq_Cortex_tRNA_2	1843.0	1961
Mus_musculus_tRNA-SeC-TCA	0	shrimp	salmon	quantMtRNAseq_Cortex_tRNA_3	1896.0	1961
Mus_musculus_tRNA-Ser-ACT	0	bowtie2	salmon	quantMtRNAseq_Cerebellum_tRNA_1	491.45099999999996	0
Mus_musculus_tRNA-Ser-ACT	0	bowtie2	salmon	quantMtRNAseq_Cerebellum_tRNA_2	598.886	0
Mus_musculus_tRNA-Ser-ACT	0	bowtie2	salmon	quantMtRNAseq_Cerebellum_tRNA_3	1067.7	0
Mus_musculus_tRNA-Ser-ACT	0	bowtie2	salmon	quantMtRNAseq_Cortex_tRNA_1	5.448	0
Mus_musculus_tRNA-Ser-ACT	0	bowtie2	salmon	quantMtRNAseq_Cortex_tRNA_2	147.38799999999998	0
Mus_musculus_tRNA-Ser-ACT	0	bowtie2	salmon	quantMtRNAseq_Cortex_tRNA_3	1191.1879999999999	0
Mus_musculus_tRNA-Ser-ACT	0	shrimp	salmon	quantMtRNAseq_Cerebellum_tRNA_1	2.0	0
Mus_musculus_tRNA-Ser-ACT	0	shrimp	salmon	quantMtRNAseq_Cerebellum_tRNA_2	1.0	0
Mus_musculus_tRNA-Ser-ACT	0	shrimp	salmon	quantMtRNAseq_Cerebellum_tRNA_3	1.0	0
Mus_musculus_tRNA-Ser-ACT	0	shrimp	salmon	quantMtRNAseq_Cortex_tRNA_1	0.0	0
Mus_musculus_tRNA-Ser-ACT	0	shrimp	salmon	quantMtRNAseq_Cortex_tRNA_2	2.146	0
Mus_musculus_tRNA-Ser-ACT	0	shrimp	salmon	quantMtRNAseq_Cortex_tRNA_3	0.0	0
Mus_musculus_tRNA-Ser-AGA	0	bowtie2	salmon	quantMtRNAseq_Cerebellum_tRNA_1	12842.544	17649
Mus_musculus_tRNA-Ser-AGA	0	bowtie2	salmon	quantMtRNAseq_Cerebellum_tRNA_2	12745.803	17649
Mus_musculus_tRNA-Ser-AGA	0	bowtie2	salmon	quantMtRNAseq_Cerebellum_tRNA_3	14022.887	17649
Mus_musculus_tRNA-Ser-AGA	0	bowtie2	salmon	quantMtRNAseq_Cortex_tRNA_1	12772.995	17649
Mus_musculus_tRNA-Ser-AGA	0	bowtie2	salmon	quantMtRNAseq_Cortex_tRNA_2	12592.137	17649
Mus_musculus_tRNA-Ser-AGA	0	bowtie2	salmon	quantMtRNAseq_Cortex_tRNA_3	13237.854	17649
Mus_musculus_tRNA-Ser-AGA	0	shrimp	salmon	quantMtRNAseq_Cerebellum_tRNA_1	2143.959	17649
Mus_musculus_tRNA-Ser-AGA	0	shrimp	salmon	quantMtRNAseq_Cerebellum_tRNA_2	2474.939	17649
Mus_musculus_tRNA-Ser-AGA	0	shrimp	salmon	quantMtRNAseq_Cerebellum_tRNA_3	3199.565	17649
Mus_musculus_tRNA-Ser-AGA	0	shrimp	salmon	quantMtRNAseq_Cortex_tRNA_1	421.764	17649
Mus_musculus_tRNA-Ser-AGA	0	shrimp	salmon	quantMtRNAseq_Cortex_tRNA_2	1774.455	17649
Mus_musculus_tRNA-Ser-AGA	0	shrimp	salmon	quantMtRNAseq_Cortex_tRNA_3	2685.34	17649
Mus_musculus_tRNA-Ser-CGA	0	bowtie2	salmon	quantMtRNAseq_Cerebellum_tRNA_1	11571.412	7844
Mus_musculus_tRNA-Ser-CGA	0	bowtie2	salmon	quantMtRNAseq_Cerebellum_tRNA_2	11846.66	7844
Mus_musculus_tRNA-Ser-CGA	0	bowtie2	salmon	quantMtRNAseq_Cerebellum_tRNA_3	11678.258	7844
Mus_musculus_tRNA-Ser-CGA	0	bowtie2	salmon	quantMtRNAseq_Cortex_tRNA_1	12679.54	7844
Mus_musculus_tRNA-Ser-CGA	0	bowtie2	salmon	quantMtRNAseq_Cortex_tRNA_2	11703.061000000002	7844
Mus_musculus_tRNA-Ser-CGA	0	bowtie2	salmon	quantMtRNAseq_Cortex_tRNA_3	11828.158	7844
Mus_musculus_tRNA-Ser-CGA	0	shrimp	salmon	quantMtRNAseq_Cerebellum_tRNA_1	1980.638	7844
Mus_musculus_tRNA-Ser-CGA	0	shrimp	salmon	quantMtRNAseq_Cerebellum_tRNA_2	1719.354	7844
Mus_musculus_tRNA-Ser-CGA	0	shrimp	salmon	quantMtRNAseq_Cerebellum_tRNA_3	2062.917	7844
Mus_musculus_tRNA-Ser-CGA	0	shrimp	salmon	quantMtRNAseq_Cortex_tRNA_1	391.092	7844
Mus_musculus_tRNA-Ser-CGA	0	shrimp	salmon	quantMtRNAseq_Cortex_tRNA_2	1743.879	7844
Mus_musculus_tRNA-Ser-CGA	0	shrimp	salmon	quantMtRNAseq_Cortex_tRNA_3	1761.738	7844
Mus_musculus_tRNA-Ser-GCT	0	bowtie2	salmon	quantMtRNAseq_Cerebellum_tRNA_1	20401.217	33337
Mus_musculus_tRNA-Ser-GCT	0	bowtie2	salmon	quantMtRNAseq_Cerebellum_tRNA_2	26448.06	33337
Mus_musculus_tRNA-Ser-GCT	0	bowtie2	salmon	quantMtRNAseq_Cerebellum_tRNA_3	22428.037	33337
Mus_musculus_tRNA-Ser-GCT	0	bowtie2	salmon	quantMtRNAseq_Cortex_tRNA_1	20631.023	33337
Mus_musculus_tRNA-Ser-GCT	0	bowtie2	salmon	quantMtRNAseq_Cortex_tRNA_2	22886.867	33337
Mus_musculus_tRNA-Ser-GCT	0	bowtie2	salmon	quantMtRNAseq_Cortex_tRNA_3	22588.896	33337
Mus_musculus_tRNA-Ser-GCT	0	shrimp	salmon	quantMtRNAseq_Cerebellum_tRNA_1	10447.517	33337
Mus_musculus_tRNA-Ser-GCT	0	shrimp	salmon	quantMtRNAseq_Cerebellum_tRNA_2	9239.997	33337
Mus_musculus_tRNA-Ser-GCT	0	shrimp	salmon	quantMtRNAseq_Cerebellum_tRNA_3	10004.348	33337
Mus_musculus_tRNA-Ser-GCT	0	shrimp	salmon	quantMtRNAseq_Cortex_tRNA_1	3290.009	33337
Mus_musculus_tRNA-Ser-GCT	0	shrimp	salmon	quantMtRNAseq_Cortex_tRNA_2	9252.617	33337
Mus_musculus_tRNA-Ser-GCT	0	shrimp	salmon	quantMtRNAseq_Cortex_tRNA_3	8745.031	33337
Mus_musculus_tRNA-Ser-GGA	0	bowtie2	salmon	quantMtRNAseq_Cerebellum_tRNA_1	204.578	1961
Mus_musculus_tRNA-Ser-GGA	0	bowtie2	salmon	quantMtRNAseq_Cerebellum_tRNA_2	226.933	1961
Mus_musculus_tRNA-Ser-GGA	0	bowtie2	salmon	quantMtRNAseq_Cerebellum_tRNA_3	212.734	1961
Mus_musculus_tRNA-Ser-GGA	0	bowtie2	salmon	quantMtRNAseq_Cortex_tRNA_1	370.014	1961
Mus_musculus_tRNA-Ser-GGA	0	bowtie2	salmon	quantMtRNAseq_Cortex_tRNA_2	222.333	1961
Mus_musculus_tRNA-Ser-GGA	0	bowtie2	salmon	quantMtRNAseq_Cortex_tRNA_3	218.662	1961
Mus_musculus_tRNA-Ser-GGA	0	shrimp	salmon	quantMtRNAseq_Cerebellum_tRNA_1	118.452	1961
Mus_musculus_tRNA-Ser-GGA	0	shrimp	salmon	quantMtRNAseq_Cerebellum_tRNA_2	125.311	1961
Mus_musculus_tRNA-Ser-GGA	0	shrimp	salmon	quantMtRNAseq_Cerebellum_tRNA_3	133.402	1961
Mus_musculus_tRNA-Ser-GGA	0	shrimp	salmon	quantMtRNAseq_Cortex_tRNA_1	161.96	1961
Mus_musculus_tRNA-Ser-GGA	0	shrimp	salmon	quantMtRNAseq_Cortex_tRNA_2	124.497	1961
Mus_musculus_tRNA-Ser-GGA	0	shrimp	salmon	quantMtRNAseq_Cortex_tRNA_3	133.394	1961
Mus_musculus_tRNA-Ser-TGA	0	bowtie2	salmon	quantMtRNAseq_Cerebellum_tRNA_1	11706.99	7844
Mus_musculus_tRNA-Ser-TGA	0	bowtie2	salmon	quantMtRNAseq_Cerebellum_tRNA_2	11767.758	7844
Mus_musculus_tRNA-Ser-TGA	0	bowtie2	salmon	quantMtRNAseq_Cerebellum_tRNA_3	10447.225	7844
Mus_musculus_tRNA-Ser-TGA	0	bowtie2	salmon	quantMtRNAseq_Cortex_tRNA_1	11540.918	7844
Mus_musculus_tRNA-Ser-TGA	0	bowtie2	salmon	quantMtRNAseq_Cortex_tRNA_2	11821.363000000001	7844
Mus_musculus_tRNA-Ser-TGA	0	bowtie2	salmon	quantMtRNAseq_Cortex_tRNA_3	10626.995	7844
Mus_musculus_tRNA-Ser-TGA	0	shrimp	salmon	quantMtRNAseq_Cerebellum_tRNA_1	3229.04	7844
Mus_musculus_tRNA-Ser-TGA	0	shrimp	salmon	quantMtRNAseq_Cerebellum_tRNA_2	2566.938	7844
Mus_musculus_tRNA-Ser-TGA	0	shrimp	salmon	quantMtRNAseq_Cerebellum_tRNA_3	3155.4359999999997	7844
Mus_musculus_tRNA-Ser-TGA	0	shrimp	salmon	quantMtRNAseq_Cortex_tRNA_1	1556.236	7844
Mus_musculus_tRNA-Ser-TGA	0	shrimp	salmon	quantMtRNAseq_Cortex_tRNA_2	2656.545	7844
Mus_musculus_tRNA-Ser-TGA	0	shrimp	salmon	quantMtRNAseq_Cortex_tRNA_3	3180.245	7844
Mus_musculus_tRNA-Sup-TCA	0	bowtie2	salmon	quantMtRNAseq_Cerebellum_tRNA_1	1984.511	1961
Mus_musculus_tRNA-Sup-TCA	0	bowtie2	salmon	quantMtRNAseq_Cerebellum_tRNA_2	1946.9750000000001	1961
Mus_musculus_tRNA-Sup-TCA	0	bowtie2	salmon	quantMtRNAseq_Cerebellum_tRNA_3	2000.546	1961
Mus_musculus_tRNA-Sup-TCA	0	bowtie2	salmon	quantMtRNAseq_Cortex_tRNA_1	1993.176	1961
Mus_musculus_tRNA-Sup-TCA	0	bowtie2	salmon	quantMtRNAseq_Cortex_tRNA_2	1977.524	1961
Mus_musculus_tRNA-Sup-TCA	0	bowtie2	salmon	quantMtRNAseq_Cortex_tRNA_3	1998.8339999999998	1961
Mus_musculus_tRNA-Sup-TCA	0	shrimp	salmon	quantMtRNAseq_Cerebellum_tRNA_1	1843.634	1961
Mus_musculus_tRNA-Sup-TCA	0	shrimp	salmon	quantMtRNAseq_Cerebellum_tRNA_2	1809.654	1961
Mus_musculus_tRNA-Sup-TCA	0	shrimp	salmon	quantMtRNAseq_Cerebellum_tRNA_3	1923.621	1961
Mus_musculus_tRNA-Sup-TCA	0	shrimp	salmon	quantMtRNAseq_Cortex_tRNA_1	1801.111	1961
Mus_musculus_tRNA-Sup-TCA	0	shrimp	salmon	quantMtRNAseq_Cortex_tRNA_2	1882.737	1961
Mus_musculus_tRNA-Sup-TCA	0	shrimp	salmon	quantMtRNAseq_Cortex_tRNA_3	1905.798	1961
Mus_musculus_tRNA-Sup-TTA	0	bowtie2	salmon	quantMtRNAseq_Cerebellum_tRNA_1	1500.35	1961
Mus_musculus_tRNA-Sup-TTA	0	bowtie2	salmon	quantMtRNAseq_Cerebellum_tRNA_2	1414.275	1961
Mus_musculus_tRNA-Sup-TTA	0	bowtie2	salmon	quantMtRNAseq_Cerebellum_tRNA_3	1669.562	1961
Mus_musculus_tRNA-Sup-TTA	0	bowtie2	salmon	quantMtRNAseq_Cortex_tRNA_1	1650.199	1961
Mus_musculus_tRNA-Sup-TTA	0	bowtie2	salmon	quantMtRNAseq_Cortex_tRNA_2	1809.208	1961
Mus_musculus_tRNA-Sup-TTA	0	bowtie2	salmon	quantMtRNAseq_Cortex_tRNA_3	1246.769	1961
Mus_musculus_tRNA-Sup-TTA	0	shrimp	salmon	quantMtRNAseq_Cerebellum_tRNA_1	5.0	1961
Mus_musculus_tRNA-Sup-TTA	0	shrimp	salmon	quantMtRNAseq_Cerebellum_tRNA_2	3.003	1961
Mus_musculus_tRNA-Sup-TTA	0	shrimp	salmon	quantMtRNAseq_Cerebellum_tRNA_3	0.0	1961
Mus_musculus_tRNA-Sup-TTA	0	shrimp	salmon	quantMtRNAseq_Cortex_tRNA_1	0.0	1961
Mus_musculus_tRNA-Sup-TTA	0	shrimp	salmon	quantMtRNAseq_Cortex_tRNA_2	4.0	1961
Mus_musculus_tRNA-Sup-TTA	0	shrimp	salmon	quantMtRNAseq_Cortex_tRNA_3	2.0	1961
Mus_musculus_tRNA-Thr-AGT	0	bowtie2	salmon	quantMtRNAseq_Cerebellum_tRNA_1	18302.888	19610
Mus_musculus_tRNA-Thr-AGT	0	bowtie2	salmon	quantMtRNAseq_Cerebellum_tRNA_2	18643.933	19610
Mus_musculus_tRNA-Thr-AGT	0	bowtie2	salmon	quantMtRNAseq_Cerebellum_tRNA_3	18384.756999999998	19610
Mus_musculus_tRNA-Thr-AGT	0	bowtie2	salmon	quantMtRNAseq_Cortex_tRNA_1	18577.952	19610
Mus_musculus_tRNA-Thr-AGT	0	bowtie2	salmon	quantMtRNAseq_Cortex_tRNA_2	18304.740999999998	19610
Mus_musculus_tRNA-Thr-AGT	0	bowtie2	salmon	quantMtRNAseq_Cortex_tRNA_3	18156.77	19610
Mus_musculus_tRNA-Thr-AGT	0	shrimp	salmon	quantMtRNAseq_Cerebellum_tRNA_1	10140.054	19610
Mus_musculus_tRNA-Thr-AGT	0	shrimp	salmon	quantMtRNAseq_Cerebellum_tRNA_2	9465.632	19610
Mus_musculus_tRNA-Thr-AGT	0	shrimp	salmon	quantMtRNAseq_Cerebellum_tRNA_3	9638.34	19610
Mus_musculus_tRNA-Thr-AGT	0	shrimp	salmon	quantMtRNAseq_Cortex_tRNA_1	3535.643	19610
Mus_musculus_tRNA-Thr-AGT	0	shrimp	salmon	quantMtRNAseq_Cortex_tRNA_2	9115.848	19610
Mus_musculus_tRNA-Thr-AGT	0	shrimp	salmon	quantMtRNAseq_Cortex_tRNA_3	8414.131	19610
Mus_musculus_tRNA-Thr-CGT	0	bowtie2	salmon	quantMtRNAseq_Cerebellum_tRNA_1	9039.274	9805
Mus_musculus_tRNA-Thr-CGT	0	bowtie2	salmon	quantMtRNAseq_Cerebellum_tRNA_2	8680.219	9805
Mus_musculus_tRNA-Thr-CGT	0	bowtie2	salmon	quantMtRNAseq_Cerebellum_tRNA_3	8930.03	9805
Mus_musculus_tRNA-Thr-CGT	0	bowtie2	salmon	quantMtRNAseq_Cortex_tRNA_1	9085.79	9805
Mus_musculus_tRNA-Thr-CGT	0	bowtie2	salmon	quantMtRNAseq_Cortex_tRNA_2	8973.931	9805
Mus_musculus_tRNA-Thr-CGT	0	bowtie2	salmon	quantMtRNAseq_Cortex_tRNA_3	8849.462	9805
Mus_musculus_tRNA-Thr-CGT	0	shrimp	salmon	quantMtRNAseq_Cerebellum_tRNA_1	1956.513	9805
Mus_musculus_tRNA-Thr-CGT	0	shrimp	salmon	quantMtRNAseq_Cerebellum_tRNA_2	1645.186	9805
Mus_musculus_tRNA-Thr-CGT	0	shrimp	salmon	quantMtRNAseq_Cerebellum_tRNA_3	1840.277	9805
Mus_musculus_tRNA-Thr-CGT	0	shrimp	salmon	quantMtRNAseq_Cortex_tRNA_1	935.103	9805
Mus_musculus_tRNA-Thr-CGT	0	shrimp	salmon	quantMtRNAseq_Cortex_tRNA_2	1840.409	9805
Mus_musculus_tRNA-Thr-CGT	0	shrimp	salmon	quantMtRNAseq_Cortex_tRNA_3	1670.0140000000001	9805
Mus_musculus_tRNA-Thr-GGT	0	bowtie2	salmon	quantMtRNAseq_Cerebellum_tRNA_1	3672.6560000000004	3922
Mus_musculus_tRNA-Thr-GGT	0	bowtie2	salmon	quantMtRNAseq_Cerebellum_tRNA_2	3286.407	3922
Mus_musculus_tRNA-Thr-GGT	0	bowtie2	salmon	quantMtRNAseq_Cerebellum_tRNA_3	3507.346	3922
Mus_musculus_tRNA-Thr-GGT	0	bowtie2	salmon	quantMtRNAseq_Cortex_tRNA_1	2950.4900000000002	3922
Mus_musculus_tRNA-Thr-GGT	0	bowtie2	salmon	quantMtRNAseq_Cortex_tRNA_2	3675.835	3922
Mus_musculus_tRNA-Thr-GGT	0	bowtie2	salmon	quantMtRNAseq_Cortex_tRNA_3	3515.76	3922
Mus_musculus_tRNA-Thr-GGT	0	shrimp	salmon	quantMtRNAseq_Cerebellum_tRNA_1	0.0	3922
Mus_musculus_tRNA-Thr-GGT	0	shrimp	salmon	quantMtRNAseq_Cerebellum_tRNA_2	6.0	3922
Mus_musculus_tRNA-Thr-GGT	0	shrimp	salmon	quantMtRNAseq_Cerebellum_tRNA_3	0.0	3922
Mus_musculus_tRNA-Thr-GGT	0	shrimp	salmon	quantMtRNAseq_Cortex_tRNA_1	0.0	3922
Mus_musculus_tRNA-Thr-GGT	0	shrimp	salmon	quantMtRNAseq_Cortex_tRNA_2	0.0	3922
Mus_musculus_tRNA-Thr-GGT	0	shrimp	salmon	quantMtRNAseq_Cortex_tRNA_3	2.0	3922
Mus_musculus_tRNA-Thr-TGT	0	bowtie2	salmon	quantMtRNAseq_Cerebellum_tRNA_1	10213.844	9805
Mus_musculus_tRNA-Thr-TGT	0	bowtie2	salmon	quantMtRNAseq_Cerebellum_tRNA_2	10434.032	9805
Mus_musculus_tRNA-Thr-TGT	0	bowtie2	salmon	quantMtRNAseq_Cerebellum_tRNA_3	10267.331	9805
Mus_musculus_tRNA-Thr-TGT	0	bowtie2	salmon	quantMtRNAseq_Cortex_tRNA_1	9933.148000000001	9805
Mus_musculus_tRNA-Thr-TGT	0	bowtie2	salmon	quantMtRNAseq_Cortex_tRNA_2	10113.853	9805
Mus_musculus_tRNA-Thr-TGT	0	bowtie2	salmon	quantMtRNAseq_Cortex_tRNA_3	10249.598	9805
Mus_musculus_tRNA-Thr-TGT	0	shrimp	salmon	quantMtRNAseq_Cerebellum_tRNA_1	2815.572	9805
Mus_musculus_tRNA-Thr-TGT	0	shrimp	salmon	quantMtRNAseq_Cerebellum_tRNA_2	4429.473	9805
Mus_musculus_tRNA-Thr-TGT	0	shrimp	salmon	quantMtRNAseq_Cerebellum_tRNA_3	4783.388	9805
Mus_musculus_tRNA-Thr-TGT	0	shrimp	salmon	quantMtRNAseq_Cortex_tRNA_1	3001.3469999999998	9805
Mus_musculus_tRNA-Thr-TGT	0	shrimp	salmon	quantMtRNAseq_Cortex_tRNA_2	4663.896	9805
Mus_musculus_tRNA-Thr-TGT	0	shrimp	salmon	quantMtRNAseq_Cortex_tRNA_3	4710.158	9805
Mus_musculus_tRNA-Trp-CCA	0	bowtie2	salmon	quantMtRNAseq_Cerebellum_tRNA_1	15302.969000000001	15688
Mus_musculus_tRNA-Trp-CCA	0	bowtie2	salmon	quantMtRNAseq_Cerebellum_tRNA_2	15259.994999999999	15688
Mus_musculus_tRNA-Trp-CCA	0	bowtie2	salmon	quantMtRNAseq_Cerebellum_tRNA_3	15249.016	15688
Mus_musculus_tRNA-Trp-CCA	0	bowtie2	salmon	quantMtRNAseq_Cortex_tRNA_1	15063.997	15688
Mus_musculus_tRNA-Trp-CCA	0	bowtie2	salmon	quantMtRNAseq_Cortex_tRNA_2	15278.004	15688
Mus_musculus_tRNA-Trp-CCA	0	bowtie2	salmon	quantMtRNAseq_Cortex_tRNA_3	15213.989	15688
Mus_musculus_tRNA-Trp-CCA	0	shrimp	salmon	quantMtRNAseq_Cerebellum_tRNA_1	6779.0	15688
Mus_musculus_tRNA-Trp-CCA	0	shrimp	salmon	quantMtRNAseq_Cerebellum_tRNA_2	6254.0	15688
Mus_musculus_tRNA-Trp-CCA	0	shrimp	salmon	quantMtRNAseq_Cerebellum_tRNA_3	6117.0	15688
Mus_musculus_tRNA-Trp-CCA	0	shrimp	salmon	quantMtRNAseq_Cortex_tRNA_1	2572.001	15688
Mus_musculus_tRNA-Trp-CCA	0	shrimp	salmon	quantMtRNAseq_Cortex_tRNA_2	5793.0	15688
Mus_musculus_tRNA-Trp-CCA	0	shrimp	salmon	quantMtRNAseq_Cortex_tRNA_3	4712.0	15688
Mus_musculus_tRNA-Tyr-GTA	0	bowtie2	salmon	quantMtRNAseq_Cerebellum_tRNA_1	19572.788	19610
Mus_musculus_tRNA-Tyr-GTA	0	bowtie2	salmon	quantMtRNAseq_Cerebellum_tRNA_2	19544.901	19610
Mus_musculus_tRNA-Tyr-GTA	0	bowtie2	salmon	quantMtRNAseq_Cerebellum_tRNA_3	19583.734	19610
Mus_musculus_tRNA-Tyr-GTA	0	bowtie2	salmon	quantMtRNAseq_Cortex_tRNA_1	19150.277	19610
Mus_musculus_tRNA-Tyr-GTA	0	bowtie2	salmon	quantMtRNAseq_Cortex_tRNA_2	19560.454999999998	19610
Mus_musculus_tRNA-Tyr-GTA	0	bowtie2	salmon	quantMtRNAseq_Cortex_tRNA_3	19547.837	19610
Mus_musculus_tRNA-Tyr-GTA	0	shrimp	salmon	quantMtRNAseq_Cerebellum_tRNA_1	18531.001	19610
Mus_musculus_tRNA-Tyr-GTA	0	shrimp	salmon	quantMtRNAseq_Cerebellum_tRNA_2	18076.211	19610
Mus_musculus_tRNA-Tyr-GTA	0	shrimp	salmon	quantMtRNAseq_Cerebellum_tRNA_3	18635.0	19610
Mus_musculus_tRNA-Tyr-GTA	0	shrimp	salmon	quantMtRNAseq_Cortex_tRNA_1	9940.0	19610
Mus_musculus_tRNA-Tyr-GTA	0	shrimp	salmon	quantMtRNAseq_Cortex_tRNA_2	17885.999	19610
Mus_musculus_tRNA-Tyr-GTA	0	shrimp	salmon	quantMtRNAseq_Cortex_tRNA_3	17918.999	19610
Mus_musculus_tRNA-Und-NNN	0	bowtie2	salmon	quantMtRNAseq_Cerebellum_tRNA_1	2840.208	0
Mus_musculus_tRNA-Und-NNN	0	bowtie2	salmon	quantMtRNAseq_Cerebellum_tRNA_2	6726.675000000001	0
Mus_musculus_tRNA-Und-NNN	0	bowtie2	salmon	quantMtRNAseq_Cerebellum_tRNA_3	4557.658	0
Mus_musculus_tRNA-Und-NNN	0	bowtie2	salmon	quantMtRNAseq_Cortex_tRNA_1	8459.98	0
Mus_musculus_tRNA-Und-NNN	0	bowtie2	salmon	quantMtRNAseq_Cortex_tRNA_2	3627.9249999999997	0
Mus_musculus_tRNA-Und-NNN	0	bowtie2	salmon	quantMtRNAseq_Cortex_tRNA_3	4211.903	0
Mus_musculus_tRNA-Und-NNN	0	shrimp	salmon	quantMtRNAseq_Cerebellum_tRNA_1	23.07	0
Mus_musculus_tRNA-Und-NNN	0	shrimp	salmon	quantMtRNAseq_Cerebellum_tRNA_2	14.9	0
Mus_musculus_tRNA-Und-NNN	0	shrimp	salmon	quantMtRNAseq_Cerebellum_tRNA_3	104.99	0
Mus_musculus_tRNA-Und-NNN	0	shrimp	salmon	quantMtRNAseq_Cortex_tRNA_1	6.997	0
Mus_musculus_tRNA-Und-NNN	0	shrimp	salmon	quantMtRNAseq_Cortex_tRNA_2	37.111000000000004	0
Mus_musculus_tRNA-Und-NNN	0	shrimp	salmon	quantMtRNAseq_Cortex_tRNA_3	13.032	0
Mus_musculus_tRNA-Val-AAC	0	bowtie2	salmon	quantMtRNAseq_Cerebellum_tRNA_1	15976.92	17649
Mus_musculus_tRNA-Val-AAC	0	bowtie2	salmon	quantMtRNAseq_Cerebellum_tRNA_2	15465.959	17649
Mus_musculus_tRNA-Val-AAC	0	bowtie2	salmon	quantMtRNAseq_Cerebellum_tRNA_3	16307.249	17649
Mus_musculus_tRNA-Val-AAC	0	bowtie2	salmon	quantMtRNAseq_Cortex_tRNA_1	14501.717	17649
Mus_musculus_tRNA-Val-AAC	0	bowtie2	salmon	quantMtRNAseq_Cortex_tRNA_2	15542.801	17649
Mus_musculus_tRNA-Val-AAC	0	bowtie2	salmon	quantMtRNAseq_Cortex_tRNA_3	15532.136	17649
Mus_musculus_tRNA-Val-AAC	0	shrimp	salmon	quantMtRNAseq_Cerebellum_tRNA_1	8232.893	17649
Mus_musculus_tRNA-Val-AAC	0	shrimp	salmon	quantMtRNAseq_Cerebellum_tRNA_2	6643.535	17649
Mus_musculus_tRNA-Val-AAC	0	shrimp	salmon	quantMtRNAseq_Cerebellum_tRNA_3	7611.482	17649
Mus_musculus_tRNA-Val-AAC	0	shrimp	salmon	quantMtRNAseq_Cortex_tRNA_1	2522.382	17649
Mus_musculus_tRNA-Val-AAC	0	shrimp	salmon	quantMtRNAseq_Cortex_tRNA_2	7268.982	17649
Mus_musculus_tRNA-Val-AAC	0	shrimp	salmon	quantMtRNAseq_Cortex_tRNA_3	6720.518	17649
Mus_musculus_tRNA-Val-CAC	0	bowtie2	salmon	quantMtRNAseq_Cerebellum_tRNA_1	26331.952	23532
Mus_musculus_tRNA-Val-CAC	0	bowtie2	salmon	quantMtRNAseq_Cerebellum_tRNA_2	26767.912	23532
Mus_musculus_tRNA-Val-CAC	0	bowtie2	salmon	quantMtRNAseq_Cerebellum_tRNA_3	25905.811	23532
Mus_musculus_tRNA-Val-CAC	0	bowtie2	salmon	quantMtRNAseq_Cortex_tRNA_1	27202.96	23532
Mus_musculus_tRNA-Val-CAC	0	bowtie2	salmon	quantMtRNAseq_Cortex_tRNA_2	26662.095	23532
Mus_musculus_tRNA-Val-CAC	0	bowtie2	salmon	quantMtRNAseq_Cortex_tRNA_3	26586.726000000002	23532
Mus_musculus_tRNA-Val-CAC	0	shrimp	salmon	quantMtRNAseq_Cerebellum_tRNA_1	16616.127	23532
Mus_musculus_tRNA-Val-CAC	0	shrimp	salmon	quantMtRNAseq_Cerebellum_tRNA_2	15248.594	23532
Mus_musculus_tRNA-Val-CAC	0	shrimp	salmon	quantMtRNAseq_Cerebellum_tRNA_3	16191.039999999999	23532
Mus_musculus_tRNA-Val-CAC	0	shrimp	salmon	quantMtRNAseq_Cortex_tRNA_1	5608.454	23532
Mus_musculus_tRNA-Val-CAC	0	shrimp	salmon	quantMtRNAseq_Cortex_tRNA_2	14285.2	23532
Mus_musculus_tRNA-Val-CAC	0	shrimp	salmon	quantMtRNAseq_Cortex_tRNA_3	14381.915	23532
Mus_musculus_tRNA-Val-GAC	0	bowtie2	salmon	quantMtRNAseq_Cerebellum_tRNA_1	1836.1670000000001	1961
Mus_musculus_tRNA-Val-GAC	0	bowtie2	salmon	quantMtRNAseq_Cerebellum_tRNA_2	1847.31	1961
Mus_musculus_tRNA-Val-GAC	0	bowtie2	salmon	quantMtRNAseq_Cerebellum_tRNA_3	1856.1960000000001	1961
Mus_musculus_tRNA-Val-GAC	0	bowtie2	salmon	quantMtRNAseq_Cortex_tRNA_1	1789.1319999999998	1961
Mus_musculus_tRNA-Val-GAC	0	bowtie2	salmon	quantMtRNAseq_Cortex_tRNA_2	1808.3509999999999	1961
Mus_musculus_tRNA-Val-GAC	0	bowtie2	salmon	quantMtRNAseq_Cortex_tRNA_3	1898.074	1961
Mus_musculus_tRNA-Val-GAC	0	shrimp	salmon	quantMtRNAseq_Cerebellum_tRNA_1	600.0	1961
Mus_musculus_tRNA-Val-GAC	0	shrimp	salmon	quantMtRNAseq_Cerebellum_tRNA_2	639.0	1961
Mus_musculus_tRNA-Val-GAC	0	shrimp	salmon	quantMtRNAseq_Cerebellum_tRNA_3	0.0	1961
Mus_musculus_tRNA-Val-GAC	0	shrimp	salmon	quantMtRNAseq_Cortex_tRNA_1	1.0	1961
Mus_musculus_tRNA-Val-GAC	0	shrimp	salmon	quantMtRNAseq_Cortex_tRNA_2	0.0	1961
Mus_musculus_tRNA-Val-GAC	0	shrimp	salmon	quantMtRNAseq_Cortex_tRNA_3	914.0	1961
Mus_musculus_tRNA-Val-TAC	0	bowtie2	salmon	quantMtRNAseq_Cerebellum_tRNA_1	5988.017	5883
Mus_musculus_tRNA-Val-TAC	0	bowtie2	salmon	quantMtRNAseq_Cerebellum_tRNA_2	6007.936	5883
Mus_musculus_tRNA-Val-TAC	0	bowtie2	salmon	quantMtRNAseq_Cerebellum_tRNA_3	5917.018	5883
Mus_musculus_tRNA-Val-TAC	0	bowtie2	salmon	quantMtRNAseq_Cortex_tRNA_1	5842.302	5883
Mus_musculus_tRNA-Val-TAC	0	bowtie2	salmon	quantMtRNAseq_Cortex_tRNA_2	5900.213	5883
Mus_musculus_tRNA-Val-TAC	0	bowtie2	salmon	quantMtRNAseq_Cortex_tRNA_3	5910.474	5883
Mus_musculus_tRNA-Val-TAC	0	shrimp	salmon	quantMtRNAseq_Cerebellum_tRNA_1	5732.0	5883
Mus_musculus_tRNA-Val-TAC	0	shrimp	salmon	quantMtRNAseq_Cerebellum_tRNA_2	5643.0	5883
Mus_musculus_tRNA-Val-TAC	0	shrimp	salmon	quantMtRNAseq_Cerebellum_tRNA_3	5816.903	5883
Mus_musculus_tRNA-Val-TAC	0	shrimp	salmon	quantMtRNAseq_Cortex_tRNA_1	4707.0	5883
Mus_musculus_tRNA-Val-TAC	0	shrimp	salmon	quantMtRNAseq_Cortex_tRNA_2	5589.001	5883
Mus_musculus_tRNA-Val-TAC	0	shrimp	salmon	quantMtRNAseq_Cortex_tRNA_3	5749.999	5883
Mus_musculus_tRNA-iMet-CAT	0	bowtie2	salmon	quantMtRNAseq_Cerebellum_tRNA_1	21361.979	21571
Mus_musculus_tRNA-iMet-CAT	0	bowtie2	salmon	quantMtRNAseq_Cerebellum_tRNA_2	21291.001	21571
Mus_musculus_tRNA-iMet-CAT	0	bowtie2	salmon	quantMtRNAseq_Cerebellum_tRNA_3	21403.485	21571
Mus_musculus_tRNA-iMet-CAT	0	bowtie2	salmon	quantMtRNAseq_Cortex_tRNA_1	21173.997	21571
Mus_musculus_tRNA-iMet-CAT	0	bowtie2	salmon	quantMtRNAseq_Cortex_tRNA_2	21374.997	21571
Mus_musculus_tRNA-iMet-CAT	0	bowtie2	salmon	quantMtRNAseq_Cortex_tRNA_3	21372.098	21571
Mus_musculus_tRNA-iMet-CAT	0	shrimp	salmon	quantMtRNAseq_Cerebellum_tRNA_1	17945.001	21571
Mus_musculus_tRNA-iMet-CAT	0	shrimp	salmon	quantMtRNAseq_Cerebellum_tRNA_2	17094.0	21571
Mus_musculus_tRNA-iMet-CAT	0	shrimp	salmon	quantMtRNAseq_Cerebellum_tRNA_3	18282.001	21571
Mus_musculus_tRNA-iMet-CAT	0	shrimp	salmon	quantMtRNAseq_Cortex_tRNA_1	13437.0	21571
Mus_musculus_tRNA-iMet-CAT	0	shrimp	salmon	quantMtRNAseq_Cortex_tRNA_2	17113.0	21571
Mus_musculus_tRNA-iMet-CAT	0	shrimp	salmon	quantMtRNAseq_Cortex_tRNA_3	17497.0	21571
