Name	NumReads	truth	input_file	simulation_n	quant_method	tally_method
Escherichia_coli_str_K_12_substr_MG1655_tRNA-eColiLys-TTT	10.0	0	quantMtRNAseq_Cerebellum_tRNA_1	0	bowtie2	random_single
Mus_musculus_MTtRNA-Ala-TGC	1961.0	1961	quantMtRNAseq_Cerebellum_tRNA_1	0	bowtie2	random_single
Mus_musculus_MTtRNA-Arg-TCG	1961.0	1961	quantMtRNAseq_Cerebellum_tRNA_1	0	bowtie2	random_single
Mus_musculus_MTtRNA-Asn-GTT	1958.0	1961	quantMtRNAseq_Cerebellum_tRNA_1	0	bowtie2	random_single
Mus_musculus_MTtRNA-Asp-GTC	1955.0	1961	quantMtRNAseq_Cerebellum_tRNA_1	0	bowtie2	random_single
Mus_musculus_MTtRNA-Cys-GCA	1960.0	1961	quantMtRNAseq_Cerebellum_tRNA_1	0	bowtie2	random_single
Mus_musculus_MTtRNA-Gln-TTG	1964.0	1961	quantMtRNAseq_Cerebellum_tRNA_1	0	bowtie2	random_single
Mus_musculus_MTtRNA-Glu-TTC	1961.0	1961	quantMtRNAseq_Cerebellum_tRNA_1	0	bowtie2	random_single
Mus_musculus_MTtRNA-Gly-TCC	1960.0	1961	quantMtRNAseq_Cerebellum_tRNA_1	0	bowtie2	random_single
Mus_musculus_MTtRNA-His-GTG	1961.0	1961	quantMtRNAseq_Cerebellum_tRNA_1	0	bowtie2	random_single
Mus_musculus_MTtRNA-Ile-GAT	1960.0	1961	quantMtRNAseq_Cerebellum_tRNA_1	0	bowtie2	random_single
Mus_musculus_MTtRNA-Leu1-TAG	1962.0	1961	quantMtRNAseq_Cerebellum_tRNA_1	0	bowtie2	random_single
Mus_musculus_MTtRNA-Leu2-TAA	1961.0	1961	quantMtRNAseq_Cerebellum_tRNA_1	0	bowtie2	random_single
Mus_musculus_MTtRNA-Lys-TTT	1961.0	1961	quantMtRNAseq_Cerebellum_tRNA_1	0	bowtie2	random_single
Mus_musculus_MTtRNA-Met-CAT	1961.0	1961	quantMtRNAseq_Cerebellum_tRNA_1	0	bowtie2	random_single
Mus_musculus_MTtRNA-Phe-GAA	1961.0	1961	quantMtRNAseq_Cerebellum_tRNA_1	0	bowtie2	random_single
Mus_musculus_MTtRNA-Pro-TGG	1960.0	1961	quantMtRNAseq_Cerebellum_tRNA_1	0	bowtie2	random_single
Mus_musculus_MTtRNA-Ser1-GCT	1959.0	1961	quantMtRNAseq_Cerebellum_tRNA_1	0	bowtie2	random_single
Mus_musculus_MTtRNA-Ser2-TGA	1965.0	1961	quantMtRNAseq_Cerebellum_tRNA_1	0	bowtie2	random_single
Mus_musculus_MTtRNA-Thr-TGT	1961.0	1961	quantMtRNAseq_Cerebellum_tRNA_1	0	bowtie2	random_single
Mus_musculus_MTtRNA-Trp-TCA	1959.0	1961	quantMtRNAseq_Cerebellum_tRNA_1	0	bowtie2	random_single
Mus_musculus_MTtRNA-Tyr-GTA	1959.0	1961	quantMtRNAseq_Cerebellum_tRNA_1	0	bowtie2	random_single
Mus_musculus_MTtRNA-Val-TAC	1958.0	1961	quantMtRNAseq_Cerebellum_tRNA_1	0	bowtie2	random_single
Mus_musculus_tRNA-Ala-AGC	36063.0	39220	quantMtRNAseq_Cerebellum_tRNA_1	0	bowtie2	random_single
Mus_musculus_tRNA-Ala-CGC	22609.0	15688	quantMtRNAseq_Cerebellum_tRNA_1	0	bowtie2	random_single
Mus_musculus_tRNA-Ala-GGC	3516.0	3922	quantMtRNAseq_Cerebellum_tRNA_1	0	bowtie2	random_single
Mus_musculus_tRNA-Ala-TGC	13722.0	21571	quantMtRNAseq_Cerebellum_tRNA_1	0	bowtie2	random_single
Mus_musculus_tRNA-Arg-ACG	11915.0	11766	quantMtRNAseq_Cerebellum_tRNA_1	0	bowtie2	random_single
Mus_musculus_tRNA-Arg-CCG	6540.0	5883	quantMtRNAseq_Cerebellum_tRNA_1	0	bowtie2	random_single
Mus_musculus_tRNA-Arg-CCT	11309.0	9805	quantMtRNAseq_Cerebellum_tRNA_1	0	bowtie2	random_single
Mus_musculus_tRNA-Arg-TCG	9072.0	9805	quantMtRNAseq_Cerebellum_tRNA_1	0	bowtie2	random_single
Mus_musculus_tRNA-Arg-TCT	11808.0	13727	quantMtRNAseq_Cerebellum_tRNA_1	0	bowtie2	random_single
Mus_musculus_tRNA-Asn-ATT	2465.0	1961	quantMtRNAseq_Cerebellum_tRNA_1	0	bowtie2	random_single
Mus_musculus_tRNA-Asn-GTT	33970.0	35298	quantMtRNAseq_Cerebellum_tRNA_1	0	bowtie2	random_single
Mus_musculus_tRNA-Asp-ATC	1150.0	1961	quantMtRNAseq_Cerebellum_tRNA_1	0	bowtie2	random_single
Mus_musculus_tRNA-Asp-GTC	32444.0	31376	quantMtRNAseq_Cerebellum_tRNA_1	0	bowtie2	random_single
Mus_musculus_tRNA-Cys-ACA	203.0	0	quantMtRNAseq_Cerebellum_tRNA_1	0	bowtie2	random_single
Mus_musculus_tRNA-Cys-GCA	110957.0	113738	quantMtRNAseq_Cerebellum_tRNA_1	0	bowtie2	random_single
Mus_musculus_tRNA-Gln-CTG	30496.0	25493	quantMtRNAseq_Cerebellum_tRNA_1	0	bowtie2	random_single
Mus_musculus_tRNA-Gln-TTG	5526.0	11766	quantMtRNAseq_Cerebellum_tRNA_1	0	bowtie2	random_single
Mus_musculus_tRNA-Glu-CTC	24086.0	23532	quantMtRNAseq_Cerebellum_tRNA_1	0	bowtie2	random_single
Mus_musculus_tRNA-Glu-TTC	16038.0	17649	quantMtRNAseq_Cerebellum_tRNA_1	0	bowtie2	random_single
Mus_musculus_tRNA-Gly-ACC	26.0	1961	quantMtRNAseq_Cerebellum_tRNA_1	0	bowtie2	random_single
Mus_musculus_tRNA-Gly-CCC	13526.0	13727	quantMtRNAseq_Cerebellum_tRNA_1	0	bowtie2	random_single
Mus_musculus_tRNA-Gly-GCC	31462.0	31376	quantMtRNAseq_Cerebellum_tRNA_1	0	bowtie2	random_single
Mus_musculus_tRNA-Gly-TCC	19386.0	19610	quantMtRNAseq_Cerebellum_tRNA_1	0	bowtie2	random_single
Mus_musculus_tRNA-His-ATG	1686.0	1961	quantMtRNAseq_Cerebellum_tRNA_1	0	bowtie2	random_single
Mus_musculus_tRNA-His-GTG	19072.0	19610	quantMtRNAseq_Cerebellum_tRNA_1	0	bowtie2	random_single
Mus_musculus_tRNA-Ile-AAT	25134.0	25493	quantMtRNAseq_Cerebellum_tRNA_1	0	bowtie2	random_single
Mus_musculus_tRNA-Ile-GAT	1978.0	1961	quantMtRNAseq_Cerebellum_tRNA_1	0	bowtie2	random_single
Mus_musculus_tRNA-Ile-TAT	7815.0	7844	quantMtRNAseq_Cerebellum_tRNA_1	0	bowtie2	random_single
Mus_musculus_tRNA-Leu-AAG	12953.0	9805	quantMtRNAseq_Cerebellum_tRNA_1	0	bowtie2	random_single
Mus_musculus_tRNA-Leu-CAA	994.0	0	quantMtRNAseq_Cerebellum_tRNA_1	0	bowtie2	random_single
Mus_musculus_tRNA-Leu-CAG	20493.0	19610	quantMtRNAseq_Cerebellum_tRNA_1	0	bowtie2	random_single
Mus_musculus_tRNA-Leu-TAA	6793.0	5883	quantMtRNAseq_Cerebellum_tRNA_1	0	bowtie2	random_single
Mus_musculus_tRNA-Leu-TAG	3049.0	7844	quantMtRNAseq_Cerebellum_tRNA_1	0	bowtie2	random_single
Mus_musculus_tRNA-Lys-CTT	64539.0	64713	quantMtRNAseq_Cerebellum_tRNA_1	0	bowtie2	random_single
Mus_musculus_tRNA-Lys-TTT	26677.0	27454	quantMtRNAseq_Cerebellum_tRNA_1	0	bowtie2	random_single
Mus_musculus_tRNA-Met-CAT	31101.0	29415	quantMtRNAseq_Cerebellum_tRNA_1	0	bowtie2	random_single
Mus_musculus_tRNA-Phe-GAA	17154.0	15688	quantMtRNAseq_Cerebellum_tRNA_1	0	bowtie2	random_single
Mus_musculus_tRNA-Pro-AGG	3289.0	13727	quantMtRNAseq_Cerebellum_tRNA_1	0	bowtie2	random_single
Mus_musculus_tRNA-Pro-CGG	1820.0	5883	quantMtRNAseq_Cerebellum_tRNA_1	0	bowtie2	random_single
Mus_musculus_tRNA-Pro-GGG	11.0	0	quantMtRNAseq_Cerebellum_tRNA_1	0	bowtie2	random_single
Mus_musculus_tRNA-Pro-TGG	28920.0	15688	quantMtRNAseq_Cerebellum_tRNA_1	0	bowtie2	random_single
Mus_musculus_tRNA-SeC-TCA	1964.0	1961	quantMtRNAseq_Cerebellum_tRNA_1	0	bowtie2	random_single
Mus_musculus_tRNA-Ser-ACT	45.0	0	quantMtRNAseq_Cerebellum_tRNA_1	0	bowtie2	random_single
Mus_musculus_tRNA-Ser-AGA	18632.0	17649	quantMtRNAseq_Cerebellum_tRNA_1	0	bowtie2	random_single
Mus_musculus_tRNA-Ser-CGA	5709.0	7844	quantMtRNAseq_Cerebellum_tRNA_1	0	bowtie2	random_single
Mus_musculus_tRNA-Ser-GCT	22539.0	33337	quantMtRNAseq_Cerebellum_tRNA_1	0	bowtie2	random_single
Mus_musculus_tRNA-Ser-GGA	125.0	1961	quantMtRNAseq_Cerebellum_tRNA_1	0	bowtie2	random_single
Mus_musculus_tRNA-Ser-TGA	4566.0	7844	quantMtRNAseq_Cerebellum_tRNA_1	0	bowtie2	random_single
Mus_musculus_tRNA-Sup-TCA	1882.0	1961	quantMtRNAseq_Cerebellum_tRNA_1	0	bowtie2	random_single
Mus_musculus_tRNA-Sup-TTA	791.0	1961	quantMtRNAseq_Cerebellum_tRNA_1	0	bowtie2	random_single
Mus_musculus_tRNA-Thr-AGT	18849.0	19610	quantMtRNAseq_Cerebellum_tRNA_1	0	bowtie2	random_single
Mus_musculus_tRNA-Thr-CGT	7930.0	9805	quantMtRNAseq_Cerebellum_tRNA_1	0	bowtie2	random_single
Mus_musculus_tRNA-Thr-GGT	3490.0	3922	quantMtRNAseq_Cerebellum_tRNA_1	0	bowtie2	random_single
Mus_musculus_tRNA-Thr-TGT	9710.0	9805	quantMtRNAseq_Cerebellum_tRNA_1	0	bowtie2	random_single
Mus_musculus_tRNA-Trp-CCA	15311.0	15688	quantMtRNAseq_Cerebellum_tRNA_1	0	bowtie2	random_single
Mus_musculus_tRNA-Tyr-GTA	19579.0	19610	quantMtRNAseq_Cerebellum_tRNA_1	0	bowtie2	random_single
Mus_musculus_tRNA-Und-NNN	2466.0	0	quantMtRNAseq_Cerebellum_tRNA_1	0	bowtie2	random_single
Mus_musculus_tRNA-Val-AAC	11353.0	17649	quantMtRNAseq_Cerebellum_tRNA_1	0	bowtie2	random_single
Mus_musculus_tRNA-Val-CAC	30951.0	23532	quantMtRNAseq_Cerebellum_tRNA_1	0	bowtie2	random_single
Mus_musculus_tRNA-Val-GAC	1847.0	1961	quantMtRNAseq_Cerebellum_tRNA_1	0	bowtie2	random_single
Mus_musculus_tRNA-Val-TAC	5892.0	5883	quantMtRNAseq_Cerebellum_tRNA_1	0	bowtie2	random_single
Mus_musculus_tRNA-iMet-CAT	21362.0	21571	quantMtRNAseq_Cerebellum_tRNA_1	0	bowtie2	random_single
Escherichia_coli_str_K_12_substr_MG1655_tRNA-eColiLys-TTT	1.0	0	quantMtRNAseq_Cerebellum_tRNA_1	0	shrimp	random_single
Mus_musculus_MTtRNA-Ala-TGC	1942.0	1961	quantMtRNAseq_Cerebellum_tRNA_1	0	shrimp	random_single
Mus_musculus_MTtRNA-Arg-TCG	1934.0	1961	quantMtRNAseq_Cerebellum_tRNA_1	0	shrimp	random_single
Mus_musculus_MTtRNA-Asn-GTT	1723.0	1961	quantMtRNAseq_Cerebellum_tRNA_1	0	shrimp	random_single
Mus_musculus_MTtRNA-Asp-GTC	1784.0	1961	quantMtRNAseq_Cerebellum_tRNA_1	0	shrimp	random_single
Mus_musculus_MTtRNA-Cys-GCA	1942.0	1961	quantMtRNAseq_Cerebellum_tRNA_1	0	shrimp	random_single
Mus_musculus_MTtRNA-Gln-TTG	1917.0	1961	quantMtRNAseq_Cerebellum_tRNA_1	0	shrimp	random_single
Mus_musculus_MTtRNA-Glu-TTC	1952.0	1961	quantMtRNAseq_Cerebellum_tRNA_1	0	shrimp	random_single
Mus_musculus_MTtRNA-Gly-TCC	1886.0	1961	quantMtRNAseq_Cerebellum_tRNA_1	0	shrimp	random_single
Mus_musculus_MTtRNA-His-GTG	1884.0	1961	quantMtRNAseq_Cerebellum_tRNA_1	0	shrimp	random_single
Mus_musculus_MTtRNA-Ile-GAT	1764.0	1961	quantMtRNAseq_Cerebellum_tRNA_1	0	shrimp	random_single
Mus_musculus_MTtRNA-Leu1-TAG	1930.0	1961	quantMtRNAseq_Cerebellum_tRNA_1	0	shrimp	random_single
Mus_musculus_MTtRNA-Leu2-TAA	1936.0	1961	quantMtRNAseq_Cerebellum_tRNA_1	0	shrimp	random_single
Mus_musculus_MTtRNA-Lys-TTT	1885.0	1961	quantMtRNAseq_Cerebellum_tRNA_1	0	shrimp	random_single
Mus_musculus_MTtRNA-Met-CAT	1778.0	1961	quantMtRNAseq_Cerebellum_tRNA_1	0	shrimp	random_single
Mus_musculus_MTtRNA-Phe-GAA	1948.0	1961	quantMtRNAseq_Cerebellum_tRNA_1	0	shrimp	random_single
Mus_musculus_MTtRNA-Pro-TGG	1868.0	1961	quantMtRNAseq_Cerebellum_tRNA_1	0	shrimp	random_single
Mus_musculus_MTtRNA-Ser1-GCT	1780.0	1961	quantMtRNAseq_Cerebellum_tRNA_1	0	shrimp	random_single
Mus_musculus_MTtRNA-Ser2-TGA	1944.0	1961	quantMtRNAseq_Cerebellum_tRNA_1	0	shrimp	random_single
Mus_musculus_MTtRNA-Thr-TGT	1943.0	1961	quantMtRNAseq_Cerebellum_tRNA_1	0	shrimp	random_single
Mus_musculus_MTtRNA-Trp-TCA	1823.0	1961	quantMtRNAseq_Cerebellum_tRNA_1	0	shrimp	random_single
Mus_musculus_MTtRNA-Tyr-GTA	1940.0	1961	quantMtRNAseq_Cerebellum_tRNA_1	0	shrimp	random_single
Mus_musculus_MTtRNA-Val-TAC	1916.0	1961	quantMtRNAseq_Cerebellum_tRNA_1	0	shrimp	random_single
Mus_musculus_tRNA-Ala-AGC	24286.0	39220	quantMtRNAseq_Cerebellum_tRNA_1	0	shrimp	random_single
Mus_musculus_tRNA-Ala-CGC	5557.0	15688	quantMtRNAseq_Cerebellum_tRNA_1	0	shrimp	random_single
Mus_musculus_tRNA-Ala-GGC	0.0	3922	quantMtRNAseq_Cerebellum_tRNA_1	0	shrimp	random_single
Mus_musculus_tRNA-Ala-TGC	11989.0	21571	quantMtRNAseq_Cerebellum_tRNA_1	0	shrimp	random_single
Mus_musculus_tRNA-Arg-ACG	9554.0	11766	quantMtRNAseq_Cerebellum_tRNA_1	0	shrimp	random_single
Mus_musculus_tRNA-Arg-CCG	6540.0	5883	quantMtRNAseq_Cerebellum_tRNA_1	0	shrimp	random_single
Mus_musculus_tRNA-Arg-CCT	9734.0	9805	quantMtRNAseq_Cerebellum_tRNA_1	0	shrimp	random_single
Mus_musculus_tRNA-Arg-TCG	6925.0	9805	quantMtRNAseq_Cerebellum_tRNA_1	0	shrimp	random_single
Mus_musculus_tRNA-Arg-TCT	10675.0	13727	quantMtRNAseq_Cerebellum_tRNA_1	0	shrimp	random_single
Mus_musculus_tRNA-Asn-ATT	0.0	1961	quantMtRNAseq_Cerebellum_tRNA_1	0	shrimp	random_single
Mus_musculus_tRNA-Asn-GTT	31501.0	35298	quantMtRNAseq_Cerebellum_tRNA_1	0	shrimp	random_single
Mus_musculus_tRNA-Asp-ATC	1.0	1961	quantMtRNAseq_Cerebellum_tRNA_1	0	shrimp	random_single
Mus_musculus_tRNA-Asp-GTC	31289.0	31376	quantMtRNAseq_Cerebellum_tRNA_1	0	shrimp	random_single
Mus_musculus_tRNA-Cys-ACA	1.0	0	quantMtRNAseq_Cerebellum_tRNA_1	0	shrimp	random_single
Mus_musculus_tRNA-Cys-GCA	32467.0	113738	quantMtRNAseq_Cerebellum_tRNA_1	0	shrimp	random_single
Mus_musculus_tRNA-Gln-CTG	5134.0	25493	quantMtRNAseq_Cerebellum_tRNA_1	0	shrimp	random_single
Mus_musculus_tRNA-Gln-TTG	4950.0	11766	quantMtRNAseq_Cerebellum_tRNA_1	0	shrimp	random_single
Mus_musculus_tRNA-Glu-CTC	18562.0	23532	quantMtRNAseq_Cerebellum_tRNA_1	0	shrimp	random_single
Mus_musculus_tRNA-Glu-TTC	18475.0	17649	quantMtRNAseq_Cerebellum_tRNA_1	0	shrimp	random_single
Mus_musculus_tRNA-Gly-ACC	21.0	1961	quantMtRNAseq_Cerebellum_tRNA_1	0	shrimp	random_single
Mus_musculus_tRNA-Gly-CCC	13698.0	13727	quantMtRNAseq_Cerebellum_tRNA_1	0	shrimp	random_single
Mus_musculus_tRNA-Gly-GCC	28982.0	31376	quantMtRNAseq_Cerebellum_tRNA_1	0	shrimp	random_single
Mus_musculus_tRNA-Gly-TCC	15649.0	19610	quantMtRNAseq_Cerebellum_tRNA_1	0	shrimp	random_single
Mus_musculus_tRNA-His-ATG	1378.0	1961	quantMtRNAseq_Cerebellum_tRNA_1	0	shrimp	random_single
Mus_musculus_tRNA-His-GTG	7247.0	19610	quantMtRNAseq_Cerebellum_tRNA_1	0	shrimp	random_single
Mus_musculus_tRNA-Ile-AAT	13768.0	25493	quantMtRNAseq_Cerebellum_tRNA_1	0	shrimp	random_single
Mus_musculus_tRNA-Ile-GAT	568.0	1961	quantMtRNAseq_Cerebellum_tRNA_1	0	shrimp	random_single
Mus_musculus_tRNA-Ile-TAT	6715.0	7844	quantMtRNAseq_Cerebellum_tRNA_1	0	shrimp	random_single
Mus_musculus_tRNA-Leu-AAG	3019.0	9805	quantMtRNAseq_Cerebellum_tRNA_1	0	shrimp	random_single
Mus_musculus_tRNA-Leu-CAA	11.0	0	quantMtRNAseq_Cerebellum_tRNA_1	0	shrimp	random_single
Mus_musculus_tRNA-Leu-CAG	7859.0	19610	quantMtRNAseq_Cerebellum_tRNA_1	0	shrimp	random_single
Mus_musculus_tRNA-Leu-TAA	2127.0	5883	quantMtRNAseq_Cerebellum_tRNA_1	0	shrimp	random_single
Mus_musculus_tRNA-Leu-TAG	2614.0	7844	quantMtRNAseq_Cerebellum_tRNA_1	0	shrimp	random_single
Mus_musculus_tRNA-Lys-CTT	60027.0	64713	quantMtRNAseq_Cerebellum_tRNA_1	0	shrimp	random_single
Mus_musculus_tRNA-Lys-TTT	24249.0	27454	quantMtRNAseq_Cerebellum_tRNA_1	0	shrimp	random_single
Mus_musculus_tRNA-Met-CAT	18101.0	29415	quantMtRNAseq_Cerebellum_tRNA_1	0	shrimp	random_single
Mus_musculus_tRNA-Phe-GAA	9174.0	15688	quantMtRNAseq_Cerebellum_tRNA_1	0	shrimp	random_single
Mus_musculus_tRNA-Pro-AGG	1706.0	13727	quantMtRNAseq_Cerebellum_tRNA_1	0	shrimp	random_single
Mus_musculus_tRNA-Pro-CGG	1820.0	5883	quantMtRNAseq_Cerebellum_tRNA_1	0	shrimp	random_single
Mus_musculus_tRNA-Pro-GGG	0.0	0	quantMtRNAseq_Cerebellum_tRNA_1	0	shrimp	random_single
Mus_musculus_tRNA-Pro-TGG	4932.0	15688	quantMtRNAseq_Cerebellum_tRNA_1	0	shrimp	random_single
Mus_musculus_tRNA-SeC-TCA	1852.0	1961	quantMtRNAseq_Cerebellum_tRNA_1	0	shrimp	random_single
Mus_musculus_tRNA-Ser-ACT	2.0	0	quantMtRNAseq_Cerebellum_tRNA_1	0	shrimp	random_single
Mus_musculus_tRNA-Ser-AGA	2188.0	17649	quantMtRNAseq_Cerebellum_tRNA_1	0	shrimp	random_single
Mus_musculus_tRNA-Ser-CGA	1238.0	7844	quantMtRNAseq_Cerebellum_tRNA_1	0	shrimp	random_single
Mus_musculus_tRNA-Ser-GCT	10520.0	33337	quantMtRNAseq_Cerebellum_tRNA_1	0	shrimp	random_single
Mus_musculus_tRNA-Ser-GGA	118.0	1961	quantMtRNAseq_Cerebellum_tRNA_1	0	shrimp	random_single
Mus_musculus_tRNA-Ser-TGA	3185.0	7844	quantMtRNAseq_Cerebellum_tRNA_1	0	shrimp	random_single
Mus_musculus_tRNA-Sup-TCA	1844.0	1961	quantMtRNAseq_Cerebellum_tRNA_1	0	shrimp	random_single
Mus_musculus_tRNA-Sup-TTA	5.0	1961	quantMtRNAseq_Cerebellum_tRNA_1	0	shrimp	random_single
Mus_musculus_tRNA-Thr-AGT	10152.0	19610	quantMtRNAseq_Cerebellum_tRNA_1	0	shrimp	random_single
Mus_musculus_tRNA-Thr-CGT	2197.0	9805	quantMtRNAseq_Cerebellum_tRNA_1	0	shrimp	random_single
Mus_musculus_tRNA-Thr-GGT	5.0	3922	quantMtRNAseq_Cerebellum_tRNA_1	0	shrimp	random_single
Mus_musculus_tRNA-Thr-TGT	2566.0	9805	quantMtRNAseq_Cerebellum_tRNA_1	0	shrimp	random_single
Mus_musculus_tRNA-Trp-CCA	6779.0	15688	quantMtRNAseq_Cerebellum_tRNA_1	0	shrimp	random_single
Mus_musculus_tRNA-Tyr-GTA	18531.0	19610	quantMtRNAseq_Cerebellum_tRNA_1	0	shrimp	random_single
Mus_musculus_tRNA-Und-NNN	34.0	0	quantMtRNAseq_Cerebellum_tRNA_1	0	shrimp	random_single
Mus_musculus_tRNA-Val-AAC	11257.0	17649	quantMtRNAseq_Cerebellum_tRNA_1	0	shrimp	random_single
Mus_musculus_tRNA-Val-CAC	13593.0	23532	quantMtRNAseq_Cerebellum_tRNA_1	0	shrimp	random_single
Mus_musculus_tRNA-Val-GAC	600.0	1961	quantMtRNAseq_Cerebellum_tRNA_1	0	shrimp	random_single
Mus_musculus_tRNA-Val-TAC	5732.0	5883	quantMtRNAseq_Cerebellum_tRNA_1	0	shrimp	random_single
Mus_musculus_tRNA-iMet-CAT	17945.0	21571	quantMtRNAseq_Cerebellum_tRNA_1	0	shrimp	random_single
Escherichia_coli_str_K_12_substr_MG1655_tRNA-eColiLys-TTT	3.0	0	quantMtRNAseq_Cerebellum_tRNA_2	0	bowtie2	random_single
Mus_musculus_MTtRNA-Ala-TGC	1962.0	1961	quantMtRNAseq_Cerebellum_tRNA_2	0	bowtie2	random_single
Mus_musculus_MTtRNA-Arg-TCG	1961.0	1961	quantMtRNAseq_Cerebellum_tRNA_2	0	bowtie2	random_single
Mus_musculus_MTtRNA-Asn-GTT	1961.0	1961	quantMtRNAseq_Cerebellum_tRNA_2	0	bowtie2	random_single
Mus_musculus_MTtRNA-Asp-GTC	1961.0	1961	quantMtRNAseq_Cerebellum_tRNA_2	0	bowtie2	random_single
Mus_musculus_MTtRNA-Cys-GCA	1961.0	1961	quantMtRNAseq_Cerebellum_tRNA_2	0	bowtie2	random_single
Mus_musculus_MTtRNA-Gln-TTG	1959.0	1961	quantMtRNAseq_Cerebellum_tRNA_2	0	bowtie2	random_single
Mus_musculus_MTtRNA-Glu-TTC	1961.0	1961	quantMtRNAseq_Cerebellum_tRNA_2	0	bowtie2	random_single
Mus_musculus_MTtRNA-Gly-TCC	1960.0	1961	quantMtRNAseq_Cerebellum_tRNA_2	0	bowtie2	random_single
Mus_musculus_MTtRNA-His-GTG	1961.0	1961	quantMtRNAseq_Cerebellum_tRNA_2	0	bowtie2	random_single
Mus_musculus_MTtRNA-Ile-GAT	1960.0	1961	quantMtRNAseq_Cerebellum_tRNA_2	0	bowtie2	random_single
Mus_musculus_MTtRNA-Leu1-TAG	1960.0	1961	quantMtRNAseq_Cerebellum_tRNA_2	0	bowtie2	random_single
Mus_musculus_MTtRNA-Leu2-TAA	1960.0	1961	quantMtRNAseq_Cerebellum_tRNA_2	0	bowtie2	random_single
Mus_musculus_MTtRNA-Lys-TTT	1961.0	1961	quantMtRNAseq_Cerebellum_tRNA_2	0	bowtie2	random_single
Mus_musculus_MTtRNA-Met-CAT	1964.0	1961	quantMtRNAseq_Cerebellum_tRNA_2	0	bowtie2	random_single
Mus_musculus_MTtRNA-Phe-GAA	1961.0	1961	quantMtRNAseq_Cerebellum_tRNA_2	0	bowtie2	random_single
Mus_musculus_MTtRNA-Pro-TGG	1961.0	1961	quantMtRNAseq_Cerebellum_tRNA_2	0	bowtie2	random_single
Mus_musculus_MTtRNA-Ser1-GCT	1961.0	1961	quantMtRNAseq_Cerebellum_tRNA_2	0	bowtie2	random_single
Mus_musculus_MTtRNA-Ser2-TGA	1962.0	1961	quantMtRNAseq_Cerebellum_tRNA_2	0	bowtie2	random_single
Mus_musculus_MTtRNA-Thr-TGT	1961.0	1961	quantMtRNAseq_Cerebellum_tRNA_2	0	bowtie2	random_single
Mus_musculus_MTtRNA-Trp-TCA	1961.0	1961	quantMtRNAseq_Cerebellum_tRNA_2	0	bowtie2	random_single
Mus_musculus_MTtRNA-Tyr-GTA	1963.0	1961	quantMtRNAseq_Cerebellum_tRNA_2	0	bowtie2	random_single
Mus_musculus_MTtRNA-Val-TAC	1960.0	1961	quantMtRNAseq_Cerebellum_tRNA_2	0	bowtie2	random_single
Mus_musculus_tRNA-Ala-AGC	34660.0	39220	quantMtRNAseq_Cerebellum_tRNA_2	0	bowtie2	random_single
Mus_musculus_tRNA-Ala-CGC	22038.0	15688	quantMtRNAseq_Cerebellum_tRNA_2	0	bowtie2	random_single
Mus_musculus_tRNA-Ala-GGC	3602.0	3922	quantMtRNAseq_Cerebellum_tRNA_2	0	bowtie2	random_single
Mus_musculus_tRNA-Ala-TGC	14825.0	21571	quantMtRNAseq_Cerebellum_tRNA_2	0	bowtie2	random_single
Mus_musculus_tRNA-Arg-ACG	11611.0	11766	quantMtRNAseq_Cerebellum_tRNA_2	0	bowtie2	random_single
Mus_musculus_tRNA-Arg-CCG	5685.0	5883	quantMtRNAseq_Cerebellum_tRNA_2	0	bowtie2	random_single
Mus_musculus_tRNA-Arg-CCT	10922.0	9805	quantMtRNAseq_Cerebellum_tRNA_2	0	bowtie2	random_single
Mus_musculus_tRNA-Arg-TCG	9934.0	9805	quantMtRNAseq_Cerebellum_tRNA_2	0	bowtie2	random_single
Mus_musculus_tRNA-Arg-TCT	13182.0	13727	quantMtRNAseq_Cerebellum_tRNA_2	0	bowtie2	random_single
Mus_musculus_tRNA-Asn-ATT	2888.0	1961	quantMtRNAseq_Cerebellum_tRNA_2	0	bowtie2	random_single
Mus_musculus_tRNA-Asn-GTT	38936.0	35298	quantMtRNAseq_Cerebellum_tRNA_2	0	bowtie2	random_single
Mus_musculus_tRNA-Asp-ATC	628.0	1961	quantMtRNAseq_Cerebellum_tRNA_2	0	bowtie2	random_single
Mus_musculus_tRNA-Asp-GTC	32713.0	31376	quantMtRNAseq_Cerebellum_tRNA_2	0	bowtie2	random_single
Mus_musculus_tRNA-Cys-ACA	8.0	0	quantMtRNAseq_Cerebellum_tRNA_2	0	bowtie2	random_single
Mus_musculus_tRNA-Cys-GCA	109892.0	113738	quantMtRNAseq_Cerebellum_tRNA_2	0	bowtie2	random_single
Mus_musculus_tRNA-Gln-CTG	31178.0	25493	quantMtRNAseq_Cerebellum_tRNA_2	0	bowtie2	random_single
Mus_musculus_tRNA-Gln-TTG	4886.0	11766	quantMtRNAseq_Cerebellum_tRNA_2	0	bowtie2	random_single
Mus_musculus_tRNA-Glu-CTC	24384.0	23532	quantMtRNAseq_Cerebellum_tRNA_2	0	bowtie2	random_single
Mus_musculus_tRNA-Glu-TTC	15480.0	17649	quantMtRNAseq_Cerebellum_tRNA_2	0	bowtie2	random_single
Mus_musculus_tRNA-Gly-ACC	6069.0	1961	quantMtRNAseq_Cerebellum_tRNA_2	0	bowtie2	random_single
Mus_musculus_tRNA-Gly-CCC	14000.0	13727	quantMtRNAseq_Cerebellum_tRNA_2	0	bowtie2	random_single
Mus_musculus_tRNA-Gly-GCC	31044.0	31376	quantMtRNAseq_Cerebellum_tRNA_2	0	bowtie2	random_single
Mus_musculus_tRNA-Gly-TCC	19405.0	19610	quantMtRNAseq_Cerebellum_tRNA_2	0	bowtie2	random_single
Mus_musculus_tRNA-His-ATG	1966.0	1961	quantMtRNAseq_Cerebellum_tRNA_2	0	bowtie2	random_single
Mus_musculus_tRNA-His-GTG	19019.0	19610	quantMtRNAseq_Cerebellum_tRNA_2	0	bowtie2	random_single
Mus_musculus_tRNA-Ile-AAT	25222.0	25493	quantMtRNAseq_Cerebellum_tRNA_2	0	bowtie2	random_single
Mus_musculus_tRNA-Ile-GAT	1956.0	1961	quantMtRNAseq_Cerebellum_tRNA_2	0	bowtie2	random_single
Mus_musculus_tRNA-Ile-TAT	7796.0	7844	quantMtRNAseq_Cerebellum_tRNA_2	0	bowtie2	random_single
Mus_musculus_tRNA-Leu-AAG	5039.0	9805	quantMtRNAseq_Cerebellum_tRNA_2	0	bowtie2	random_single
Mus_musculus_tRNA-Leu-CAA	76.0	0	quantMtRNAseq_Cerebellum_tRNA_2	0	bowtie2	random_single
Mus_musculus_tRNA-Leu-CAG	19415.0	19610	quantMtRNAseq_Cerebellum_tRNA_2	0	bowtie2	random_single
Mus_musculus_tRNA-Leu-TAA	6965.0	5883	quantMtRNAseq_Cerebellum_tRNA_2	0	bowtie2	random_single
Mus_musculus_tRNA-Leu-TAG	12122.0	7844	quantMtRNAseq_Cerebellum_tRNA_2	0	bowtie2	random_single
Mus_musculus_tRNA-Lys-CTT	65680.0	64713	quantMtRNAseq_Cerebellum_tRNA_2	0	bowtie2	random_single
Mus_musculus_tRNA-Lys-TTT	26297.0	27454	quantMtRNAseq_Cerebellum_tRNA_2	0	bowtie2	random_single
Mus_musculus_tRNA-Met-CAT	26063.0	29415	quantMtRNAseq_Cerebellum_tRNA_2	0	bowtie2	random_single
Mus_musculus_tRNA-Phe-GAA	17135.0	15688	quantMtRNAseq_Cerebellum_tRNA_2	0	bowtie2	random_single
Mus_musculus_tRNA-Pro-AGG	2786.0	13727	quantMtRNAseq_Cerebellum_tRNA_2	0	bowtie2	random_single
Mus_musculus_tRNA-Pro-CGG	23810.0	5883	quantMtRNAseq_Cerebellum_tRNA_2	0	bowtie2	random_single
Mus_musculus_tRNA-Pro-GGG	20.0	0	quantMtRNAseq_Cerebellum_tRNA_2	0	bowtie2	random_single
Mus_musculus_tRNA-Pro-TGG	7379.0	15688	quantMtRNAseq_Cerebellum_tRNA_2	0	bowtie2	random_single
Mus_musculus_tRNA-SeC-TCA	1961.0	1961	quantMtRNAseq_Cerebellum_tRNA_2	0	bowtie2	random_single
Mus_musculus_tRNA-Ser-ACT	1325.0	0	quantMtRNAseq_Cerebellum_tRNA_2	0	bowtie2	random_single
Mus_musculus_tRNA-Ser-AGA	12281.0	17649	quantMtRNAseq_Cerebellum_tRNA_2	0	bowtie2	random_single
Mus_musculus_tRNA-Ser-CGA	5696.0	7844	quantMtRNAseq_Cerebellum_tRNA_2	0	bowtie2	random_single
Mus_musculus_tRNA-Ser-GCT	21958.0	33337	quantMtRNAseq_Cerebellum_tRNA_2	0	bowtie2	random_single
Mus_musculus_tRNA-Ser-GGA	128.0	1961	quantMtRNAseq_Cerebellum_tRNA_2	0	bowtie2	random_single
Mus_musculus_tRNA-Ser-TGA	12245.0	7844	quantMtRNAseq_Cerebellum_tRNA_2	0	bowtie2	random_single
Mus_musculus_tRNA-Sup-TCA	1975.0	1961	quantMtRNAseq_Cerebellum_tRNA_2	0	bowtie2	random_single
Mus_musculus_tRNA-Sup-TTA	671.0	1961	quantMtRNAseq_Cerebellum_tRNA_2	0	bowtie2	random_single
Mus_musculus_tRNA-Thr-AGT	18309.0	19610	quantMtRNAseq_Cerebellum_tRNA_2	0	bowtie2	random_single
Mus_musculus_tRNA-Thr-CGT	7795.0	9805	quantMtRNAseq_Cerebellum_tRNA_2	0	bowtie2	random_single
Mus_musculus_tRNA-Thr-GGT	3915.0	3922	quantMtRNAseq_Cerebellum_tRNA_2	0	bowtie2	random_single
Mus_musculus_tRNA-Thr-TGT	10527.0	9805	quantMtRNAseq_Cerebellum_tRNA_2	0	bowtie2	random_single
Mus_musculus_tRNA-Trp-CCA	15268.0	15688	quantMtRNAseq_Cerebellum_tRNA_2	0	bowtie2	random_single
Mus_musculus_tRNA-Tyr-GTA	19546.0	19610	quantMtRNAseq_Cerebellum_tRNA_2	0	bowtie2	random_single
Mus_musculus_tRNA-Und-NNN	8357.0	0	quantMtRNAseq_Cerebellum_tRNA_2	0	bowtie2	random_single
Mus_musculus_tRNA-Val-AAC	12007.0	17649	quantMtRNAseq_Cerebellum_tRNA_2	0	bowtie2	random_single
Mus_musculus_tRNA-Val-CAC	24299.0	23532	quantMtRNAseq_Cerebellum_tRNA_2	0	bowtie2	random_single
Mus_musculus_tRNA-Val-GAC	1847.0	1961	quantMtRNAseq_Cerebellum_tRNA_2	0	bowtie2	random_single
Mus_musculus_tRNA-Val-TAC	5890.0	5883	quantMtRNAseq_Cerebellum_tRNA_2	0	bowtie2	random_single
Mus_musculus_tRNA-iMet-CAT	21291.0	21571	quantMtRNAseq_Cerebellum_tRNA_2	0	bowtie2	random_single
Escherichia_coli_str_K_12_substr_MG1655_tRNA-eColiLys-TTT	2.0	0	quantMtRNAseq_Cerebellum_tRNA_2	0	shrimp	random_single
Mus_musculus_MTtRNA-Ala-TGC	1945.0	1961	quantMtRNAseq_Cerebellum_tRNA_2	0	shrimp	random_single
Mus_musculus_MTtRNA-Arg-TCG	1943.0	1961	quantMtRNAseq_Cerebellum_tRNA_2	0	shrimp	random_single
Mus_musculus_MTtRNA-Asn-GTT	1903.0	1961	quantMtRNAseq_Cerebellum_tRNA_2	0	shrimp	random_single
Mus_musculus_MTtRNA-Asp-GTC	1901.0	1961	quantMtRNAseq_Cerebellum_tRNA_2	0	shrimp	random_single
Mus_musculus_MTtRNA-Cys-GCA	1943.0	1961	quantMtRNAseq_Cerebellum_tRNA_2	0	shrimp	random_single
Mus_musculus_MTtRNA-Gln-TTG	1902.0	1961	quantMtRNAseq_Cerebellum_tRNA_2	0	shrimp	random_single
Mus_musculus_MTtRNA-Glu-TTC	1947.0	1961	quantMtRNAseq_Cerebellum_tRNA_2	0	shrimp	random_single
Mus_musculus_MTtRNA-Gly-TCC	1939.0	1961	quantMtRNAseq_Cerebellum_tRNA_2	0	shrimp	random_single
Mus_musculus_MTtRNA-His-GTG	1943.0	1961	quantMtRNAseq_Cerebellum_tRNA_2	0	shrimp	random_single
Mus_musculus_MTtRNA-Ile-GAT	1905.0	1961	quantMtRNAseq_Cerebellum_tRNA_2	0	shrimp	random_single
Mus_musculus_MTtRNA-Leu1-TAG	1929.0	1961	quantMtRNAseq_Cerebellum_tRNA_2	0	shrimp	random_single
Mus_musculus_MTtRNA-Leu2-TAA	1937.0	1961	quantMtRNAseq_Cerebellum_tRNA_2	0	shrimp	random_single
Mus_musculus_MTtRNA-Lys-TTT	1940.0	1961	quantMtRNAseq_Cerebellum_tRNA_2	0	shrimp	random_single
Mus_musculus_MTtRNA-Met-CAT	1923.0	1961	quantMtRNAseq_Cerebellum_tRNA_2	0	shrimp	random_single
Mus_musculus_MTtRNA-Phe-GAA	1950.0	1961	quantMtRNAseq_Cerebellum_tRNA_2	0	shrimp	random_single
Mus_musculus_MTtRNA-Pro-TGG	1936.0	1961	quantMtRNAseq_Cerebellum_tRNA_2	0	shrimp	random_single
Mus_musculus_MTtRNA-Ser1-GCT	1907.0	1961	quantMtRNAseq_Cerebellum_tRNA_2	0	shrimp	random_single
Mus_musculus_MTtRNA-Ser2-TGA	1946.0	1961	quantMtRNAseq_Cerebellum_tRNA_2	0	shrimp	random_single
Mus_musculus_MTtRNA-Thr-TGT	1953.0	1961	quantMtRNAseq_Cerebellum_tRNA_2	0	shrimp	random_single
Mus_musculus_MTtRNA-Trp-TCA	1891.0	1961	quantMtRNAseq_Cerebellum_tRNA_2	0	shrimp	random_single
Mus_musculus_MTtRNA-Tyr-GTA	1947.0	1961	quantMtRNAseq_Cerebellum_tRNA_2	0	shrimp	random_single
Mus_musculus_MTtRNA-Val-TAC	1944.0	1961	quantMtRNAseq_Cerebellum_tRNA_2	0	shrimp	random_single
Mus_musculus_tRNA-Ala-AGC	22609.0	39220	quantMtRNAseq_Cerebellum_tRNA_2	0	shrimp	random_single
Mus_musculus_tRNA-Ala-CGC	4531.0	15688	quantMtRNAseq_Cerebellum_tRNA_2	0	shrimp	random_single
Mus_musculus_tRNA-Ala-GGC	3.0	3922	quantMtRNAseq_Cerebellum_tRNA_2	0	shrimp	random_single
Mus_musculus_tRNA-Ala-TGC	12363.0	21571	quantMtRNAseq_Cerebellum_tRNA_2	0	shrimp	random_single
Mus_musculus_tRNA-Arg-ACG	9442.0	11766	quantMtRNAseq_Cerebellum_tRNA_2	0	shrimp	random_single
Mus_musculus_tRNA-Arg-CCG	6608.0	5883	quantMtRNAseq_Cerebellum_tRNA_2	0	shrimp	random_single
Mus_musculus_tRNA-Arg-CCT	9726.0	9805	quantMtRNAseq_Cerebellum_tRNA_2	0	shrimp	random_single
Mus_musculus_tRNA-Arg-TCG	6389.0	9805	quantMtRNAseq_Cerebellum_tRNA_2	0	shrimp	random_single
Mus_musculus_tRNA-Arg-TCT	10512.0	13727	quantMtRNAseq_Cerebellum_tRNA_2	0	shrimp	random_single
Mus_musculus_tRNA-Asn-ATT	4.0	1961	quantMtRNAseq_Cerebellum_tRNA_2	0	shrimp	random_single
Mus_musculus_tRNA-Asn-GTT	31173.0	35298	quantMtRNAseq_Cerebellum_tRNA_2	0	shrimp	random_single
Mus_musculus_tRNA-Asp-ATC	2.0	1961	quantMtRNAseq_Cerebellum_tRNA_2	0	shrimp	random_single
Mus_musculus_tRNA-Asp-GTC	31064.0	31376	quantMtRNAseq_Cerebellum_tRNA_2	0	shrimp	random_single
Mus_musculus_tRNA-Cys-ACA	0.0	0	quantMtRNAseq_Cerebellum_tRNA_2	0	shrimp	random_single
Mus_musculus_tRNA-Cys-GCA	25493.0	113738	quantMtRNAseq_Cerebellum_tRNA_2	0	shrimp	random_single
Mus_musculus_tRNA-Gln-CTG	4440.0	25493	quantMtRNAseq_Cerebellum_tRNA_2	0	shrimp	random_single
Mus_musculus_tRNA-Gln-TTG	3516.0	11766	quantMtRNAseq_Cerebellum_tRNA_2	0	shrimp	random_single
Mus_musculus_tRNA-Glu-CTC	22191.0	23532	quantMtRNAseq_Cerebellum_tRNA_2	0	shrimp	random_single
Mus_musculus_tRNA-Glu-TTC	14727.0	17649	quantMtRNAseq_Cerebellum_tRNA_2	0	shrimp	random_single
Mus_musculus_tRNA-Gly-ACC	27.0	1961	quantMtRNAseq_Cerebellum_tRNA_2	0	shrimp	random_single
Mus_musculus_tRNA-Gly-CCC	13737.0	13727	quantMtRNAseq_Cerebellum_tRNA_2	0	shrimp	random_single
Mus_musculus_tRNA-Gly-GCC	28818.0	31376	quantMtRNAseq_Cerebellum_tRNA_2	0	shrimp	random_single
Mus_musculus_tRNA-Gly-TCC	15580.0	19610	quantMtRNAseq_Cerebellum_tRNA_2	0	shrimp	random_single
Mus_musculus_tRNA-His-ATG	1368.0	1961	quantMtRNAseq_Cerebellum_tRNA_2	0	shrimp	random_single
Mus_musculus_tRNA-His-GTG	6833.0	19610	quantMtRNAseq_Cerebellum_tRNA_2	0	shrimp	random_single
Mus_musculus_tRNA-Ile-AAT	12691.0	25493	quantMtRNAseq_Cerebellum_tRNA_2	0	shrimp	random_single
Mus_musculus_tRNA-Ile-GAT	373.0	1961	quantMtRNAseq_Cerebellum_tRNA_2	0	shrimp	random_single
Mus_musculus_tRNA-Ile-TAT	6651.0	7844	quantMtRNAseq_Cerebellum_tRNA_2	0	shrimp	random_single
Mus_musculus_tRNA-Leu-AAG	2436.0	9805	quantMtRNAseq_Cerebellum_tRNA_2	0	shrimp	random_single
Mus_musculus_tRNA-Leu-CAA	2.0	0	quantMtRNAseq_Cerebellum_tRNA_2	0	shrimp	random_single
Mus_musculus_tRNA-Leu-CAG	6611.0	19610	quantMtRNAseq_Cerebellum_tRNA_2	0	shrimp	random_single
Mus_musculus_tRNA-Leu-TAA	1788.0	5883	quantMtRNAseq_Cerebellum_tRNA_2	0	shrimp	random_single
Mus_musculus_tRNA-Leu-TAG	2390.0	7844	quantMtRNAseq_Cerebellum_tRNA_2	0	shrimp	random_single
Mus_musculus_tRNA-Lys-CTT	59244.0	64713	quantMtRNAseq_Cerebellum_tRNA_2	0	shrimp	random_single
Mus_musculus_tRNA-Lys-TTT	23306.0	27454	quantMtRNAseq_Cerebellum_tRNA_2	0	shrimp	random_single
Mus_musculus_tRNA-Met-CAT	15212.0	29415	quantMtRNAseq_Cerebellum_tRNA_2	0	shrimp	random_single
Mus_musculus_tRNA-Phe-GAA	8837.0	15688	quantMtRNAseq_Cerebellum_tRNA_2	0	shrimp	random_single
Mus_musculus_tRNA-Pro-AGG	1745.0	13727	quantMtRNAseq_Cerebellum_tRNA_2	0	shrimp	random_single
Mus_musculus_tRNA-Pro-CGG	1704.0	5883	quantMtRNAseq_Cerebellum_tRNA_2	0	shrimp	random_single
Mus_musculus_tRNA-Pro-GGG	0.0	0	quantMtRNAseq_Cerebellum_tRNA_2	0	shrimp	random_single
Mus_musculus_tRNA-Pro-TGG	2423.0	15688	quantMtRNAseq_Cerebellum_tRNA_2	0	shrimp	random_single
Mus_musculus_tRNA-SeC-TCA	1782.0	1961	quantMtRNAseq_Cerebellum_tRNA_2	0	shrimp	random_single
Mus_musculus_tRNA-Ser-ACT	1.0	0	quantMtRNAseq_Cerebellum_tRNA_2	0	shrimp	random_single
Mus_musculus_tRNA-Ser-AGA	1710.0	17649	quantMtRNAseq_Cerebellum_tRNA_2	0	shrimp	random_single
Mus_musculus_tRNA-Ser-CGA	1129.0	7844	quantMtRNAseq_Cerebellum_tRNA_2	0	shrimp	random_single
Mus_musculus_tRNA-Ser-GCT	9269.0	33337	quantMtRNAseq_Cerebellum_tRNA_2	0	shrimp	random_single
Mus_musculus_tRNA-Ser-GGA	131.0	1961	quantMtRNAseq_Cerebellum_tRNA_2	0	shrimp	random_single
Mus_musculus_tRNA-Ser-TGA	3330.0	7844	quantMtRNAseq_Cerebellum_tRNA_2	0	shrimp	random_single
Mus_musculus_tRNA-Sup-TCA	1804.0	1961	quantMtRNAseq_Cerebellum_tRNA_2	0	shrimp	random_single
Mus_musculus_tRNA-Sup-TTA	4.0	1961	quantMtRNAseq_Cerebellum_tRNA_2	0	shrimp	random_single
Mus_musculus_tRNA-Thr-AGT	9469.0	19610	quantMtRNAseq_Cerebellum_tRNA_2	0	shrimp	random_single
Mus_musculus_tRNA-Thr-CGT	1524.0	9805	quantMtRNAseq_Cerebellum_tRNA_2	0	shrimp	random_single
Mus_musculus_tRNA-Thr-GGT	6.0	3922	quantMtRNAseq_Cerebellum_tRNA_2	0	shrimp	random_single
Mus_musculus_tRNA-Thr-TGT	4549.0	9805	quantMtRNAseq_Cerebellum_tRNA_2	0	shrimp	random_single
Mus_musculus_tRNA-Trp-CCA	6254.0	15688	quantMtRNAseq_Cerebellum_tRNA_2	0	shrimp	random_single
Mus_musculus_tRNA-Tyr-GTA	18077.0	19610	quantMtRNAseq_Cerebellum_tRNA_2	0	shrimp	random_single
Mus_musculus_tRNA-Und-NNN	42.0	0	quantMtRNAseq_Cerebellum_tRNA_2	0	shrimp	random_single
Mus_musculus_tRNA-Val-AAC	6366.0	17649	quantMtRNAseq_Cerebellum_tRNA_2	0	shrimp	random_single
Mus_musculus_tRNA-Val-CAC	15560.0	23532	quantMtRNAseq_Cerebellum_tRNA_2	0	shrimp	random_single
Mus_musculus_tRNA-Val-GAC	639.0	1961	quantMtRNAseq_Cerebellum_tRNA_2	0	shrimp	random_single
Mus_musculus_tRNA-Val-TAC	5643.0	5883	quantMtRNAseq_Cerebellum_tRNA_2	0	shrimp	random_single
Mus_musculus_tRNA-iMet-CAT	17094.0	21571	quantMtRNAseq_Cerebellum_tRNA_2	0	shrimp	random_single
Escherichia_coli_str_K_12_substr_MG1655_tRNA-eColiLys-TTT	1.0	0	quantMtRNAseq_Cerebellum_tRNA_3	0	bowtie2	random_single
Mus_musculus_MTtRNA-Ala-TGC	1961.0	1961	quantMtRNAseq_Cerebellum_tRNA_3	0	bowtie2	random_single
Mus_musculus_MTtRNA-Arg-TCG	1961.0	1961	quantMtRNAseq_Cerebellum_tRNA_3	0	bowtie2	random_single
Mus_musculus_MTtRNA-Asn-GTT	1961.0	1961	quantMtRNAseq_Cerebellum_tRNA_3	0	bowtie2	random_single
Mus_musculus_MTtRNA-Asp-GTC	1960.0	1961	quantMtRNAseq_Cerebellum_tRNA_3	0	bowtie2	random_single
Mus_musculus_MTtRNA-Cys-GCA	1961.0	1961	quantMtRNAseq_Cerebellum_tRNA_3	0	bowtie2	random_single
Mus_musculus_MTtRNA-Gln-TTG	1962.0	1961	quantMtRNAseq_Cerebellum_tRNA_3	0	bowtie2	random_single
Mus_musculus_MTtRNA-Glu-TTC	1962.0	1961	quantMtRNAseq_Cerebellum_tRNA_3	0	bowtie2	random_single
Mus_musculus_MTtRNA-Gly-TCC	1962.0	1961	quantMtRNAseq_Cerebellum_tRNA_3	0	bowtie2	random_single
Mus_musculus_MTtRNA-His-GTG	1961.0	1961	quantMtRNAseq_Cerebellum_tRNA_3	0	bowtie2	random_single
Mus_musculus_MTtRNA-Ile-GAT	1961.0	1961	quantMtRNAseq_Cerebellum_tRNA_3	0	bowtie2	random_single
Mus_musculus_MTtRNA-Leu1-TAG	1961.0	1961	quantMtRNAseq_Cerebellum_tRNA_3	0	bowtie2	random_single
Mus_musculus_MTtRNA-Leu2-TAA	1962.0	1961	quantMtRNAseq_Cerebellum_tRNA_3	0	bowtie2	random_single
Mus_musculus_MTtRNA-Lys-TTT	1961.0	1961	quantMtRNAseq_Cerebellum_tRNA_3	0	bowtie2	random_single
Mus_musculus_MTtRNA-Met-CAT	1959.0	1961	quantMtRNAseq_Cerebellum_tRNA_3	0	bowtie2	random_single
Mus_musculus_MTtRNA-Phe-GAA	1961.0	1961	quantMtRNAseq_Cerebellum_tRNA_3	0	bowtie2	random_single
Mus_musculus_MTtRNA-Pro-TGG	1961.0	1961	quantMtRNAseq_Cerebellum_tRNA_3	0	bowtie2	random_single
Mus_musculus_MTtRNA-Ser1-GCT	1960.0	1961	quantMtRNAseq_Cerebellum_tRNA_3	0	bowtie2	random_single
Mus_musculus_MTtRNA-Ser2-TGA	1969.0	1961	quantMtRNAseq_Cerebellum_tRNA_3	0	bowtie2	random_single
Mus_musculus_MTtRNA-Thr-TGT	1961.0	1961	quantMtRNAseq_Cerebellum_tRNA_3	0	bowtie2	random_single
Mus_musculus_MTtRNA-Trp-TCA	1961.0	1961	quantMtRNAseq_Cerebellum_tRNA_3	0	bowtie2	random_single
Mus_musculus_MTtRNA-Tyr-GTA	1961.0	1961	quantMtRNAseq_Cerebellum_tRNA_3	0	bowtie2	random_single
Mus_musculus_MTtRNA-Val-TAC	1961.0	1961	quantMtRNAseq_Cerebellum_tRNA_3	0	bowtie2	random_single
Mus_musculus_tRNA-Ala-AGC	33919.0	39220	quantMtRNAseq_Cerebellum_tRNA_3	0	bowtie2	random_single
Mus_musculus_tRNA-Ala-CGC	15424.0	15688	quantMtRNAseq_Cerebellum_tRNA_3	0	bowtie2	random_single
Mus_musculus_tRNA-Ala-GGC	3482.0	3922	quantMtRNAseq_Cerebellum_tRNA_3	0	bowtie2	random_single
Mus_musculus_tRNA-Ala-TGC	21017.0	21571	quantMtRNAseq_Cerebellum_tRNA_3	0	bowtie2	random_single
Mus_musculus_tRNA-Arg-ACG	11693.0	11766	quantMtRNAseq_Cerebellum_tRNA_3	0	bowtie2	random_single
Mus_musculus_tRNA-Arg-CCG	6603.0	5883	quantMtRNAseq_Cerebellum_tRNA_3	0	bowtie2	random_single
Mus_musculus_tRNA-Arg-CCT	10550.0	9805	quantMtRNAseq_Cerebellum_tRNA_3	0	bowtie2	random_single
Mus_musculus_tRNA-Arg-TCG	9794.0	9805	quantMtRNAseq_Cerebellum_tRNA_3	0	bowtie2	random_single
Mus_musculus_tRNA-Arg-TCT	12897.0	13727	quantMtRNAseq_Cerebellum_tRNA_3	0	bowtie2	random_single
Mus_musculus_tRNA-Asn-ATT	2075.0	1961	quantMtRNAseq_Cerebellum_tRNA_3	0	bowtie2	random_single
Mus_musculus_tRNA-Asn-GTT	35442.0	35298	quantMtRNAseq_Cerebellum_tRNA_3	0	bowtie2	random_single
Mus_musculus_tRNA-Asp-ATC	991.0	1961	quantMtRNAseq_Cerebellum_tRNA_3	0	bowtie2	random_single
Mus_musculus_tRNA-Asp-GTC	32380.0	31376	quantMtRNAseq_Cerebellum_tRNA_3	0	bowtie2	random_single
Mus_musculus_tRNA-Cys-ACA	142.0	0	quantMtRNAseq_Cerebellum_tRNA_3	0	bowtie2	random_single
Mus_musculus_tRNA-Cys-GCA	110310.0	113738	quantMtRNAseq_Cerebellum_tRNA_3	0	bowtie2	random_single
Mus_musculus_tRNA-Gln-CTG	23017.0	25493	quantMtRNAseq_Cerebellum_tRNA_3	0	bowtie2	random_single
Mus_musculus_tRNA-Gln-TTG	13267.0	11766	quantMtRNAseq_Cerebellum_tRNA_3	0	bowtie2	random_single
Mus_musculus_tRNA-Glu-CTC	24363.0	23532	quantMtRNAseq_Cerebellum_tRNA_3	0	bowtie2	random_single
Mus_musculus_tRNA-Glu-TTC	15553.0	17649	quantMtRNAseq_Cerebellum_tRNA_3	0	bowtie2	random_single
Mus_musculus_tRNA-Gly-ACC	34.0	1961	quantMtRNAseq_Cerebellum_tRNA_3	0	bowtie2	random_single
Mus_musculus_tRNA-Gly-CCC	13971.0	13727	quantMtRNAseq_Cerebellum_tRNA_3	0	bowtie2	random_single
Mus_musculus_tRNA-Gly-GCC	31056.0	31376	quantMtRNAseq_Cerebellum_tRNA_3	0	bowtie2	random_single
Mus_musculus_tRNA-Gly-TCC	18951.0	19610	quantMtRNAseq_Cerebellum_tRNA_3	0	bowtie2	random_single
Mus_musculus_tRNA-His-ATG	1964.0	1961	quantMtRNAseq_Cerebellum_tRNA_3	0	bowtie2	random_single
Mus_musculus_tRNA-His-GTG	18869.0	19610	quantMtRNAseq_Cerebellum_tRNA_3	0	bowtie2	random_single
Mus_musculus_tRNA-Ile-AAT	25239.0	25493	quantMtRNAseq_Cerebellum_tRNA_3	0	bowtie2	random_single
Mus_musculus_tRNA-Ile-GAT	1995.0	1961	quantMtRNAseq_Cerebellum_tRNA_3	0	bowtie2	random_single
Mus_musculus_tRNA-Ile-TAT	7803.0	7844	quantMtRNAseq_Cerebellum_tRNA_3	0	bowtie2	random_single
Mus_musculus_tRNA-Leu-AAG	5277.0	9805	quantMtRNAseq_Cerebellum_tRNA_3	0	bowtie2	random_single
Mus_musculus_tRNA-Leu-CAA	347.0	0	quantMtRNAseq_Cerebellum_tRNA_3	0	bowtie2	random_single
Mus_musculus_tRNA-Leu-CAG	18937.0	19610	quantMtRNAseq_Cerebellum_tRNA_3	0	bowtie2	random_single
Mus_musculus_tRNA-Leu-TAA	5027.0	5883	quantMtRNAseq_Cerebellum_tRNA_3	0	bowtie2	random_single
Mus_musculus_tRNA-Leu-TAG	10765.0	7844	quantMtRNAseq_Cerebellum_tRNA_3	0	bowtie2	random_single
Mus_musculus_tRNA-Lys-CTT	64454.0	64713	quantMtRNAseq_Cerebellum_tRNA_3	0	bowtie2	random_single
Mus_musculus_tRNA-Lys-TTT	27042.0	27454	quantMtRNAseq_Cerebellum_tRNA_3	0	bowtie2	random_single
Mus_musculus_tRNA-Met-CAT	30746.0	29415	quantMtRNAseq_Cerebellum_tRNA_3	0	bowtie2	random_single
Mus_musculus_tRNA-Phe-GAA	12589.0	15688	quantMtRNAseq_Cerebellum_tRNA_3	0	bowtie2	random_single
Mus_musculus_tRNA-Pro-AGG	3203.0	13727	quantMtRNAseq_Cerebellum_tRNA_3	0	bowtie2	random_single
Mus_musculus_tRNA-Pro-CGG	4332.0	5883	quantMtRNAseq_Cerebellum_tRNA_3	0	bowtie2	random_single
Mus_musculus_tRNA-Pro-GGG	17.0	0	quantMtRNAseq_Cerebellum_tRNA_3	0	bowtie2	random_single
Mus_musculus_tRNA-Pro-TGG	26495.0	15688	quantMtRNAseq_Cerebellum_tRNA_3	0	bowtie2	random_single
Mus_musculus_tRNA-SeC-TCA	1965.0	1961	quantMtRNAseq_Cerebellum_tRNA_3	0	bowtie2	random_single
Mus_musculus_tRNA-Ser-ACT	22.0	0	quantMtRNAseq_Cerebellum_tRNA_3	0	bowtie2	random_single
Mus_musculus_tRNA-Ser-AGA	20027.0	17649	quantMtRNAseq_Cerebellum_tRNA_3	0	bowtie2	random_single
Mus_musculus_tRNA-Ser-CGA	6853.0	7844	quantMtRNAseq_Cerebellum_tRNA_3	0	bowtie2	random_single
Mus_musculus_tRNA-Ser-GCT	25784.0	33337	quantMtRNAseq_Cerebellum_tRNA_3	0	bowtie2	random_single
Mus_musculus_tRNA-Ser-GGA	4693.0	1961	quantMtRNAseq_Cerebellum_tRNA_3	0	bowtie2	random_single
Mus_musculus_tRNA-Ser-TGA	4429.0	7844	quantMtRNAseq_Cerebellum_tRNA_3	0	bowtie2	random_single
Mus_musculus_tRNA-Sup-TCA	2098.0	1961	quantMtRNAseq_Cerebellum_tRNA_3	0	bowtie2	random_single
Mus_musculus_tRNA-Sup-TTA	2622.0	1961	quantMtRNAseq_Cerebellum_tRNA_3	0	bowtie2	random_single
Mus_musculus_tRNA-Thr-AGT	18894.0	19610	quantMtRNAseq_Cerebellum_tRNA_3	0	bowtie2	random_single
Mus_musculus_tRNA-Thr-CGT	9186.0	9805	quantMtRNAseq_Cerebellum_tRNA_3	0	bowtie2	random_single
Mus_musculus_tRNA-Thr-GGT	3106.0	3922	quantMtRNAseq_Cerebellum_tRNA_3	0	bowtie2	random_single
Mus_musculus_tRNA-Thr-TGT	8479.0	9805	quantMtRNAseq_Cerebellum_tRNA_3	0	bowtie2	random_single
Mus_musculus_tRNA-Trp-CCA	15256.0	15688	quantMtRNAseq_Cerebellum_tRNA_3	0	bowtie2	random_single
Mus_musculus_tRNA-Tyr-GTA	19588.0	19610	quantMtRNAseq_Cerebellum_tRNA_3	0	bowtie2	random_single
Mus_musculus_tRNA-Und-NNN	2411.0	0	quantMtRNAseq_Cerebellum_tRNA_3	0	bowtie2	random_single
Mus_musculus_tRNA-Val-AAC	21912.0	17649	quantMtRNAseq_Cerebellum_tRNA_3	0	bowtie2	random_single
Mus_musculus_tRNA-Val-CAC	20428.0	23532	quantMtRNAseq_Cerebellum_tRNA_3	0	bowtie2	random_single
Mus_musculus_tRNA-Val-GAC	1810.0	1961	quantMtRNAseq_Cerebellum_tRNA_3	0	bowtie2	random_single
Mus_musculus_tRNA-Val-TAC	6232.0	5883	quantMtRNAseq_Cerebellum_tRNA_3	0	bowtie2	random_single
Mus_musculus_tRNA-iMet-CAT	21404.0	21571	quantMtRNAseq_Cerebellum_tRNA_3	0	bowtie2	random_single
Escherichia_coli_str_K_12_substr_MG1655_tRNA-eColiLys-TTT	0.0	0	quantMtRNAseq_Cerebellum_tRNA_3	0	shrimp	random_single
Mus_musculus_MTtRNA-Ala-TGC	1952.0	1961	quantMtRNAseq_Cerebellum_tRNA_3	0	shrimp	random_single
Mus_musculus_MTtRNA-Arg-TCG	1949.0	1961	quantMtRNAseq_Cerebellum_tRNA_3	0	shrimp	random_single
Mus_musculus_MTtRNA-Asn-GTT	1925.0	1961	quantMtRNAseq_Cerebellum_tRNA_3	0	shrimp	random_single
Mus_musculus_MTtRNA-Asp-GTC	1933.0	1961	quantMtRNAseq_Cerebellum_tRNA_3	0	shrimp	random_single
Mus_musculus_MTtRNA-Cys-GCA	1957.0	1961	quantMtRNAseq_Cerebellum_tRNA_3	0	shrimp	random_single
Mus_musculus_MTtRNA-Gln-TTG	1957.0	1961	quantMtRNAseq_Cerebellum_tRNA_3	0	shrimp	random_single
Mus_musculus_MTtRNA-Glu-TTC	1955.0	1961	quantMtRNAseq_Cerebellum_tRNA_3	0	shrimp	random_single
Mus_musculus_MTtRNA-Gly-TCC	1941.0	1961	quantMtRNAseq_Cerebellum_tRNA_3	0	shrimp	random_single
Mus_musculus_MTtRNA-His-GTG	1936.0	1961	quantMtRNAseq_Cerebellum_tRNA_3	0	shrimp	random_single
Mus_musculus_MTtRNA-Ile-GAT	1901.0	1961	quantMtRNAseq_Cerebellum_tRNA_3	0	shrimp	random_single
Mus_musculus_MTtRNA-Leu1-TAG	1952.0	1961	quantMtRNAseq_Cerebellum_tRNA_3	0	shrimp	random_single
Mus_musculus_MTtRNA-Leu2-TAA	1952.0	1961	quantMtRNAseq_Cerebellum_tRNA_3	0	shrimp	random_single
Mus_musculus_MTtRNA-Lys-TTT	1928.0	1961	quantMtRNAseq_Cerebellum_tRNA_3	0	shrimp	random_single
Mus_musculus_MTtRNA-Met-CAT	1909.0	1961	quantMtRNAseq_Cerebellum_tRNA_3	0	shrimp	random_single
Mus_musculus_MTtRNA-Phe-GAA	1955.0	1961	quantMtRNAseq_Cerebellum_tRNA_3	0	shrimp	random_single
Mus_musculus_MTtRNA-Pro-TGG	1930.0	1961	quantMtRNAseq_Cerebellum_tRNA_3	0	shrimp	random_single
Mus_musculus_MTtRNA-Ser1-GCT	1879.0	1961	quantMtRNAseq_Cerebellum_tRNA_3	0	shrimp	random_single
Mus_musculus_MTtRNA-Ser2-TGA	1946.0	1961	quantMtRNAseq_Cerebellum_tRNA_3	0	shrimp	random_single
Mus_musculus_MTtRNA-Thr-TGT	1956.0	1961	quantMtRNAseq_Cerebellum_tRNA_3	0	shrimp	random_single
Mus_musculus_MTtRNA-Trp-TCA	1856.0	1961	quantMtRNAseq_Cerebellum_tRNA_3	0	shrimp	random_single
Mus_musculus_MTtRNA-Tyr-GTA	1936.0	1961	quantMtRNAseq_Cerebellum_tRNA_3	0	shrimp	random_single
Mus_musculus_MTtRNA-Val-TAC	1946.0	1961	quantMtRNAseq_Cerebellum_tRNA_3	0	shrimp	random_single
Mus_musculus_tRNA-Ala-AGC	23614.0	39220	quantMtRNAseq_Cerebellum_tRNA_3	0	shrimp	random_single
Mus_musculus_tRNA-Ala-CGC	6618.0	15688	quantMtRNAseq_Cerebellum_tRNA_3	0	shrimp	random_single
Mus_musculus_tRNA-Ala-GGC	2.0	3922	quantMtRNAseq_Cerebellum_tRNA_3	0	shrimp	random_single
Mus_musculus_tRNA-Ala-TGC	13617.0	21571	quantMtRNAseq_Cerebellum_tRNA_3	0	shrimp	random_single
Mus_musculus_tRNA-Arg-ACG	11055.0	11766	quantMtRNAseq_Cerebellum_tRNA_3	0	shrimp	random_single
Mus_musculus_tRNA-Arg-CCG	6498.0	5883	quantMtRNAseq_Cerebellum_tRNA_3	0	shrimp	random_single
Mus_musculus_tRNA-Arg-CCT	9785.0	9805	quantMtRNAseq_Cerebellum_tRNA_3	0	shrimp	random_single
Mus_musculus_tRNA-Arg-TCG	7707.0	9805	quantMtRNAseq_Cerebellum_tRNA_3	0	shrimp	random_single
Mus_musculus_tRNA-Arg-TCT	10913.0	13727	quantMtRNAseq_Cerebellum_tRNA_3	0	shrimp	random_single
Mus_musculus_tRNA-Asn-ATT	1.0	1961	quantMtRNAseq_Cerebellum_tRNA_3	0	shrimp	random_single
Mus_musculus_tRNA-Asn-GTT	33071.0	35298	quantMtRNAseq_Cerebellum_tRNA_3	0	shrimp	random_single
Mus_musculus_tRNA-Asp-ATC	514.0	1961	quantMtRNAseq_Cerebellum_tRNA_3	0	shrimp	random_single
Mus_musculus_tRNA-Asp-GTC	31788.0	31376	quantMtRNAseq_Cerebellum_tRNA_3	0	shrimp	random_single
Mus_musculus_tRNA-Cys-ACA	0.0	0	quantMtRNAseq_Cerebellum_tRNA_3	0	shrimp	random_single
Mus_musculus_tRNA-Cys-GCA	30111.0	113738	quantMtRNAseq_Cerebellum_tRNA_3	0	shrimp	random_single
Mus_musculus_tRNA-Gln-CTG	5636.0	25493	quantMtRNAseq_Cerebellum_tRNA_3	0	shrimp	random_single
Mus_musculus_tRNA-Gln-TTG	4778.0	11766	quantMtRNAseq_Cerebellum_tRNA_3	0	shrimp	random_single
Mus_musculus_tRNA-Glu-CTC	22026.0	23532	quantMtRNAseq_Cerebellum_tRNA_3	0	shrimp	random_single
Mus_musculus_tRNA-Glu-TTC	14970.0	17649	quantMtRNAseq_Cerebellum_tRNA_3	0	shrimp	random_single
Mus_musculus_tRNA-Gly-ACC	26.0	1961	quantMtRNAseq_Cerebellum_tRNA_3	0	shrimp	random_single
Mus_musculus_tRNA-Gly-CCC	13704.0	13727	quantMtRNAseq_Cerebellum_tRNA_3	0	shrimp	random_single
Mus_musculus_tRNA-Gly-GCC	29136.0	31376	quantMtRNAseq_Cerebellum_tRNA_3	0	shrimp	random_single
Mus_musculus_tRNA-Gly-TCC	15605.0	19610	quantMtRNAseq_Cerebellum_tRNA_3	0	shrimp	random_single
Mus_musculus_tRNA-His-ATG	1300.0	1961	quantMtRNAseq_Cerebellum_tRNA_3	0	shrimp	random_single
Mus_musculus_tRNA-His-GTG	5395.0	19610	quantMtRNAseq_Cerebellum_tRNA_3	0	shrimp	random_single
Mus_musculus_tRNA-Ile-AAT	14188.0	25493	quantMtRNAseq_Cerebellum_tRNA_3	0	shrimp	random_single
Mus_musculus_tRNA-Ile-GAT	939.0	1961	quantMtRNAseq_Cerebellum_tRNA_3	0	shrimp	random_single
Mus_musculus_tRNA-Ile-TAT	6765.0	7844	quantMtRNAseq_Cerebellum_tRNA_3	0	shrimp	random_single
Mus_musculus_tRNA-Leu-AAG	1993.0	9805	quantMtRNAseq_Cerebellum_tRNA_3	0	shrimp	random_single
Mus_musculus_tRNA-Leu-CAA	1.0	0	quantMtRNAseq_Cerebellum_tRNA_3	0	shrimp	random_single
Mus_musculus_tRNA-Leu-CAG	6877.0	19610	quantMtRNAseq_Cerebellum_tRNA_3	0	shrimp	random_single
Mus_musculus_tRNA-Leu-TAA	2328.0	5883	quantMtRNAseq_Cerebellum_tRNA_3	0	shrimp	random_single
Mus_musculus_tRNA-Leu-TAG	1805.0	7844	quantMtRNAseq_Cerebellum_tRNA_3	0	shrimp	random_single
Mus_musculus_tRNA-Lys-CTT	61614.0	64713	quantMtRNAseq_Cerebellum_tRNA_3	0	shrimp	random_single
Mus_musculus_tRNA-Lys-TTT	25317.0	27454	quantMtRNAseq_Cerebellum_tRNA_3	0	shrimp	random_single
Mus_musculus_tRNA-Met-CAT	18723.0	29415	quantMtRNAseq_Cerebellum_tRNA_3	0	shrimp	random_single
Mus_musculus_tRNA-Phe-GAA	10089.0	15688	quantMtRNAseq_Cerebellum_tRNA_3	0	shrimp	random_single
Mus_musculus_tRNA-Pro-AGG	2938.0	13727	quantMtRNAseq_Cerebellum_tRNA_3	0	shrimp	random_single
Mus_musculus_tRNA-Pro-CGG	1604.0	5883	quantMtRNAseq_Cerebellum_tRNA_3	0	shrimp	random_single
Mus_musculus_tRNA-Pro-GGG	0.0	0	quantMtRNAseq_Cerebellum_tRNA_3	0	shrimp	random_single
Mus_musculus_tRNA-Pro-TGG	3178.0	15688	quantMtRNAseq_Cerebellum_tRNA_3	0	shrimp	random_single
Mus_musculus_tRNA-SeC-TCA	1907.0	1961	quantMtRNAseq_Cerebellum_tRNA_3	0	shrimp	random_single
Mus_musculus_tRNA-Ser-ACT	9.0	0	quantMtRNAseq_Cerebellum_tRNA_3	0	shrimp	random_single
Mus_musculus_tRNA-Ser-AGA	3687.0	17649	quantMtRNAseq_Cerebellum_tRNA_3	0	shrimp	random_single
Mus_musculus_tRNA-Ser-CGA	1472.0	7844	quantMtRNAseq_Cerebellum_tRNA_3	0	shrimp	random_single
Mus_musculus_tRNA-Ser-GCT	10007.0	33337	quantMtRNAseq_Cerebellum_tRNA_3	0	shrimp	random_single
Mus_musculus_tRNA-Ser-GGA	161.0	1961	quantMtRNAseq_Cerebellum_tRNA_3	0	shrimp	random_single
Mus_musculus_tRNA-Ser-TGA	2668.0	7844	quantMtRNAseq_Cerebellum_tRNA_3	0	shrimp	random_single
Mus_musculus_tRNA-Sup-TCA	1923.0	1961	quantMtRNAseq_Cerebellum_tRNA_3	0	shrimp	random_single
Mus_musculus_tRNA-Sup-TTA	0.0	1961	quantMtRNAseq_Cerebellum_tRNA_3	0	shrimp	random_single
Mus_musculus_tRNA-Thr-AGT	9639.0	19610	quantMtRNAseq_Cerebellum_tRNA_3	0	shrimp	random_single
Mus_musculus_tRNA-Thr-CGT	1872.0	9805	quantMtRNAseq_Cerebellum_tRNA_3	0	shrimp	random_single
Mus_musculus_tRNA-Thr-GGT	0.0	3922	quantMtRNAseq_Cerebellum_tRNA_3	0	shrimp	random_single
Mus_musculus_tRNA-Thr-TGT	4751.0	9805	quantMtRNAseq_Cerebellum_tRNA_3	0	shrimp	random_single
Mus_musculus_tRNA-Trp-CCA	6117.0	15688	quantMtRNAseq_Cerebellum_tRNA_3	0	shrimp	random_single
Mus_musculus_tRNA-Tyr-GTA	18635.0	19610	quantMtRNAseq_Cerebellum_tRNA_3	0	shrimp	random_single
Mus_musculus_tRNA-Und-NNN	103.0	0	quantMtRNAseq_Cerebellum_tRNA_3	0	shrimp	random_single
Mus_musculus_tRNA-Val-AAC	6980.0	17649	quantMtRNAseq_Cerebellum_tRNA_3	0	shrimp	random_single
Mus_musculus_tRNA-Val-CAC	16873.0	23532	quantMtRNAseq_Cerebellum_tRNA_3	0	shrimp	random_single
Mus_musculus_tRNA-Val-GAC	0.0	1961	quantMtRNAseq_Cerebellum_tRNA_3	0	shrimp	random_single
Mus_musculus_tRNA-Val-TAC	5817.0	5883	quantMtRNAseq_Cerebellum_tRNA_3	0	shrimp	random_single
Mus_musculus_tRNA-iMet-CAT	18282.0	21571	quantMtRNAseq_Cerebellum_tRNA_3	0	shrimp	random_single
Escherichia_coli_str_K_12_substr_MG1655_tRNA-eColiLys-TTT	0.0	0	quantMtRNAseq_Cortex_tRNA_1	0	bowtie2	random_single
Mus_musculus_MTtRNA-Ala-TGC	1961.0	1961	quantMtRNAseq_Cortex_tRNA_1	0	bowtie2	random_single
Mus_musculus_MTtRNA-Arg-TCG	1962.0	1961	quantMtRNAseq_Cortex_tRNA_1	0	bowtie2	random_single
Mus_musculus_MTtRNA-Asn-GTT	1961.0	1961	quantMtRNAseq_Cortex_tRNA_1	0	bowtie2	random_single
Mus_musculus_MTtRNA-Asp-GTC	1955.0	1961	quantMtRNAseq_Cortex_tRNA_1	0	bowtie2	random_single
Mus_musculus_MTtRNA-Cys-GCA	1961.0	1961	quantMtRNAseq_Cortex_tRNA_1	0	bowtie2	random_single
Mus_musculus_MTtRNA-Gln-TTG	1959.0	1961	quantMtRNAseq_Cortex_tRNA_1	0	bowtie2	random_single
Mus_musculus_MTtRNA-Glu-TTC	1960.0	1961	quantMtRNAseq_Cortex_tRNA_1	0	bowtie2	random_single
Mus_musculus_MTtRNA-Gly-TCC	1961.0	1961	quantMtRNAseq_Cortex_tRNA_1	0	bowtie2	random_single
Mus_musculus_MTtRNA-His-GTG	1960.0	1961	quantMtRNAseq_Cortex_tRNA_1	0	bowtie2	random_single
Mus_musculus_MTtRNA-Ile-GAT	1961.0	1961	quantMtRNAseq_Cortex_tRNA_1	0	bowtie2	random_single
Mus_musculus_MTtRNA-Leu1-TAG	1960.0	1961	quantMtRNAseq_Cortex_tRNA_1	0	bowtie2	random_single
Mus_musculus_MTtRNA-Leu2-TAA	1961.0	1961	quantMtRNAseq_Cortex_tRNA_1	0	bowtie2	random_single
Mus_musculus_MTtRNA-Lys-TTT	1961.0	1961	quantMtRNAseq_Cortex_tRNA_1	0	bowtie2	random_single
Mus_musculus_MTtRNA-Met-CAT	1959.0	1961	quantMtRNAseq_Cortex_tRNA_1	0	bowtie2	random_single
Mus_musculus_MTtRNA-Phe-GAA	1960.0	1961	quantMtRNAseq_Cortex_tRNA_1	0	bowtie2	random_single
Mus_musculus_MTtRNA-Pro-TGG	1962.0	1961	quantMtRNAseq_Cortex_tRNA_1	0	bowtie2	random_single
Mus_musculus_MTtRNA-Ser1-GCT	1959.0	1961	quantMtRNAseq_Cortex_tRNA_1	0	bowtie2	random_single
Mus_musculus_MTtRNA-Ser2-TGA	1988.0	1961	quantMtRNAseq_Cortex_tRNA_1	0	bowtie2	random_single
Mus_musculus_MTtRNA-Thr-TGT	1961.0	1961	quantMtRNAseq_Cortex_tRNA_1	0	bowtie2	random_single
Mus_musculus_MTtRNA-Trp-TCA	1958.0	1961	quantMtRNAseq_Cortex_tRNA_1	0	bowtie2	random_single
Mus_musculus_MTtRNA-Tyr-GTA	1960.0	1961	quantMtRNAseq_Cortex_tRNA_1	0	bowtie2	random_single
Mus_musculus_MTtRNA-Val-TAC	1959.0	1961	quantMtRNAseq_Cortex_tRNA_1	0	bowtie2	random_single
Mus_musculus_tRNA-Ala-AGC	35824.0	39220	quantMtRNAseq_Cortex_tRNA_1	0	bowtie2	random_single
Mus_musculus_tRNA-Ala-CGC	15950.0	15688	quantMtRNAseq_Cortex_tRNA_1	0	bowtie2	random_single
Mus_musculus_tRNA-Ala-GGC	3072.0	3922	quantMtRNAseq_Cortex_tRNA_1	0	bowtie2	random_single
Mus_musculus_tRNA-Ala-TGC	20361.0	21571	quantMtRNAseq_Cortex_tRNA_1	0	bowtie2	random_single
Mus_musculus_tRNA-Arg-ACG	11580.0	11766	quantMtRNAseq_Cortex_tRNA_1	0	bowtie2	random_single
Mus_musculus_tRNA-Arg-CCG	5156.0	5883	quantMtRNAseq_Cortex_tRNA_1	0	bowtie2	random_single
Mus_musculus_tRNA-Arg-CCT	10604.0	9805	quantMtRNAseq_Cortex_tRNA_1	0	bowtie2	random_single
Mus_musculus_tRNA-Arg-TCG	10280.0	9805	quantMtRNAseq_Cortex_tRNA_1	0	bowtie2	random_single
Mus_musculus_tRNA-Arg-TCT	13065.0	13727	quantMtRNAseq_Cortex_tRNA_1	0	bowtie2	random_single
Mus_musculus_tRNA-Asn-ATT	1983.0	1961	quantMtRNAseq_Cortex_tRNA_1	0	bowtie2	random_single
Mus_musculus_tRNA-Asn-GTT	32889.0	35298	quantMtRNAseq_Cortex_tRNA_1	0	bowtie2	random_single
Mus_musculus_tRNA-Asp-ATC	1853.0	1961	quantMtRNAseq_Cortex_tRNA_1	0	bowtie2	random_single
Mus_musculus_tRNA-Asp-GTC	31448.0	31376	quantMtRNAseq_Cortex_tRNA_1	0	bowtie2	random_single
Mus_musculus_tRNA-Cys-ACA	572.0	0	quantMtRNAseq_Cortex_tRNA_1	0	bowtie2	random_single
Mus_musculus_tRNA-Cys-GCA	109820.0	113738	quantMtRNAseq_Cortex_tRNA_1	0	bowtie2	random_single
Mus_musculus_tRNA-Gln-CTG	31903.0	25493	quantMtRNAseq_Cortex_tRNA_1	0	bowtie2	random_single
Mus_musculus_tRNA-Gln-TTG	3941.0	11766	quantMtRNAseq_Cortex_tRNA_1	0	bowtie2	random_single
Mus_musculus_tRNA-Glu-CTC	24479.0	23532	quantMtRNAseq_Cortex_tRNA_1	0	bowtie2	random_single
Mus_musculus_tRNA-Glu-TTC	15176.0	17649	quantMtRNAseq_Cortex_tRNA_1	0	bowtie2	random_single
Mus_musculus_tRNA-Gly-ACC	28.0	1961	quantMtRNAseq_Cortex_tRNA_1	0	bowtie2	random_single
Mus_musculus_tRNA-Gly-CCC	15439.0	13727	quantMtRNAseq_Cortex_tRNA_1	0	bowtie2	random_single
Mus_musculus_tRNA-Gly-GCC	29394.0	31376	quantMtRNAseq_Cortex_tRNA_1	0	bowtie2	random_single
Mus_musculus_tRNA-Gly-TCC	19279.0	19610	quantMtRNAseq_Cortex_tRNA_1	0	bowtie2	random_single
Mus_musculus_tRNA-His-ATG	1827.0	1961	quantMtRNAseq_Cortex_tRNA_1	0	bowtie2	random_single
Mus_musculus_tRNA-His-GTG	18704.0	19610	quantMtRNAseq_Cortex_tRNA_1	0	bowtie2	random_single
Mus_musculus_tRNA-Ile-AAT	24799.0	25493	quantMtRNAseq_Cortex_tRNA_1	0	bowtie2	random_single
Mus_musculus_tRNA-Ile-GAT	1987.0	1961	quantMtRNAseq_Cortex_tRNA_1	0	bowtie2	random_single
Mus_musculus_tRNA-Ile-TAT	7746.0	7844	quantMtRNAseq_Cortex_tRNA_1	0	bowtie2	random_single
Mus_musculus_tRNA-Leu-AAG	14345.0	9805	quantMtRNAseq_Cortex_tRNA_1	0	bowtie2	random_single
Mus_musculus_tRNA-Leu-CAA	539.0	0	quantMtRNAseq_Cortex_tRNA_1	0	bowtie2	random_single
Mus_musculus_tRNA-Leu-CAG	17331.0	19610	quantMtRNAseq_Cortex_tRNA_1	0	bowtie2	random_single
Mus_musculus_tRNA-Leu-TAA	6880.0	5883	quantMtRNAseq_Cortex_tRNA_1	0	bowtie2	random_single
Mus_musculus_tRNA-Leu-TAG	2071.0	7844	quantMtRNAseq_Cortex_tRNA_1	0	bowtie2	random_single
Mus_musculus_tRNA-Lys-CTT	65328.0	64713	quantMtRNAseq_Cortex_tRNA_1	0	bowtie2	random_single
Mus_musculus_tRNA-Lys-TTT	27084.0	27454	quantMtRNAseq_Cortex_tRNA_1	0	bowtie2	random_single
Mus_musculus_tRNA-Met-CAT	29023.0	29415	quantMtRNAseq_Cortex_tRNA_1	0	bowtie2	random_single
Mus_musculus_tRNA-Phe-GAA	16981.0	15688	quantMtRNAseq_Cortex_tRNA_1	0	bowtie2	random_single
Mus_musculus_tRNA-Pro-AGG	2244.0	13727	quantMtRNAseq_Cortex_tRNA_1	0	bowtie2	random_single
Mus_musculus_tRNA-Pro-CGG	25289.0	5883	quantMtRNAseq_Cortex_tRNA_1	0	bowtie2	random_single
Mus_musculus_tRNA-Pro-GGG	22.0	0	quantMtRNAseq_Cortex_tRNA_1	0	bowtie2	random_single
Mus_musculus_tRNA-Pro-TGG	6433.0	15688	quantMtRNAseq_Cortex_tRNA_1	0	bowtie2	random_single
Mus_musculus_tRNA-SeC-TCA	1957.0	1961	quantMtRNAseq_Cortex_tRNA_1	0	bowtie2	random_single
Mus_musculus_tRNA-Ser-ACT	30.0	0	quantMtRNAseq_Cortex_tRNA_1	0	bowtie2	random_single
Mus_musculus_tRNA-Ser-AGA	19648.0	17649	quantMtRNAseq_Cortex_tRNA_1	0	bowtie2	random_single
Mus_musculus_tRNA-Ser-CGA	7744.0	7844	quantMtRNAseq_Cortex_tRNA_1	0	bowtie2	random_single
Mus_musculus_tRNA-Ser-GCT	21359.0	33337	quantMtRNAseq_Cortex_tRNA_1	0	bowtie2	random_single
Mus_musculus_tRNA-Ser-GGA	162.0	1961	quantMtRNAseq_Cortex_tRNA_1	0	bowtie2	random_single
Mus_musculus_tRNA-Ser-TGA	3969.0	7844	quantMtRNAseq_Cortex_tRNA_1	0	bowtie2	random_single
Mus_musculus_tRNA-Sup-TCA	1966.0	1961	quantMtRNAseq_Cortex_tRNA_1	0	bowtie2	random_single
Mus_musculus_tRNA-Sup-TTA	674.0	1961	quantMtRNAseq_Cortex_tRNA_1	0	bowtie2	random_single
Mus_musculus_tRNA-Thr-AGT	18788.0	19610	quantMtRNAseq_Cortex_tRNA_1	0	bowtie2	random_single
Mus_musculus_tRNA-Thr-CGT	11100.0	9805	quantMtRNAseq_Cortex_tRNA_1	0	bowtie2	random_single
Mus_musculus_tRNA-Thr-GGT	2816.0	3922	quantMtRNAseq_Cortex_tRNA_1	0	bowtie2	random_single
Mus_musculus_tRNA-Thr-TGT	7912.0	9805	quantMtRNAseq_Cortex_tRNA_1	0	bowtie2	random_single
Mus_musculus_tRNA-Trp-CCA	15079.0	15688	quantMtRNAseq_Cortex_tRNA_1	0	bowtie2	random_single
Mus_musculus_tRNA-Tyr-GTA	19154.0	19610	quantMtRNAseq_Cortex_tRNA_1	0	bowtie2	random_single
Mus_musculus_tRNA-Und-NNN	3311.0	0	quantMtRNAseq_Cortex_tRNA_1	0	bowtie2	random_single
Mus_musculus_tRNA-Val-AAC	10172.0	17649	quantMtRNAseq_Cortex_tRNA_1	0	bowtie2	random_single
Mus_musculus_tRNA-Val-CAC	31377.0	23532	quantMtRNAseq_Cortex_tRNA_1	0	bowtie2	random_single
Mus_musculus_tRNA-Val-GAC	1783.0	1961	quantMtRNAseq_Cortex_tRNA_1	0	bowtie2	random_single
Mus_musculus_tRNA-Val-TAC	5899.0	5883	quantMtRNAseq_Cortex_tRNA_1	0	bowtie2	random_single
Mus_musculus_tRNA-iMet-CAT	21174.0	21571	quantMtRNAseq_Cortex_tRNA_1	0	bowtie2	random_single
Escherichia_coli_str_K_12_substr_MG1655_tRNA-eColiLys-TTT	0.0	0	quantMtRNAseq_Cortex_tRNA_1	0	shrimp	random_single
Mus_musculus_MTtRNA-Ala-TGC	1939.0	1961	quantMtRNAseq_Cortex_tRNA_1	0	shrimp	random_single
Mus_musculus_MTtRNA-Arg-TCG	1920.0	1961	quantMtRNAseq_Cortex_tRNA_1	0	shrimp	random_single
Mus_musculus_MTtRNA-Asn-GTT	1703.0	1961	quantMtRNAseq_Cortex_tRNA_1	0	shrimp	random_single
Mus_musculus_MTtRNA-Asp-GTC	1854.0	1961	quantMtRNAseq_Cortex_tRNA_1	0	shrimp	random_single
Mus_musculus_MTtRNA-Cys-GCA	1948.0	1961	quantMtRNAseq_Cortex_tRNA_1	0	shrimp	random_single
Mus_musculus_MTtRNA-Gln-TTG	1841.0	1961	quantMtRNAseq_Cortex_tRNA_1	0	shrimp	random_single
Mus_musculus_MTtRNA-Glu-TTC	1939.0	1961	quantMtRNAseq_Cortex_tRNA_1	0	shrimp	random_single
Mus_musculus_MTtRNA-Gly-TCC	1895.0	1961	quantMtRNAseq_Cortex_tRNA_1	0	shrimp	random_single
Mus_musculus_MTtRNA-His-GTG	1886.0	1961	quantMtRNAseq_Cortex_tRNA_1	0	shrimp	random_single
Mus_musculus_MTtRNA-Ile-GAT	1844.0	1961	quantMtRNAseq_Cortex_tRNA_1	0	shrimp	random_single
Mus_musculus_MTtRNA-Leu1-TAG	1917.0	1961	quantMtRNAseq_Cortex_tRNA_1	0	shrimp	random_single
Mus_musculus_MTtRNA-Leu2-TAA	1944.0	1961	quantMtRNAseq_Cortex_tRNA_1	0	shrimp	random_single
Mus_musculus_MTtRNA-Lys-TTT	1853.0	1961	quantMtRNAseq_Cortex_tRNA_1	0	shrimp	random_single
Mus_musculus_MTtRNA-Met-CAT	1810.0	1961	quantMtRNAseq_Cortex_tRNA_1	0	shrimp	random_single
Mus_musculus_MTtRNA-Phe-GAA	1937.0	1961	quantMtRNAseq_Cortex_tRNA_1	0	shrimp	random_single
Mus_musculus_MTtRNA-Pro-TGG	1838.0	1961	quantMtRNAseq_Cortex_tRNA_1	0	shrimp	random_single
Mus_musculus_MTtRNA-Ser1-GCT	1768.0	1961	quantMtRNAseq_Cortex_tRNA_1	0	shrimp	random_single
Mus_musculus_MTtRNA-Ser2-TGA	1943.0	1961	quantMtRNAseq_Cortex_tRNA_1	0	shrimp	random_single
Mus_musculus_MTtRNA-Thr-TGT	1956.0	1961	quantMtRNAseq_Cortex_tRNA_1	0	shrimp	random_single
Mus_musculus_MTtRNA-Trp-TCA	1790.0	1961	quantMtRNAseq_Cortex_tRNA_1	0	shrimp	random_single
Mus_musculus_MTtRNA-Tyr-GTA	1950.0	1961	quantMtRNAseq_Cortex_tRNA_1	0	shrimp	random_single
Mus_musculus_MTtRNA-Val-TAC	1879.0	1961	quantMtRNAseq_Cortex_tRNA_1	0	shrimp	random_single
Mus_musculus_tRNA-Ala-AGC	21295.0	39220	quantMtRNAseq_Cortex_tRNA_1	0	shrimp	random_single
Mus_musculus_tRNA-Ala-CGC	4651.0	15688	quantMtRNAseq_Cortex_tRNA_1	0	shrimp	random_single
Mus_musculus_tRNA-Ala-GGC	3.0	3922	quantMtRNAseq_Cortex_tRNA_1	0	shrimp	random_single
Mus_musculus_tRNA-Ala-TGC	13542.0	21571	quantMtRNAseq_Cortex_tRNA_1	0	shrimp	random_single
Mus_musculus_tRNA-Arg-ACG	7121.0	11766	quantMtRNAseq_Cortex_tRNA_1	0	shrimp	random_single
Mus_musculus_tRNA-Arg-CCG	5528.0	5883	quantMtRNAseq_Cortex_tRNA_1	0	shrimp	random_single
Mus_musculus_tRNA-Arg-CCT	9707.0	9805	quantMtRNAseq_Cortex_tRNA_1	0	shrimp	random_single
Mus_musculus_tRNA-Arg-TCG	4546.0	9805	quantMtRNAseq_Cortex_tRNA_1	0	shrimp	random_single
Mus_musculus_tRNA-Arg-TCT	8301.0	13727	quantMtRNAseq_Cortex_tRNA_1	0	shrimp	random_single
Mus_musculus_tRNA-Asn-ATT	1962.0	1961	quantMtRNAseq_Cortex_tRNA_1	0	shrimp	random_single
Mus_musculus_tRNA-Asn-GTT	20637.0	35298	quantMtRNAseq_Cortex_tRNA_1	0	shrimp	random_single
Mus_musculus_tRNA-Asp-ATC	604.0	1961	quantMtRNAseq_Cortex_tRNA_1	0	shrimp	random_single
Mus_musculus_tRNA-Asp-GTC	31181.0	31376	quantMtRNAseq_Cortex_tRNA_1	0	shrimp	random_single
Mus_musculus_tRNA-Cys-ACA	0.0	0	quantMtRNAseq_Cortex_tRNA_1	0	shrimp	random_single
Mus_musculus_tRNA-Cys-GCA	8841.0	113738	quantMtRNAseq_Cortex_tRNA_1	0	shrimp	random_single
Mus_musculus_tRNA-Gln-CTG	1789.0	25493	quantMtRNAseq_Cortex_tRNA_1	0	shrimp	random_single
Mus_musculus_tRNA-Gln-TTG	2089.0	11766	quantMtRNAseq_Cortex_tRNA_1	0	shrimp	random_single
Mus_musculus_tRNA-Glu-CTC	22036.0	23532	quantMtRNAseq_Cortex_tRNA_1	0	shrimp	random_single
Mus_musculus_tRNA-Glu-TTC	13506.0	17649	quantMtRNAseq_Cortex_tRNA_1	0	shrimp	random_single
Mus_musculus_tRNA-Gly-ACC	9.0	1961	quantMtRNAseq_Cortex_tRNA_1	0	shrimp	random_single
Mus_musculus_tRNA-Gly-CCC	12717.0	13727	quantMtRNAseq_Cortex_tRNA_1	0	shrimp	random_single
Mus_musculus_tRNA-Gly-GCC	26864.0	31376	quantMtRNAseq_Cortex_tRNA_1	0	shrimp	random_single
Mus_musculus_tRNA-Gly-TCC	14093.0	19610	quantMtRNAseq_Cortex_tRNA_1	0	shrimp	random_single
Mus_musculus_tRNA-His-ATG	1154.0	1961	quantMtRNAseq_Cortex_tRNA_1	0	shrimp	random_single
Mus_musculus_tRNA-His-GTG	1933.0	19610	quantMtRNAseq_Cortex_tRNA_1	0	shrimp	random_single
Mus_musculus_tRNA-Ile-AAT	10768.0	25493	quantMtRNAseq_Cortex_tRNA_1	0	shrimp	random_single
Mus_musculus_tRNA-Ile-GAT	957.0	1961	quantMtRNAseq_Cortex_tRNA_1	0	shrimp	random_single
Mus_musculus_tRNA-Ile-TAT	5892.0	7844	quantMtRNAseq_Cortex_tRNA_1	0	shrimp	random_single
Mus_musculus_tRNA-Leu-AAG	601.0	9805	quantMtRNAseq_Cortex_tRNA_1	0	shrimp	random_single
Mus_musculus_tRNA-Leu-CAA	4.0	0	quantMtRNAseq_Cortex_tRNA_1	0	shrimp	random_single
Mus_musculus_tRNA-Leu-CAG	1872.0	19610	quantMtRNAseq_Cortex_tRNA_1	0	shrimp	random_single
Mus_musculus_tRNA-Leu-TAA	567.0	5883	quantMtRNAseq_Cortex_tRNA_1	0	shrimp	random_single
Mus_musculus_tRNA-Leu-TAG	593.0	7844	quantMtRNAseq_Cortex_tRNA_1	0	shrimp	random_single
Mus_musculus_tRNA-Lys-CTT	61811.0	64713	quantMtRNAseq_Cortex_tRNA_1	0	shrimp	random_single
Mus_musculus_tRNA-Lys-TTT	22041.0	27454	quantMtRNAseq_Cortex_tRNA_1	0	shrimp	random_single
Mus_musculus_tRNA-Met-CAT	14504.0	29415	quantMtRNAseq_Cortex_tRNA_1	0	shrimp	random_single
Mus_musculus_tRNA-Phe-GAA	6762.0	15688	quantMtRNAseq_Cortex_tRNA_1	0	shrimp	random_single
Mus_musculus_tRNA-Pro-AGG	1785.0	13727	quantMtRNAseq_Cortex_tRNA_1	0	shrimp	random_single
Mus_musculus_tRNA-Pro-CGG	571.0	5883	quantMtRNAseq_Cortex_tRNA_1	0	shrimp	random_single
Mus_musculus_tRNA-Pro-GGG	1.0	0	quantMtRNAseq_Cortex_tRNA_1	0	shrimp	random_single
Mus_musculus_tRNA-Pro-TGG	1157.0	15688	quantMtRNAseq_Cortex_tRNA_1	0	shrimp	random_single
Mus_musculus_tRNA-SeC-TCA	1822.0	1961	quantMtRNAseq_Cortex_tRNA_1	0	shrimp	random_single
Mus_musculus_tRNA-Ser-ACT	0.0	0	quantMtRNAseq_Cortex_tRNA_1	0	shrimp	random_single
Mus_musculus_tRNA-Ser-AGA	635.0	17649	quantMtRNAseq_Cortex_tRNA_1	0	shrimp	random_single
Mus_musculus_tRNA-Ser-CGA	251.0	7844	quantMtRNAseq_Cortex_tRNA_1	0	shrimp	random_single
Mus_musculus_tRNA-Ser-GCT	3312.0	33337	quantMtRNAseq_Cortex_tRNA_1	0	shrimp	random_single
Mus_musculus_tRNA-Ser-GGA	168.0	1961	quantMtRNAseq_Cortex_tRNA_1	0	shrimp	random_single
Mus_musculus_tRNA-Ser-TGA	1344.0	7844	quantMtRNAseq_Cortex_tRNA_1	0	shrimp	random_single
Mus_musculus_tRNA-Sup-TCA	1797.0	1961	quantMtRNAseq_Cortex_tRNA_1	0	shrimp	random_single
Mus_musculus_tRNA-Sup-TTA	0.0	1961	quantMtRNAseq_Cortex_tRNA_1	0	shrimp	random_single
Mus_musculus_tRNA-Thr-AGT	3536.0	19610	quantMtRNAseq_Cortex_tRNA_1	0	shrimp	random_single
Mus_musculus_tRNA-Thr-CGT	905.0	9805	quantMtRNAseq_Cortex_tRNA_1	0	shrimp	random_single
Mus_musculus_tRNA-Thr-GGT	2.0	3922	quantMtRNAseq_Cortex_tRNA_1	0	shrimp	random_single
Mus_musculus_tRNA-Thr-TGT	3034.0	9805	quantMtRNAseq_Cortex_tRNA_1	0	shrimp	random_single
Mus_musculus_tRNA-Trp-CCA	2572.0	15688	quantMtRNAseq_Cortex_tRNA_1	0	shrimp	random_single
Mus_musculus_tRNA-Tyr-GTA	9940.0	19610	quantMtRNAseq_Cortex_tRNA_1	0	shrimp	random_single
Mus_musculus_tRNA-Und-NNN	18.0	0	quantMtRNAseq_Cortex_tRNA_1	0	shrimp	random_single
Mus_musculus_tRNA-Val-AAC	3116.0	17649	quantMtRNAseq_Cortex_tRNA_1	0	shrimp	random_single
Mus_musculus_tRNA-Val-CAC	5015.0	23532	quantMtRNAseq_Cortex_tRNA_1	0	shrimp	random_single
Mus_musculus_tRNA-Val-GAC	1.0	1961	quantMtRNAseq_Cortex_tRNA_1	0	shrimp	random_single
Mus_musculus_tRNA-Val-TAC	4705.0	5883	quantMtRNAseq_Cortex_tRNA_1	0	shrimp	random_single
Mus_musculus_tRNA-iMet-CAT	13437.0	21571	quantMtRNAseq_Cortex_tRNA_1	0	shrimp	random_single
Escherichia_coli_str_K_12_substr_MG1655_tRNA-eColiLys-TTT	1.0	0	quantMtRNAseq_Cortex_tRNA_2	0	bowtie2	random_single
Mus_musculus_MTtRNA-Ala-TGC	1962.0	1961	quantMtRNAseq_Cortex_tRNA_2	0	bowtie2	random_single
Mus_musculus_MTtRNA-Arg-TCG	1961.0	1961	quantMtRNAseq_Cortex_tRNA_2	0	bowtie2	random_single
Mus_musculus_MTtRNA-Asn-GTT	1961.0	1961	quantMtRNAseq_Cortex_tRNA_2	0	bowtie2	random_single
Mus_musculus_MTtRNA-Asp-GTC	1959.0	1961	quantMtRNAseq_Cortex_tRNA_2	0	bowtie2	random_single
Mus_musculus_MTtRNA-Cys-GCA	1962.0	1961	quantMtRNAseq_Cortex_tRNA_2	0	bowtie2	random_single
Mus_musculus_MTtRNA-Gln-TTG	1962.0	1961	quantMtRNAseq_Cortex_tRNA_2	0	bowtie2	random_single
Mus_musculus_MTtRNA-Glu-TTC	1961.0	1961	quantMtRNAseq_Cortex_tRNA_2	0	bowtie2	random_single
Mus_musculus_MTtRNA-Gly-TCC	1961.0	1961	quantMtRNAseq_Cortex_tRNA_2	0	bowtie2	random_single
Mus_musculus_MTtRNA-His-GTG	1960.0	1961	quantMtRNAseq_Cortex_tRNA_2	0	bowtie2	random_single
Mus_musculus_MTtRNA-Ile-GAT	1960.0	1961	quantMtRNAseq_Cortex_tRNA_2	0	bowtie2	random_single
Mus_musculus_MTtRNA-Leu1-TAG	1960.0	1961	quantMtRNAseq_Cortex_tRNA_2	0	bowtie2	random_single
Mus_musculus_MTtRNA-Leu2-TAA	1961.0	1961	quantMtRNAseq_Cortex_tRNA_2	0	bowtie2	random_single
Mus_musculus_MTtRNA-Lys-TTT	1962.0	1961	quantMtRNAseq_Cortex_tRNA_2	0	bowtie2	random_single
Mus_musculus_MTtRNA-Met-CAT	1959.0	1961	quantMtRNAseq_Cortex_tRNA_2	0	bowtie2	random_single
Mus_musculus_MTtRNA-Phe-GAA	1961.0	1961	quantMtRNAseq_Cortex_tRNA_2	0	bowtie2	random_single
Mus_musculus_MTtRNA-Pro-TGG	1960.0	1961	quantMtRNAseq_Cortex_tRNA_2	0	bowtie2	random_single
Mus_musculus_MTtRNA-Ser1-GCT	1961.0	1961	quantMtRNAseq_Cortex_tRNA_2	0	bowtie2	random_single
Mus_musculus_MTtRNA-Ser2-TGA	1967.0	1961	quantMtRNAseq_Cortex_tRNA_2	0	bowtie2	random_single
Mus_musculus_MTtRNA-Thr-TGT	1961.0	1961	quantMtRNAseq_Cortex_tRNA_2	0	bowtie2	random_single
Mus_musculus_MTtRNA-Trp-TCA	1962.0	1961	quantMtRNAseq_Cortex_tRNA_2	0	bowtie2	random_single
Mus_musculus_MTtRNA-Tyr-GTA	1962.0	1961	quantMtRNAseq_Cortex_tRNA_2	0	bowtie2	random_single
Mus_musculus_MTtRNA-Val-TAC	1961.0	1961	quantMtRNAseq_Cortex_tRNA_2	0	bowtie2	random_single
Mus_musculus_tRNA-Ala-AGC	33470.0	39220	quantMtRNAseq_Cortex_tRNA_2	0	bowtie2	random_single
Mus_musculus_tRNA-Ala-CGC	20660.0	15688	quantMtRNAseq_Cortex_tRNA_2	0	bowtie2	random_single
Mus_musculus_tRNA-Ala-GGC	3362.0	3922	quantMtRNAseq_Cortex_tRNA_2	0	bowtie2	random_single
Mus_musculus_tRNA-Ala-TGC	15792.0	21571	quantMtRNAseq_Cortex_tRNA_2	0	bowtie2	random_single
Mus_musculus_tRNA-Arg-ACG	11661.0	11766	quantMtRNAseq_Cortex_tRNA_2	0	bowtie2	random_single
Mus_musculus_tRNA-Arg-CCG	6994.0	5883	quantMtRNAseq_Cortex_tRNA_2	0	bowtie2	random_single
Mus_musculus_tRNA-Arg-CCT	11217.0	9805	quantMtRNAseq_Cortex_tRNA_2	0	bowtie2	random_single
Mus_musculus_tRNA-Arg-TCG	8573.0	9805	quantMtRNAseq_Cortex_tRNA_2	0	bowtie2	random_single
Mus_musculus_tRNA-Arg-TCT	12151.0	13727	quantMtRNAseq_Cortex_tRNA_2	0	bowtie2	random_single
Mus_musculus_tRNA-Asn-ATT	2893.0	1961	quantMtRNAseq_Cortex_tRNA_2	0	bowtie2	random_single
Mus_musculus_tRNA-Asn-GTT	35349.0	35298	quantMtRNAseq_Cortex_tRNA_2	0	bowtie2	random_single
Mus_musculus_tRNA-Asp-ATC	1795.0	1961	quantMtRNAseq_Cortex_tRNA_2	0	bowtie2	random_single
Mus_musculus_tRNA-Asp-GTC	31424.0	31376	quantMtRNAseq_Cortex_tRNA_2	0	bowtie2	random_single
Mus_musculus_tRNA-Cys-ACA	329.0	0	quantMtRNAseq_Cortex_tRNA_2	0	bowtie2	random_single
Mus_musculus_tRNA-Cys-GCA	110371.0	113738	quantMtRNAseq_Cortex_tRNA_2	0	bowtie2	random_single
Mus_musculus_tRNA-Gln-CTG	15086.0	25493	quantMtRNAseq_Cortex_tRNA_2	0	bowtie2	random_single
Mus_musculus_tRNA-Gln-TTG	20986.0	11766	quantMtRNAseq_Cortex_tRNA_2	0	bowtie2	random_single
Mus_musculus_tRNA-Glu-CTC	25794.0	23532	quantMtRNAseq_Cortex_tRNA_2	0	bowtie2	random_single
Mus_musculus_tRNA-Glu-TTC	15647.0	17649	quantMtRNAseq_Cortex_tRNA_2	0	bowtie2	random_single
Mus_musculus_tRNA-Gly-ACC	27.0	1961	quantMtRNAseq_Cortex_tRNA_2	0	bowtie2	random_single
Mus_musculus_tRNA-Gly-CCC	13587.0	13727	quantMtRNAseq_Cortex_tRNA_2	0	bowtie2	random_single
Mus_musculus_tRNA-Gly-GCC	31461.0	31376	quantMtRNAseq_Cortex_tRNA_2	0	bowtie2	random_single
Mus_musculus_tRNA-Gly-TCC	19382.0	19610	quantMtRNAseq_Cortex_tRNA_2	0	bowtie2	random_single
Mus_musculus_tRNA-His-ATG	1934.0	1961	quantMtRNAseq_Cortex_tRNA_2	0	bowtie2	random_single
Mus_musculus_tRNA-His-GTG	18923.0	19610	quantMtRNAseq_Cortex_tRNA_2	0	bowtie2	random_single
Mus_musculus_tRNA-Ile-AAT	24932.0	25493	quantMtRNAseq_Cortex_tRNA_2	0	bowtie2	random_single
Mus_musculus_tRNA-Ile-GAT	1935.0	1961	quantMtRNAseq_Cortex_tRNA_2	0	bowtie2	random_single
Mus_musculus_tRNA-Ile-TAT	7802.0	7844	quantMtRNAseq_Cortex_tRNA_2	0	bowtie2	random_single
Mus_musculus_tRNA-Leu-AAG	13526.0	9805	quantMtRNAseq_Cortex_tRNA_2	0	bowtie2	random_single
Mus_musculus_tRNA-Leu-CAA	56.0	0	quantMtRNAseq_Cortex_tRNA_2	0	bowtie2	random_single
Mus_musculus_tRNA-Leu-CAG	20068.0	19610	quantMtRNAseq_Cortex_tRNA_2	0	bowtie2	random_single
Mus_musculus_tRNA-Leu-TAA	5023.0	5883	quantMtRNAseq_Cortex_tRNA_2	0	bowtie2	random_single
Mus_musculus_tRNA-Leu-TAG	2867.0	7844	quantMtRNAseq_Cortex_tRNA_2	0	bowtie2	random_single
Mus_musculus_tRNA-Lys-CTT	64014.0	64713	quantMtRNAseq_Cortex_tRNA_2	0	bowtie2	random_single
Mus_musculus_tRNA-Lys-TTT	26358.0	27454	quantMtRNAseq_Cortex_tRNA_2	0	bowtie2	random_single
Mus_musculus_tRNA-Met-CAT	29189.0	29415	quantMtRNAseq_Cortex_tRNA_2	0	bowtie2	random_single
Mus_musculus_tRNA-Phe-GAA	17140.0	15688	quantMtRNAseq_Cortex_tRNA_2	0	bowtie2	random_single
Mus_musculus_tRNA-Pro-AGG	24550.0	13727	quantMtRNAseq_Cortex_tRNA_2	0	bowtie2	random_single
Mus_musculus_tRNA-Pro-CGG	1585.0	5883	quantMtRNAseq_Cortex_tRNA_2	0	bowtie2	random_single
Mus_musculus_tRNA-Pro-GGG	14.0	0	quantMtRNAseq_Cortex_tRNA_2	0	bowtie2	random_single
Mus_musculus_tRNA-Pro-TGG	7916.0	15688	quantMtRNAseq_Cortex_tRNA_2	0	bowtie2	random_single
Mus_musculus_tRNA-SeC-TCA	1961.0	1961	quantMtRNAseq_Cortex_tRNA_2	0	bowtie2	random_single
Mus_musculus_tRNA-Ser-ACT	23.0	0	quantMtRNAseq_Cortex_tRNA_2	0	bowtie2	random_single
Mus_musculus_tRNA-Ser-AGA	18855.0	17649	quantMtRNAseq_Cortex_tRNA_2	0	bowtie2	random_single
Mus_musculus_tRNA-Ser-CGA	5690.0	7844	quantMtRNAseq_Cortex_tRNA_2	0	bowtie2	random_single
Mus_musculus_tRNA-Ser-GCT	24518.0	33337	quantMtRNAseq_Cortex_tRNA_2	0	bowtie2	random_single
Mus_musculus_tRNA-Ser-GGA	128.0	1961	quantMtRNAseq_Cortex_tRNA_2	0	bowtie2	random_single
Mus_musculus_tRNA-Ser-TGA	4208.0	7844	quantMtRNAseq_Cortex_tRNA_2	0	bowtie2	random_single
Mus_musculus_tRNA-Sup-TCA	1911.0	1961	quantMtRNAseq_Cortex_tRNA_2	0	bowtie2	random_single
Mus_musculus_tRNA-Sup-TTA	2642.0	1961	quantMtRNAseq_Cortex_tRNA_2	0	bowtie2	random_single
Mus_musculus_tRNA-Thr-AGT	18270.0	19610	quantMtRNAseq_Cortex_tRNA_2	0	bowtie2	random_single
Mus_musculus_tRNA-Thr-CGT	10055.0	9805	quantMtRNAseq_Cortex_tRNA_2	0	bowtie2	random_single
Mus_musculus_tRNA-Thr-GGT	6555.0	3922	quantMtRNAseq_Cortex_tRNA_2	0	bowtie2	random_single
Mus_musculus_tRNA-Thr-TGT	8240.0	9805	quantMtRNAseq_Cortex_tRNA_2	0	bowtie2	random_single
Mus_musculus_tRNA-Trp-CCA	15283.0	15688	quantMtRNAseq_Cortex_tRNA_2	0	bowtie2	random_single
Mus_musculus_tRNA-Tyr-GTA	19568.0	19610	quantMtRNAseq_Cortex_tRNA_2	0	bowtie2	random_single
Mus_musculus_tRNA-Und-NNN	1706.0	0	quantMtRNAseq_Cortex_tRNA_2	0	bowtie2	random_single
Mus_musculus_tRNA-Val-AAC	22794.0	17649	quantMtRNAseq_Cortex_tRNA_2	0	bowtie2	random_single
Mus_musculus_tRNA-Val-CAC	19922.0	23532	quantMtRNAseq_Cortex_tRNA_2	0	bowtie2	random_single
Mus_musculus_tRNA-Val-GAC	1822.0	1961	quantMtRNAseq_Cortex_tRNA_2	0	bowtie2	random_single
Mus_musculus_tRNA-Val-TAC	5870.0	5883	quantMtRNAseq_Cortex_tRNA_2	0	bowtie2	random_single
Mus_musculus_tRNA-iMet-CAT	21374.0	21571	quantMtRNAseq_Cortex_tRNA_2	0	bowtie2	random_single
Escherichia_coli_str_K_12_substr_MG1655_tRNA-eColiLys-TTT	5.0	0	quantMtRNAseq_Cortex_tRNA_2	0	shrimp	random_single
Mus_musculus_MTtRNA-Ala-TGC	1946.0	1961	quantMtRNAseq_Cortex_tRNA_2	0	shrimp	random_single
Mus_musculus_MTtRNA-Arg-TCG	1949.0	1961	quantMtRNAseq_Cortex_tRNA_2	0	shrimp	random_single
Mus_musculus_MTtRNA-Asn-GTT	1921.0	1961	quantMtRNAseq_Cortex_tRNA_2	0	shrimp	random_single
Mus_musculus_MTtRNA-Asp-GTC	1932.0	1961	quantMtRNAseq_Cortex_tRNA_2	0	shrimp	random_single
Mus_musculus_MTtRNA-Cys-GCA	1948.0	1961	quantMtRNAseq_Cortex_tRNA_2	0	shrimp	random_single
Mus_musculus_MTtRNA-Gln-TTG	1927.0	1961	quantMtRNAseq_Cortex_tRNA_2	0	shrimp	random_single
Mus_musculus_MTtRNA-Glu-TTC	1954.0	1961	quantMtRNAseq_Cortex_tRNA_2	0	shrimp	random_single
Mus_musculus_MTtRNA-Gly-TCC	1950.0	1961	quantMtRNAseq_Cortex_tRNA_2	0	shrimp	random_single
Mus_musculus_MTtRNA-His-GTG	1939.0	1961	quantMtRNAseq_Cortex_tRNA_2	0	shrimp	random_single
Mus_musculus_MTtRNA-Ile-GAT	1932.0	1961	quantMtRNAseq_Cortex_tRNA_2	0	shrimp	random_single
Mus_musculus_MTtRNA-Leu1-TAG	1936.0	1961	quantMtRNAseq_Cortex_tRNA_2	0	shrimp	random_single
Mus_musculus_MTtRNA-Leu2-TAA	1949.0	1961	quantMtRNAseq_Cortex_tRNA_2	0	shrimp	random_single
Mus_musculus_MTtRNA-Lys-TTT	1933.0	1961	quantMtRNAseq_Cortex_tRNA_2	0	shrimp	random_single
Mus_musculus_MTtRNA-Met-CAT	1928.0	1961	quantMtRNAseq_Cortex_tRNA_2	0	shrimp	random_single
Mus_musculus_MTtRNA-Phe-GAA	1948.0	1961	quantMtRNAseq_Cortex_tRNA_2	0	shrimp	random_single
Mus_musculus_MTtRNA-Pro-TGG	1936.0	1961	quantMtRNAseq_Cortex_tRNA_2	0	shrimp	random_single
Mus_musculus_MTtRNA-Ser1-GCT	1917.0	1961	quantMtRNAseq_Cortex_tRNA_2	0	shrimp	random_single
Mus_musculus_MTtRNA-Ser2-TGA	1952.0	1961	quantMtRNAseq_Cortex_tRNA_2	0	shrimp	random_single
Mus_musculus_MTtRNA-Thr-TGT	1954.0	1961	quantMtRNAseq_Cortex_tRNA_2	0	shrimp	random_single
Mus_musculus_MTtRNA-Trp-TCA	1900.0	1961	quantMtRNAseq_Cortex_tRNA_2	0	shrimp	random_single
Mus_musculus_MTtRNA-Tyr-GTA	1951.0	1961	quantMtRNAseq_Cortex_tRNA_2	0	shrimp	random_single
Mus_musculus_MTtRNA-Val-TAC	1950.0	1961	quantMtRNAseq_Cortex_tRNA_2	0	shrimp	random_single
Mus_musculus_tRNA-Ala-AGC	22451.0	39220	quantMtRNAseq_Cortex_tRNA_2	0	shrimp	random_single
Mus_musculus_tRNA-Ala-CGC	7104.0	15688	quantMtRNAseq_Cortex_tRNA_2	0	shrimp	random_single
Mus_musculus_tRNA-Ala-GGC	0.0	3922	quantMtRNAseq_Cortex_tRNA_2	0	shrimp	random_single
Mus_musculus_tRNA-Ala-TGC	11629.0	21571	quantMtRNAseq_Cortex_tRNA_2	0	shrimp	random_single
Mus_musculus_tRNA-Arg-ACG	9086.0	11766	quantMtRNAseq_Cortex_tRNA_2	0	shrimp	random_single
Mus_musculus_tRNA-Arg-CCG	5475.0	5883	quantMtRNAseq_Cortex_tRNA_2	0	shrimp	random_single
Mus_musculus_tRNA-Arg-CCT	9746.0	9805	quantMtRNAseq_Cortex_tRNA_2	0	shrimp	random_single
Mus_musculus_tRNA-Arg-TCG	7497.0	9805	quantMtRNAseq_Cortex_tRNA_2	0	shrimp	random_single
Mus_musculus_tRNA-Arg-TCT	10373.0	13727	quantMtRNAseq_Cortex_tRNA_2	0	shrimp	random_single
Mus_musculus_tRNA-Asn-ATT	2.0	1961	quantMtRNAseq_Cortex_tRNA_2	0	shrimp	random_single
Mus_musculus_tRNA-Asn-GTT	31383.0	35298	quantMtRNAseq_Cortex_tRNA_2	0	shrimp	random_single
Mus_musculus_tRNA-Asp-ATC	0.0	1961	quantMtRNAseq_Cortex_tRNA_2	0	shrimp	random_single
Mus_musculus_tRNA-Asp-GTC	31203.0	31376	quantMtRNAseq_Cortex_tRNA_2	0	shrimp	random_single
Mus_musculus_tRNA-Cys-ACA	0.0	0	quantMtRNAseq_Cortex_tRNA_2	0	shrimp	random_single
Mus_musculus_tRNA-Cys-GCA	30408.0	113738	quantMtRNAseq_Cortex_tRNA_2	0	shrimp	random_single
Mus_musculus_tRNA-Gln-CTG	3815.0	25493	quantMtRNAseq_Cortex_tRNA_2	0	shrimp	random_single
Mus_musculus_tRNA-Gln-TTG	3361.0	11766	quantMtRNAseq_Cortex_tRNA_2	0	shrimp	random_single
Mus_musculus_tRNA-Glu-CTC	19559.0	23532	quantMtRNAseq_Cortex_tRNA_2	0	shrimp	random_single
Mus_musculus_tRNA-Glu-TTC	16926.0	17649	quantMtRNAseq_Cortex_tRNA_2	0	shrimp	random_single
Mus_musculus_tRNA-Gly-ACC	21.0	1961	quantMtRNAseq_Cortex_tRNA_2	0	shrimp	random_single
Mus_musculus_tRNA-Gly-CCC	13451.0	13727	quantMtRNAseq_Cortex_tRNA_2	0	shrimp	random_single
Mus_musculus_tRNA-Gly-GCC	29282.0	31376	quantMtRNAseq_Cortex_tRNA_2	0	shrimp	random_single
Mus_musculus_tRNA-Gly-TCC	15554.0	19610	quantMtRNAseq_Cortex_tRNA_2	0	shrimp	random_single
Mus_musculus_tRNA-His-ATG	1457.0	1961	quantMtRNAseq_Cortex_tRNA_2	0	shrimp	random_single
Mus_musculus_tRNA-His-GTG	5925.0	19610	quantMtRNAseq_Cortex_tRNA_2	0	shrimp	random_single
Mus_musculus_tRNA-Ile-AAT	13142.0	25493	quantMtRNAseq_Cortex_tRNA_2	0	shrimp	random_single
Mus_musculus_tRNA-Ile-GAT	498.0	1961	quantMtRNAseq_Cortex_tRNA_2	0	shrimp	random_single
Mus_musculus_tRNA-Ile-TAT	6626.0	7844	quantMtRNAseq_Cortex_tRNA_2	0	shrimp	random_single
Mus_musculus_tRNA-Leu-AAG	2660.0	9805	quantMtRNAseq_Cortex_tRNA_2	0	shrimp	random_single
Mus_musculus_tRNA-Leu-CAA	0.0	0	quantMtRNAseq_Cortex_tRNA_2	0	shrimp	random_single
Mus_musculus_tRNA-Leu-CAG	7054.0	19610	quantMtRNAseq_Cortex_tRNA_2	0	shrimp	random_single
Mus_musculus_tRNA-Leu-TAA	2086.0	5883	quantMtRNAseq_Cortex_tRNA_2	0	shrimp	random_single
Mus_musculus_tRNA-Leu-TAG	2279.0	7844	quantMtRNAseq_Cortex_tRNA_2	0	shrimp	random_single
Mus_musculus_tRNA-Lys-CTT	60069.0	64713	quantMtRNAseq_Cortex_tRNA_2	0	shrimp	random_single
Mus_musculus_tRNA-Lys-TTT	22851.0	27454	quantMtRNAseq_Cortex_tRNA_2	0	shrimp	random_single
Mus_musculus_tRNA-Met-CAT	17663.0	29415	quantMtRNAseq_Cortex_tRNA_2	0	shrimp	random_single
Mus_musculus_tRNA-Phe-GAA	9031.0	15688	quantMtRNAseq_Cortex_tRNA_2	0	shrimp	random_single
Mus_musculus_tRNA-Pro-AGG	2992.0	13727	quantMtRNAseq_Cortex_tRNA_2	0	shrimp	random_single
Mus_musculus_tRNA-Pro-CGG	1585.0	5883	quantMtRNAseq_Cortex_tRNA_2	0	shrimp	random_single
Mus_musculus_tRNA-Pro-GGG	0.0	0	quantMtRNAseq_Cortex_tRNA_2	0	shrimp	random_single
Mus_musculus_tRNA-Pro-TGG	3241.0	15688	quantMtRNAseq_Cortex_tRNA_2	0	shrimp	random_single
Mus_musculus_tRNA-SeC-TCA	1843.0	1961	quantMtRNAseq_Cortex_tRNA_2	0	shrimp	random_single
Mus_musculus_tRNA-Ser-ACT	4.0	0	quantMtRNAseq_Cortex_tRNA_2	0	shrimp	random_single
Mus_musculus_tRNA-Ser-AGA	2703.0	17649	quantMtRNAseq_Cortex_tRNA_2	0	shrimp	random_single
Mus_musculus_tRNA-Ser-CGA	1109.0	7844	quantMtRNAseq_Cortex_tRNA_2	0	shrimp	random_single
Mus_musculus_tRNA-Ser-GCT	9291.0	33337	quantMtRNAseq_Cortex_tRNA_2	0	shrimp	random_single
Mus_musculus_tRNA-Ser-GGA	129.0	1961	quantMtRNAseq_Cortex_tRNA_2	0	shrimp	random_single
Mus_musculus_tRNA-Ser-TGA	1728.0	7844	quantMtRNAseq_Cortex_tRNA_2	0	shrimp	random_single
Mus_musculus_tRNA-Sup-TCA	1895.0	1961	quantMtRNAseq_Cortex_tRNA_2	0	shrimp	random_single
Mus_musculus_tRNA-Sup-TTA	4.0	1961	quantMtRNAseq_Cortex_tRNA_2	0	shrimp	random_single
Mus_musculus_tRNA-Thr-AGT	9116.0	19610	quantMtRNAseq_Cortex_tRNA_2	0	shrimp	random_single
Mus_musculus_tRNA-Thr-CGT	1736.0	9805	quantMtRNAseq_Cortex_tRNA_2	0	shrimp	random_single
Mus_musculus_tRNA-Thr-GGT	7.0	3922	quantMtRNAseq_Cortex_tRNA_2	0	shrimp	random_single
Mus_musculus_tRNA-Thr-TGT	4766.0	9805	quantMtRNAseq_Cortex_tRNA_2	0	shrimp	random_single
Mus_musculus_tRNA-Trp-CCA	5793.0	15688	quantMtRNAseq_Cortex_tRNA_2	0	shrimp	random_single
Mus_musculus_tRNA-Tyr-GTA	17886.0	19610	quantMtRNAseq_Cortex_tRNA_2	0	shrimp	random_single
Mus_musculus_tRNA-Und-NNN	13.0	0	quantMtRNAseq_Cortex_tRNA_2	0	shrimp	random_single
Mus_musculus_tRNA-Val-AAC	7136.0	17649	quantMtRNAseq_Cortex_tRNA_2	0	shrimp	random_single
Mus_musculus_tRNA-Val-CAC	14455.0	23532	quantMtRNAseq_Cortex_tRNA_2	0	shrimp	random_single
Mus_musculus_tRNA-Val-GAC	0.0	1961	quantMtRNAseq_Cortex_tRNA_2	0	shrimp	random_single
Mus_musculus_tRNA-Val-TAC	5588.0	5883	quantMtRNAseq_Cortex_tRNA_2	0	shrimp	random_single
Mus_musculus_tRNA-iMet-CAT	17113.0	21571	quantMtRNAseq_Cortex_tRNA_2	0	shrimp	random_single
Escherichia_coli_str_K_12_substr_MG1655_tRNA-eColiLys-TTT	12.0	0	quantMtRNAseq_Cortex_tRNA_3	0	bowtie2	random_single
Mus_musculus_MTtRNA-Ala-TGC	1961.0	1961	quantMtRNAseq_Cortex_tRNA_3	0	bowtie2	random_single
Mus_musculus_MTtRNA-Arg-TCG	1961.0	1961	quantMtRNAseq_Cortex_tRNA_3	0	bowtie2	random_single
Mus_musculus_MTtRNA-Asn-GTT	1961.0	1961	quantMtRNAseq_Cortex_tRNA_3	0	bowtie2	random_single
Mus_musculus_MTtRNA-Asp-GTC	1960.0	1961	quantMtRNAseq_Cortex_tRNA_3	0	bowtie2	random_single
Mus_musculus_MTtRNA-Cys-GCA	1961.0	1961	quantMtRNAseq_Cortex_tRNA_3	0	bowtie2	random_single
Mus_musculus_MTtRNA-Gln-TTG	1963.0	1961	quantMtRNAseq_Cortex_tRNA_3	0	bowtie2	random_single
Mus_musculus_MTtRNA-Glu-TTC	1961.0	1961	quantMtRNAseq_Cortex_tRNA_3	0	bowtie2	random_single
Mus_musculus_MTtRNA-Gly-TCC	1961.0	1961	quantMtRNAseq_Cortex_tRNA_3	0	bowtie2	random_single
Mus_musculus_MTtRNA-His-GTG	1961.0	1961	quantMtRNAseq_Cortex_tRNA_3	0	bowtie2	random_single
Mus_musculus_MTtRNA-Ile-GAT	1961.0	1961	quantMtRNAseq_Cortex_tRNA_3	0	bowtie2	random_single
Mus_musculus_MTtRNA-Leu1-TAG	1961.0	1961	quantMtRNAseq_Cortex_tRNA_3	0	bowtie2	random_single
Mus_musculus_MTtRNA-Leu2-TAA	1961.0	1961	quantMtRNAseq_Cortex_tRNA_3	0	bowtie2	random_single
Mus_musculus_MTtRNA-Lys-TTT	1961.0	1961	quantMtRNAseq_Cortex_tRNA_3	0	bowtie2	random_single
Mus_musculus_MTtRNA-Met-CAT	1961.0	1961	quantMtRNAseq_Cortex_tRNA_3	0	bowtie2	random_single
Mus_musculus_MTtRNA-Phe-GAA	1961.0	1961	quantMtRNAseq_Cortex_tRNA_3	0	bowtie2	random_single
Mus_musculus_MTtRNA-Pro-TGG	1961.0	1961	quantMtRNAseq_Cortex_tRNA_3	0	bowtie2	random_single
Mus_musculus_MTtRNA-Ser1-GCT	1961.0	1961	quantMtRNAseq_Cortex_tRNA_3	0	bowtie2	random_single
Mus_musculus_MTtRNA-Ser2-TGA	1970.0	1961	quantMtRNAseq_Cortex_tRNA_3	0	bowtie2	random_single
Mus_musculus_MTtRNA-Thr-TGT	1961.0	1961	quantMtRNAseq_Cortex_tRNA_3	0	bowtie2	random_single
Mus_musculus_MTtRNA-Trp-TCA	1959.0	1961	quantMtRNAseq_Cortex_tRNA_3	0	bowtie2	random_single
Mus_musculus_MTtRNA-Tyr-GTA	1963.0	1961	quantMtRNAseq_Cortex_tRNA_3	0	bowtie2	random_single
Mus_musculus_MTtRNA-Val-TAC	1959.0	1961	quantMtRNAseq_Cortex_tRNA_3	0	bowtie2	random_single
Mus_musculus_tRNA-Ala-AGC	35376.0	39220	quantMtRNAseq_Cortex_tRNA_3	0	bowtie2	random_single
Mus_musculus_tRNA-Ala-CGC	19118.0	15688	quantMtRNAseq_Cortex_tRNA_3	0	bowtie2	random_single
Mus_musculus_tRNA-Ala-GGC	3235.0	3922	quantMtRNAseq_Cortex_tRNA_3	0	bowtie2	random_single
Mus_musculus_tRNA-Ala-TGC	18003.0	21571	quantMtRNAseq_Cortex_tRNA_3	0	bowtie2	random_single
Mus_musculus_tRNA-Arg-ACG	11683.0	11766	quantMtRNAseq_Cortex_tRNA_3	0	bowtie2	random_single
Mus_musculus_tRNA-Arg-CCG	6949.0	5883	quantMtRNAseq_Cortex_tRNA_3	0	bowtie2	random_single
Mus_musculus_tRNA-Arg-CCT	10943.0	9805	quantMtRNAseq_Cortex_tRNA_3	0	bowtie2	random_single
Mus_musculus_tRNA-Arg-TCG	8660.0	9805	quantMtRNAseq_Cortex_tRNA_3	0	bowtie2	random_single
Mus_musculus_tRNA-Arg-TCT	12961.0	13727	quantMtRNAseq_Cortex_tRNA_3	0	bowtie2	random_single
Mus_musculus_tRNA-Asn-ATT	2188.0	1961	quantMtRNAseq_Cortex_tRNA_3	0	bowtie2	random_single
Mus_musculus_tRNA-Asn-GTT	36133.0	35298	quantMtRNAseq_Cortex_tRNA_3	0	bowtie2	random_single
Mus_musculus_tRNA-Asp-ATC	903.0	1961	quantMtRNAseq_Cortex_tRNA_3	0	bowtie2	random_single
Mus_musculus_tRNA-Asp-GTC	32397.0	31376	quantMtRNAseq_Cortex_tRNA_3	0	bowtie2	random_single
Mus_musculus_tRNA-Cys-ACA	458.0	0	quantMtRNAseq_Cortex_tRNA_3	0	bowtie2	random_single
Mus_musculus_tRNA-Cys-GCA	110323.0	113738	quantMtRNAseq_Cortex_tRNA_3	0	bowtie2	random_single
Mus_musculus_tRNA-Gln-CTG	31004.0	25493	quantMtRNAseq_Cortex_tRNA_3	0	bowtie2	random_single
Mus_musculus_tRNA-Gln-TTG	5136.0	11766	quantMtRNAseq_Cortex_tRNA_3	0	bowtie2	random_single
Mus_musculus_tRNA-Glu-CTC	23101.0	23532	quantMtRNAseq_Cortex_tRNA_3	0	bowtie2	random_single
Mus_musculus_tRNA-Glu-TTC	16961.0	17649	quantMtRNAseq_Cortex_tRNA_3	0	bowtie2	random_single
Mus_musculus_tRNA-Gly-ACC	37.0	1961	quantMtRNAseq_Cortex_tRNA_3	0	bowtie2	random_single
Mus_musculus_tRNA-Gly-CCC	13970.0	13727	quantMtRNAseq_Cortex_tRNA_3	0	bowtie2	random_single
Mus_musculus_tRNA-Gly-GCC	31024.0	31376	quantMtRNAseq_Cortex_tRNA_3	0	bowtie2	random_single
Mus_musculus_tRNA-Gly-TCC	19299.0	19610	quantMtRNAseq_Cortex_tRNA_3	0	bowtie2	random_single
Mus_musculus_tRNA-His-ATG	1989.0	1961	quantMtRNAseq_Cortex_tRNA_3	0	bowtie2	random_single
Mus_musculus_tRNA-His-GTG	18909.0	19610	quantMtRNAseq_Cortex_tRNA_3	0	bowtie2	random_single
Mus_musculus_tRNA-Ile-AAT	25061.0	25493	quantMtRNAseq_Cortex_tRNA_3	0	bowtie2	random_single
Mus_musculus_tRNA-Ile-GAT	1949.0	1961	quantMtRNAseq_Cortex_tRNA_3	0	bowtie2	random_single
Mus_musculus_tRNA-Ile-TAT	7797.0	7844	quantMtRNAseq_Cortex_tRNA_3	0	bowtie2	random_single
Mus_musculus_tRNA-Leu-AAG	8893.0	9805	quantMtRNAseq_Cortex_tRNA_3	0	bowtie2	random_single
Mus_musculus_tRNA-Leu-CAA	91.0	0	quantMtRNAseq_Cortex_tRNA_3	0	bowtie2	random_single
Mus_musculus_tRNA-Leu-CAG	18498.0	19610	quantMtRNAseq_Cortex_tRNA_3	0	bowtie2	random_single
Mus_musculus_tRNA-Leu-TAA	4962.0	5883	quantMtRNAseq_Cortex_tRNA_3	0	bowtie2	random_single
Mus_musculus_tRNA-Leu-TAG	8069.0	7844	quantMtRNAseq_Cortex_tRNA_3	0	bowtie2	random_single
Mus_musculus_tRNA-Lys-CTT	64636.0	64713	quantMtRNAseq_Cortex_tRNA_3	0	bowtie2	random_single
Mus_musculus_tRNA-Lys-TTT	27077.0	27454	quantMtRNAseq_Cortex_tRNA_3	0	bowtie2	random_single
Mus_musculus_tRNA-Met-CAT	32129.0	29415	quantMtRNAseq_Cortex_tRNA_3	0	bowtie2	random_single
Mus_musculus_tRNA-Phe-GAA	17115.0	15688	quantMtRNAseq_Cortex_tRNA_3	0	bowtie2	random_single
Mus_musculus_tRNA-Pro-AGG	14422.0	13727	quantMtRNAseq_Cortex_tRNA_3	0	bowtie2	random_single
Mus_musculus_tRNA-Pro-CGG	1269.0	5883	quantMtRNAseq_Cortex_tRNA_3	0	bowtie2	random_single
Mus_musculus_tRNA-Pro-GGG	28.0	0	quantMtRNAseq_Cortex_tRNA_3	0	bowtie2	random_single
Mus_musculus_tRNA-Pro-TGG	18253.0	15688	quantMtRNAseq_Cortex_tRNA_3	0	bowtie2	random_single
Mus_musculus_tRNA-SeC-TCA	1964.0	1961	quantMtRNAseq_Cortex_tRNA_3	0	bowtie2	random_single
Mus_musculus_tRNA-Ser-ACT	17.0	0	quantMtRNAseq_Cortex_tRNA_3	0	bowtie2	random_single
Mus_musculus_tRNA-Ser-AGA	18381.0	17649	quantMtRNAseq_Cortex_tRNA_3	0	bowtie2	random_single
Mus_musculus_tRNA-Ser-CGA	6625.0	7844	quantMtRNAseq_Cortex_tRNA_3	0	bowtie2	random_single
Mus_musculus_tRNA-Ser-GCT	24955.0	33337	quantMtRNAseq_Cortex_tRNA_3	0	bowtie2	random_single
Mus_musculus_tRNA-Ser-GGA	134.0	1961	quantMtRNAseq_Cortex_tRNA_3	0	bowtie2	random_single
Mus_musculus_tRNA-Ser-TGA	4988.0	7844	quantMtRNAseq_Cortex_tRNA_3	0	bowtie2	random_single
Mus_musculus_tRNA-Sup-TCA	1958.0	1961	quantMtRNAseq_Cortex_tRNA_3	0	bowtie2	random_single
Mus_musculus_tRNA-Sup-TTA	2669.0	1961	quantMtRNAseq_Cortex_tRNA_3	0	bowtie2	random_single
Mus_musculus_tRNA-Thr-AGT	18502.0	19610	quantMtRNAseq_Cortex_tRNA_3	0	bowtie2	random_single
Mus_musculus_tRNA-Thr-CGT	7840.0	9805	quantMtRNAseq_Cortex_tRNA_3	0	bowtie2	random_single
Mus_musculus_tRNA-Thr-GGT	3914.0	3922	quantMtRNAseq_Cortex_tRNA_3	0	bowtie2	random_single
Mus_musculus_tRNA-Thr-TGT	9570.0	9805	quantMtRNAseq_Cortex_tRNA_3	0	bowtie2	random_single
Mus_musculus_tRNA-Trp-CCA	15221.0	15688	quantMtRNAseq_Cortex_tRNA_3	0	bowtie2	random_single
Mus_musculus_tRNA-Tyr-GTA	19550.0	19610	quantMtRNAseq_Cortex_tRNA_3	0	bowtie2	random_single
Mus_musculus_tRNA-Und-NNN	2346.0	0	quantMtRNAseq_Cortex_tRNA_3	0	bowtie2	random_single
Mus_musculus_tRNA-Val-AAC	16360.0	17649	quantMtRNAseq_Cortex_tRNA_3	0	bowtie2	random_single
Mus_musculus_tRNA-Val-CAC	26067.0	23532	quantMtRNAseq_Cortex_tRNA_3	0	bowtie2	random_single
Mus_musculus_tRNA-Val-GAC	1884.0	1961	quantMtRNAseq_Cortex_tRNA_3	0	bowtie2	random_single
Mus_musculus_tRNA-Val-TAC	5878.0	5883	quantMtRNAseq_Cortex_tRNA_3	0	bowtie2	random_single
Mus_musculus_tRNA-iMet-CAT	21373.0	21571	quantMtRNAseq_Cortex_tRNA_3	0	bowtie2	random_single
Escherichia_coli_str_K_12_substr_MG1655_tRNA-eColiLys-TTT	0.0	0	quantMtRNAseq_Cortex_tRNA_3	0	shrimp	random_single
Mus_musculus_MTtRNA-Ala-TGC	1954.0	1961	quantMtRNAseq_Cortex_tRNA_3	0	shrimp	random_single
Mus_musculus_MTtRNA-Arg-TCG	1944.0	1961	quantMtRNAseq_Cortex_tRNA_3	0	shrimp	random_single
Mus_musculus_MTtRNA-Asn-GTT	1939.0	1961	quantMtRNAseq_Cortex_tRNA_3	0	shrimp	random_single
Mus_musculus_MTtRNA-Asp-GTC	1936.0	1961	quantMtRNAseq_Cortex_tRNA_3	0	shrimp	random_single
Mus_musculus_MTtRNA-Cys-GCA	1950.0	1961	quantMtRNAseq_Cortex_tRNA_3	0	shrimp	random_single
Mus_musculus_MTtRNA-Gln-TTG	1948.0	1961	quantMtRNAseq_Cortex_tRNA_3	0	shrimp	random_single
Mus_musculus_MTtRNA-Glu-TTC	1954.0	1961	quantMtRNAseq_Cortex_tRNA_3	0	shrimp	random_single
Mus_musculus_MTtRNA-Gly-TCC	1955.0	1961	quantMtRNAseq_Cortex_tRNA_3	0	shrimp	random_single
Mus_musculus_MTtRNA-His-GTG	1945.0	1961	quantMtRNAseq_Cortex_tRNA_3	0	shrimp	random_single
Mus_musculus_MTtRNA-Ile-GAT	1925.0	1961	quantMtRNAseq_Cortex_tRNA_3	0	shrimp	random_single
Mus_musculus_MTtRNA-Leu1-TAG	1952.0	1961	quantMtRNAseq_Cortex_tRNA_3	0	shrimp	random_single
Mus_musculus_MTtRNA-Leu2-TAA	1957.0	1961	quantMtRNAseq_Cortex_tRNA_3	0	shrimp	random_single
Mus_musculus_MTtRNA-Lys-TTT	1946.0	1961	quantMtRNAseq_Cortex_tRNA_3	0	shrimp	random_single
Mus_musculus_MTtRNA-Met-CAT	1936.0	1961	quantMtRNAseq_Cortex_tRNA_3	0	shrimp	random_single
Mus_musculus_MTtRNA-Phe-GAA	1949.0	1961	quantMtRNAseq_Cortex_tRNA_3	0	shrimp	random_single
Mus_musculus_MTtRNA-Pro-TGG	1945.0	1961	quantMtRNAseq_Cortex_tRNA_3	0	shrimp	random_single
Mus_musculus_MTtRNA-Ser1-GCT	1930.0	1961	quantMtRNAseq_Cortex_tRNA_3	0	shrimp	random_single
Mus_musculus_MTtRNA-Ser2-TGA	1946.0	1961	quantMtRNAseq_Cortex_tRNA_3	0	shrimp	random_single
Mus_musculus_MTtRNA-Thr-TGT	1959.0	1961	quantMtRNAseq_Cortex_tRNA_3	0	shrimp	random_single
Mus_musculus_MTtRNA-Trp-TCA	1870.0	1961	quantMtRNAseq_Cortex_tRNA_3	0	shrimp	random_single
Mus_musculus_MTtRNA-Tyr-GTA	1938.0	1961	quantMtRNAseq_Cortex_tRNA_3	0	shrimp	random_single
Mus_musculus_MTtRNA-Val-TAC	1944.0	1961	quantMtRNAseq_Cortex_tRNA_3	0	shrimp	random_single
Mus_musculus_tRNA-Ala-AGC	22948.0	39220	quantMtRNAseq_Cortex_tRNA_3	0	shrimp	random_single
Mus_musculus_tRNA-Ala-CGC	6709.0	15688	quantMtRNAseq_Cortex_tRNA_3	0	shrimp	random_single
Mus_musculus_tRNA-Ala-GGC	0.0	3922	quantMtRNAseq_Cortex_tRNA_3	0	shrimp	random_single
Mus_musculus_tRNA-Ala-TGC	12967.0	21571	quantMtRNAseq_Cortex_tRNA_3	0	shrimp	random_single
Mus_musculus_tRNA-Arg-ACG	10702.0	11766	quantMtRNAseq_Cortex_tRNA_3	0	shrimp	random_single
Mus_musculus_tRNA-Arg-CCG	5385.0	5883	quantMtRNAseq_Cortex_tRNA_3	0	shrimp	random_single
Mus_musculus_tRNA-Arg-CCT	9750.0	9805	quantMtRNAseq_Cortex_tRNA_3	0	shrimp	random_single
Mus_musculus_tRNA-Arg-TCG	8433.0	9805	quantMtRNAseq_Cortex_tRNA_3	0	shrimp	random_single
Mus_musculus_tRNA-Arg-TCT	10498.0	13727	quantMtRNAseq_Cortex_tRNA_3	0	shrimp	random_single
Mus_musculus_tRNA-Asn-ATT	654.0	1961	quantMtRNAseq_Cortex_tRNA_3	0	shrimp	random_single
Mus_musculus_tRNA-Asn-GTT	32857.0	35298	quantMtRNAseq_Cortex_tRNA_3	0	shrimp	random_single
Mus_musculus_tRNA-Asp-ATC	1.0	1961	quantMtRNAseq_Cortex_tRNA_3	0	shrimp	random_single
Mus_musculus_tRNA-Asp-GTC	31272.0	31376	quantMtRNAseq_Cortex_tRNA_3	0	shrimp	random_single
Mus_musculus_tRNA-Cys-ACA	0.0	0	quantMtRNAseq_Cortex_tRNA_3	0	shrimp	random_single
Mus_musculus_tRNA-Cys-GCA	26625.0	113738	quantMtRNAseq_Cortex_tRNA_3	0	shrimp	random_single
Mus_musculus_tRNA-Gln-CTG	4527.0	25493	quantMtRNAseq_Cortex_tRNA_3	0	shrimp	random_single
Mus_musculus_tRNA-Gln-TTG	3820.0	11766	quantMtRNAseq_Cortex_tRNA_3	0	shrimp	random_single
Mus_musculus_tRNA-Glu-CTC	20360.0	23532	quantMtRNAseq_Cortex_tRNA_3	0	shrimp	random_single
Mus_musculus_tRNA-Glu-TTC	16569.0	17649	quantMtRNAseq_Cortex_tRNA_3	0	shrimp	random_single
Mus_musculus_tRNA-Gly-ACC	23.0	1961	quantMtRNAseq_Cortex_tRNA_3	0	shrimp	random_single
Mus_musculus_tRNA-Gly-CCC	13722.0	13727	quantMtRNAseq_Cortex_tRNA_3	0	shrimp	random_single
Mus_musculus_tRNA-Gly-GCC	29037.0	31376	quantMtRNAseq_Cortex_tRNA_3	0	shrimp	random_single
Mus_musculus_tRNA-Gly-TCC	15586.0	19610	quantMtRNAseq_Cortex_tRNA_3	0	shrimp	random_single
Mus_musculus_tRNA-His-ATG	1588.0	1961	quantMtRNAseq_Cortex_tRNA_3	0	shrimp	random_single
Mus_musculus_tRNA-His-GTG	4607.0	19610	quantMtRNAseq_Cortex_tRNA_3	0	shrimp	random_single
Mus_musculus_tRNA-Ile-AAT	14213.0	25493	quantMtRNAseq_Cortex_tRNA_3	0	shrimp	random_single
Mus_musculus_tRNA-Ile-GAT	734.0	1961	quantMtRNAseq_Cortex_tRNA_3	0	shrimp	random_single
Mus_musculus_tRNA-Ile-TAT	6576.0	7844	quantMtRNAseq_Cortex_tRNA_3	0	shrimp	random_single
Mus_musculus_tRNA-Leu-AAG	1587.0	9805	quantMtRNAseq_Cortex_tRNA_3	0	shrimp	random_single
Mus_musculus_tRNA-Leu-CAA	1.0	0	quantMtRNAseq_Cortex_tRNA_3	0	shrimp	random_single
Mus_musculus_tRNA-Leu-CAG	5590.0	19610	quantMtRNAseq_Cortex_tRNA_3	0	shrimp	random_single
Mus_musculus_tRNA-Leu-TAA	2082.0	5883	quantMtRNAseq_Cortex_tRNA_3	0	shrimp	random_single
Mus_musculus_tRNA-Leu-TAG	1502.0	7844	quantMtRNAseq_Cortex_tRNA_3	0	shrimp	random_single
Mus_musculus_tRNA-Lys-CTT	62128.0	64713	quantMtRNAseq_Cortex_tRNA_3	0	shrimp	random_single
Mus_musculus_tRNA-Lys-TTT	24519.0	27454	quantMtRNAseq_Cortex_tRNA_3	0	shrimp	random_single
Mus_musculus_tRNA-Met-CAT	16998.0	29415	quantMtRNAseq_Cortex_tRNA_3	0	shrimp	random_single
Mus_musculus_tRNA-Phe-GAA	9599.0	15688	quantMtRNAseq_Cortex_tRNA_3	0	shrimp	random_single
Mus_musculus_tRNA-Pro-AGG	2673.0	13727	quantMtRNAseq_Cortex_tRNA_3	0	shrimp	random_single
Mus_musculus_tRNA-Pro-CGG	1269.0	5883	quantMtRNAseq_Cortex_tRNA_3	0	shrimp	random_single
Mus_musculus_tRNA-Pro-GGG	0.0	0	quantMtRNAseq_Cortex_tRNA_3	0	shrimp	random_single
Mus_musculus_tRNA-Pro-TGG	2697.0	15688	quantMtRNAseq_Cortex_tRNA_3	0	shrimp	random_single
Mus_musculus_tRNA-SeC-TCA	1896.0	1961	quantMtRNAseq_Cortex_tRNA_3	0	shrimp	random_single
Mus_musculus_tRNA-Ser-ACT	0.0	0	quantMtRNAseq_Cortex_tRNA_3	0	shrimp	random_single
Mus_musculus_tRNA-Ser-AGA	3224.0	17649	quantMtRNAseq_Cortex_tRNA_3	0	shrimp	random_single
Mus_musculus_tRNA-Ser-CGA	1307.0	7844	quantMtRNAseq_Cortex_tRNA_3	0	shrimp	random_single
Mus_musculus_tRNA-Ser-GCT	8754.0	33337	quantMtRNAseq_Cortex_tRNA_3	0	shrimp	random_single
Mus_musculus_tRNA-Ser-GGA	133.0	1961	quantMtRNAseq_Cortex_tRNA_3	0	shrimp	random_single
Mus_musculus_tRNA-Ser-TGA	2779.0	7844	quantMtRNAseq_Cortex_tRNA_3	0	shrimp	random_single
Mus_musculus_tRNA-Sup-TCA	1907.0	1961	quantMtRNAseq_Cortex_tRNA_3	0	shrimp	random_single
Mus_musculus_tRNA-Sup-TTA	2.0	1961	quantMtRNAseq_Cortex_tRNA_3	0	shrimp	random_single
Mus_musculus_tRNA-Thr-AGT	8427.0	19610	quantMtRNAseq_Cortex_tRNA_3	0	shrimp	random_single
Mus_musculus_tRNA-Thr-CGT	1597.0	9805	quantMtRNAseq_Cortex_tRNA_3	0	shrimp	random_single
Mus_musculus_tRNA-Thr-GGT	2.0	3922	quantMtRNAseq_Cortex_tRNA_3	0	shrimp	random_single
Mus_musculus_tRNA-Thr-TGT	4771.0	9805	quantMtRNAseq_Cortex_tRNA_3	0	shrimp	random_single
Mus_musculus_tRNA-Trp-CCA	4712.0	15688	quantMtRNAseq_Cortex_tRNA_3	0	shrimp	random_single
Mus_musculus_tRNA-Tyr-GTA	17919.0	19610	quantMtRNAseq_Cortex_tRNA_3	0	shrimp	random_single
Mus_musculus_tRNA-Und-NNN	95.0	0	quantMtRNAseq_Cortex_tRNA_3	0	shrimp	random_single
Mus_musculus_tRNA-Val-AAC	6637.0	17649	quantMtRNAseq_Cortex_tRNA_3	0	shrimp	random_single
Mus_musculus_tRNA-Val-CAC	14499.0	23532	quantMtRNAseq_Cortex_tRNA_3	0	shrimp	random_single
Mus_musculus_tRNA-Val-GAC	914.0	1961	quantMtRNAseq_Cortex_tRNA_3	0	shrimp	random_single
Mus_musculus_tRNA-Val-TAC	5750.0	5883	quantMtRNAseq_Cortex_tRNA_3	0	shrimp	random_single
Mus_musculus_tRNA-iMet-CAT	17497.0	21571	quantMtRNAseq_Cortex_tRNA_3	0	shrimp	random_single
