Name	quant_method	tally_method	input_file	NumReads
Escherichia_coli_str_K_12_substr_MG1655_tRNA-eColiLys-TTT	bowtie2	salmon	quantMtRNAseq_Cerebellum_tRNA_1	3.0
Escherichia_coli_str_K_12_substr_MG1655_tRNA-eColiLys-TTT	bowtie2	salmon	quantMtRNAseq_Cerebellum_tRNA_2	0.0
Escherichia_coli_str_K_12_substr_MG1655_tRNA-eColiLys-TTT	bowtie2	salmon	quantMtRNAseq_Cerebellum_tRNA_3	4.0
Escherichia_coli_str_K_12_substr_MG1655_tRNA-eColiLys-TTT	bowtie2	salmon	quantMtRNAseq_Cortex_tRNA_1	1.0
Escherichia_coli_str_K_12_substr_MG1655_tRNA-eColiLys-TTT	bowtie2	salmon	quantMtRNAseq_Cortex_tRNA_2	2.0
Escherichia_coli_str_K_12_substr_MG1655_tRNA-eColiLys-TTT	bowtie2	salmon	quantMtRNAseq_Cortex_tRNA_3	2.0
Escherichia_coli_str_K_12_substr_MG1655_tRNA-eColiLys-TTT	shrimp	salmon	quantMtRNAseq_Cerebellum_tRNA_1	0.0
Escherichia_coli_str_K_12_substr_MG1655_tRNA-eColiLys-TTT	shrimp	salmon	quantMtRNAseq_Cerebellum_tRNA_2	0.0
Escherichia_coli_str_K_12_substr_MG1655_tRNA-eColiLys-TTT	shrimp	salmon	quantMtRNAseq_Cerebellum_tRNA_3	1.0
Escherichia_coli_str_K_12_substr_MG1655_tRNA-eColiLys-TTT	shrimp	salmon	quantMtRNAseq_Cortex_tRNA_1	0.0
Escherichia_coli_str_K_12_substr_MG1655_tRNA-eColiLys-TTT	shrimp	salmon	quantMtRNAseq_Cortex_tRNA_2	0.0
Escherichia_coli_str_K_12_substr_MG1655_tRNA-eColiLys-TTT	shrimp	salmon	quantMtRNAseq_Cortex_tRNA_3	1.0
Mus_musculus_MTtRNA-Ala-TGC	bowtie2	salmon	quantMtRNAseq_Cerebellum_tRNA_1	14151.0
Mus_musculus_MTtRNA-Ala-TGC	bowtie2	salmon	quantMtRNAseq_Cerebellum_tRNA_2	9056.0
Mus_musculus_MTtRNA-Ala-TGC	bowtie2	salmon	quantMtRNAseq_Cerebellum_tRNA_3	19527.0
Mus_musculus_MTtRNA-Ala-TGC	bowtie2	salmon	quantMtRNAseq_Cortex_tRNA_1	14129.0
Mus_musculus_MTtRNA-Ala-TGC	bowtie2	salmon	quantMtRNAseq_Cortex_tRNA_2	10167.0
Mus_musculus_MTtRNA-Ala-TGC	bowtie2	salmon	quantMtRNAseq_Cortex_tRNA_3	11098.0
Mus_musculus_MTtRNA-Ala-TGC	shrimp	salmon	quantMtRNAseq_Cerebellum_tRNA_1	12981.0
Mus_musculus_MTtRNA-Ala-TGC	shrimp	salmon	quantMtRNAseq_Cerebellum_tRNA_2	8571.0
Mus_musculus_MTtRNA-Ala-TGC	shrimp	salmon	quantMtRNAseq_Cerebellum_tRNA_3	19103.0
Mus_musculus_MTtRNA-Ala-TGC	shrimp	salmon	quantMtRNAseq_Cortex_tRNA_1	11893.0
Mus_musculus_MTtRNA-Ala-TGC	shrimp	salmon	quantMtRNAseq_Cortex_tRNA_2	9804.0
Mus_musculus_MTtRNA-Ala-TGC	shrimp	salmon	quantMtRNAseq_Cortex_tRNA_3	10787.0
Mus_musculus_MTtRNA-Arg-TCG	bowtie2	salmon	quantMtRNAseq_Cerebellum_tRNA_1	23513.0
Mus_musculus_MTtRNA-Arg-TCG	bowtie2	salmon	quantMtRNAseq_Cerebellum_tRNA_2	15564.0
Mus_musculus_MTtRNA-Arg-TCG	bowtie2	salmon	quantMtRNAseq_Cerebellum_tRNA_3	32310.0
Mus_musculus_MTtRNA-Arg-TCG	bowtie2	salmon	quantMtRNAseq_Cortex_tRNA_1	28818.0
Mus_musculus_MTtRNA-Arg-TCG	bowtie2	salmon	quantMtRNAseq_Cortex_tRNA_2	17195.0
Mus_musculus_MTtRNA-Arg-TCG	bowtie2	salmon	quantMtRNAseq_Cortex_tRNA_3	20326.0
Mus_musculus_MTtRNA-Arg-TCG	shrimp	salmon	quantMtRNAseq_Cerebellum_tRNA_1	21561.0
Mus_musculus_MTtRNA-Arg-TCG	shrimp	salmon	quantMtRNAseq_Cerebellum_tRNA_2	14839.0
Mus_musculus_MTtRNA-Arg-TCG	shrimp	salmon	quantMtRNAseq_Cerebellum_tRNA_3	31612.0
Mus_musculus_MTtRNA-Arg-TCG	shrimp	salmon	quantMtRNAseq_Cortex_tRNA_1	24002.0
Mus_musculus_MTtRNA-Arg-TCG	shrimp	salmon	quantMtRNAseq_Cortex_tRNA_2	16562.0
Mus_musculus_MTtRNA-Arg-TCG	shrimp	salmon	quantMtRNAseq_Cortex_tRNA_3	19770.0
Mus_musculus_MTtRNA-Asn-GTT	bowtie2	salmon	quantMtRNAseq_Cerebellum_tRNA_1	11696.0
Mus_musculus_MTtRNA-Asn-GTT	bowtie2	salmon	quantMtRNAseq_Cerebellum_tRNA_2	6492.0
Mus_musculus_MTtRNA-Asn-GTT	bowtie2	salmon	quantMtRNAseq_Cerebellum_tRNA_3	30283.0
Mus_musculus_MTtRNA-Asn-GTT	bowtie2	salmon	quantMtRNAseq_Cortex_tRNA_1	11862.0
Mus_musculus_MTtRNA-Asn-GTT	bowtie2	salmon	quantMtRNAseq_Cortex_tRNA_2	8108.0
Mus_musculus_MTtRNA-Asn-GTT	bowtie2	salmon	quantMtRNAseq_Cortex_tRNA_3	21443.0
Mus_musculus_MTtRNA-Asn-GTT	shrimp	salmon	quantMtRNAseq_Cerebellum_tRNA_1	10372.0
Mus_musculus_MTtRNA-Asn-GTT	shrimp	salmon	quantMtRNAseq_Cerebellum_tRNA_2	6010.0
Mus_musculus_MTtRNA-Asn-GTT	shrimp	salmon	quantMtRNAseq_Cerebellum_tRNA_3	29577.0
Mus_musculus_MTtRNA-Asn-GTT	shrimp	salmon	quantMtRNAseq_Cortex_tRNA_1	9391.0
Mus_musculus_MTtRNA-Asn-GTT	shrimp	salmon	quantMtRNAseq_Cortex_tRNA_2	7718.0
Mus_musculus_MTtRNA-Asn-GTT	shrimp	salmon	quantMtRNAseq_Cortex_tRNA_3	21009.0
Mus_musculus_MTtRNA-Asp-GTC	bowtie2	salmon	quantMtRNAseq_Cerebellum_tRNA_1	25160.0
Mus_musculus_MTtRNA-Asp-GTC	bowtie2	salmon	quantMtRNAseq_Cerebellum_tRNA_2	17183.0
Mus_musculus_MTtRNA-Asp-GTC	bowtie2	salmon	quantMtRNAseq_Cerebellum_tRNA_3	41718.0
Mus_musculus_MTtRNA-Asp-GTC	bowtie2	salmon	quantMtRNAseq_Cortex_tRNA_1	29685.0
Mus_musculus_MTtRNA-Asp-GTC	bowtie2	salmon	quantMtRNAseq_Cortex_tRNA_2	17596.0
Mus_musculus_MTtRNA-Asp-GTC	bowtie2	salmon	quantMtRNAseq_Cortex_tRNA_3	26680.0
Mus_musculus_MTtRNA-Asp-GTC	shrimp	salmon	quantMtRNAseq_Cerebellum_tRNA_1	23957.0
Mus_musculus_MTtRNA-Asp-GTC	shrimp	salmon	quantMtRNAseq_Cerebellum_tRNA_2	16508.0
Mus_musculus_MTtRNA-Asp-GTC	shrimp	salmon	quantMtRNAseq_Cerebellum_tRNA_3	41133.0
Mus_musculus_MTtRNA-Asp-GTC	shrimp	salmon	quantMtRNAseq_Cortex_tRNA_1	27385.0
Mus_musculus_MTtRNA-Asp-GTC	shrimp	salmon	quantMtRNAseq_Cortex_tRNA_2	17052.0
Mus_musculus_MTtRNA-Asp-GTC	shrimp	salmon	quantMtRNAseq_Cortex_tRNA_3	26340.0
Mus_musculus_MTtRNA-Cys-GCA	bowtie2	salmon	quantMtRNAseq_Cerebellum_tRNA_1	8607.0
Mus_musculus_MTtRNA-Cys-GCA	bowtie2	salmon	quantMtRNAseq_Cerebellum_tRNA_2	5529.0
Mus_musculus_MTtRNA-Cys-GCA	bowtie2	salmon	quantMtRNAseq_Cerebellum_tRNA_3	17818.0
Mus_musculus_MTtRNA-Cys-GCA	bowtie2	salmon	quantMtRNAseq_Cortex_tRNA_1	9137.0
Mus_musculus_MTtRNA-Cys-GCA	bowtie2	salmon	quantMtRNAseq_Cortex_tRNA_2	6177.0
Mus_musculus_MTtRNA-Cys-GCA	bowtie2	salmon	quantMtRNAseq_Cortex_tRNA_3	10847.0
Mus_musculus_MTtRNA-Cys-GCA	shrimp	salmon	quantMtRNAseq_Cerebellum_tRNA_1	8321.0
Mus_musculus_MTtRNA-Cys-GCA	shrimp	salmon	quantMtRNAseq_Cerebellum_tRNA_2	5327.0
Mus_musculus_MTtRNA-Cys-GCA	shrimp	salmon	quantMtRNAseq_Cerebellum_tRNA_3	17673.0
Mus_musculus_MTtRNA-Cys-GCA	shrimp	salmon	quantMtRNAseq_Cortex_tRNA_1	8529.0
Mus_musculus_MTtRNA-Cys-GCA	shrimp	salmon	quantMtRNAseq_Cortex_tRNA_2	6026.0
Mus_musculus_MTtRNA-Cys-GCA	shrimp	salmon	quantMtRNAseq_Cortex_tRNA_3	10716.0
Mus_musculus_MTtRNA-Gln-TTG	bowtie2	salmon	quantMtRNAseq_Cerebellum_tRNA_1	8676.0
Mus_musculus_MTtRNA-Gln-TTG	bowtie2	salmon	quantMtRNAseq_Cerebellum_tRNA_2	5280.0
Mus_musculus_MTtRNA-Gln-TTG	bowtie2	salmon	quantMtRNAseq_Cerebellum_tRNA_3	24314.0
Mus_musculus_MTtRNA-Gln-TTG	bowtie2	salmon	quantMtRNAseq_Cortex_tRNA_1	10129.0
Mus_musculus_MTtRNA-Gln-TTG	bowtie2	salmon	quantMtRNAseq_Cortex_tRNA_2	6359.0
Mus_musculus_MTtRNA-Gln-TTG	bowtie2	salmon	quantMtRNAseq_Cortex_tRNA_3	16712.0
Mus_musculus_MTtRNA-Gln-TTG	shrimp	salmon	quantMtRNAseq_Cerebellum_tRNA_1	8054.0
Mus_musculus_MTtRNA-Gln-TTG	shrimp	salmon	quantMtRNAseq_Cerebellum_tRNA_2	5013.0
Mus_musculus_MTtRNA-Gln-TTG	shrimp	salmon	quantMtRNAseq_Cerebellum_tRNA_3	23895.0
Mus_musculus_MTtRNA-Gln-TTG	shrimp	salmon	quantMtRNAseq_Cortex_tRNA_1	8335.0
Mus_musculus_MTtRNA-Gln-TTG	shrimp	salmon	quantMtRNAseq_Cortex_tRNA_2	6130.0
Mus_musculus_MTtRNA-Gln-TTG	shrimp	salmon	quantMtRNAseq_Cortex_tRNA_3	16397.0
Mus_musculus_MTtRNA-Glu-TTC	bowtie2	salmon	quantMtRNAseq_Cerebellum_tRNA_1	14449.0
Mus_musculus_MTtRNA-Glu-TTC	bowtie2	salmon	quantMtRNAseq_Cerebellum_tRNA_2	9226.0
Mus_musculus_MTtRNA-Glu-TTC	bowtie2	salmon	quantMtRNAseq_Cerebellum_tRNA_3	14344.0
Mus_musculus_MTtRNA-Glu-TTC	bowtie2	salmon	quantMtRNAseq_Cortex_tRNA_1	20868.0
Mus_musculus_MTtRNA-Glu-TTC	bowtie2	salmon	quantMtRNAseq_Cortex_tRNA_2	11776.0
Mus_musculus_MTtRNA-Glu-TTC	bowtie2	salmon	quantMtRNAseq_Cortex_tRNA_3	8432.0
Mus_musculus_MTtRNA-Glu-TTC	shrimp	salmon	quantMtRNAseq_Cerebellum_tRNA_1	13648.0
Mus_musculus_MTtRNA-Glu-TTC	shrimp	salmon	quantMtRNAseq_Cerebellum_tRNA_2	8769.0
Mus_musculus_MTtRNA-Glu-TTC	shrimp	salmon	quantMtRNAseq_Cerebellum_tRNA_3	13911.0
Mus_musculus_MTtRNA-Glu-TTC	shrimp	salmon	quantMtRNAseq_Cortex_tRNA_1	18583.0
Mus_musculus_MTtRNA-Glu-TTC	shrimp	salmon	quantMtRNAseq_Cortex_tRNA_2	11377.0
Mus_musculus_MTtRNA-Glu-TTC	shrimp	salmon	quantMtRNAseq_Cortex_tRNA_3	8123.0
Mus_musculus_MTtRNA-Gly-TCC	bowtie2	salmon	quantMtRNAseq_Cerebellum_tRNA_1	31008.0
Mus_musculus_MTtRNA-Gly-TCC	bowtie2	salmon	quantMtRNAseq_Cerebellum_tRNA_2	23837.0
Mus_musculus_MTtRNA-Gly-TCC	bowtie2	salmon	quantMtRNAseq_Cerebellum_tRNA_3	55467.0
Mus_musculus_MTtRNA-Gly-TCC	bowtie2	salmon	quantMtRNAseq_Cortex_tRNA_1	44054.0
Mus_musculus_MTtRNA-Gly-TCC	bowtie2	salmon	quantMtRNAseq_Cortex_tRNA_2	24239.0
Mus_musculus_MTtRNA-Gly-TCC	bowtie2	salmon	quantMtRNAseq_Cortex_tRNA_3	36249.0
Mus_musculus_MTtRNA-Gly-TCC	shrimp	salmon	quantMtRNAseq_Cerebellum_tRNA_1	30025.0
Mus_musculus_MTtRNA-Gly-TCC	shrimp	salmon	quantMtRNAseq_Cerebellum_tRNA_2	23179.0
Mus_musculus_MTtRNA-Gly-TCC	shrimp	salmon	quantMtRNAseq_Cerebellum_tRNA_3	54980.0
Mus_musculus_MTtRNA-Gly-TCC	shrimp	salmon	quantMtRNAseq_Cortex_tRNA_1	41903.0
Mus_musculus_MTtRNA-Gly-TCC	shrimp	salmon	quantMtRNAseq_Cortex_tRNA_2	23708.0
Mus_musculus_MTtRNA-Gly-TCC	shrimp	salmon	quantMtRNAseq_Cortex_tRNA_3	35963.0
Mus_musculus_MTtRNA-His-GTG	bowtie2	salmon	quantMtRNAseq_Cerebellum_tRNA_1	31227.0
Mus_musculus_MTtRNA-His-GTG	bowtie2	salmon	quantMtRNAseq_Cerebellum_tRNA_2	22656.0
Mus_musculus_MTtRNA-His-GTG	bowtie2	salmon	quantMtRNAseq_Cerebellum_tRNA_3	41922.0
Mus_musculus_MTtRNA-His-GTG	bowtie2	salmon	quantMtRNAseq_Cortex_tRNA_1	43695.0
Mus_musculus_MTtRNA-His-GTG	bowtie2	salmon	quantMtRNAseq_Cortex_tRNA_2	24182.0
Mus_musculus_MTtRNA-His-GTG	bowtie2	salmon	quantMtRNAseq_Cortex_tRNA_3	27543.0
Mus_musculus_MTtRNA-His-GTG	shrimp	salmon	quantMtRNAseq_Cerebellum_tRNA_1	28309.0
Mus_musculus_MTtRNA-His-GTG	shrimp	salmon	quantMtRNAseq_Cerebellum_tRNA_2	21106.0
Mus_musculus_MTtRNA-His-GTG	shrimp	salmon	quantMtRNAseq_Cerebellum_tRNA_3	40338.0
Mus_musculus_MTtRNA-His-GTG	shrimp	salmon	quantMtRNAseq_Cortex_tRNA_1	37613.0
Mus_musculus_MTtRNA-His-GTG	shrimp	salmon	quantMtRNAseq_Cortex_tRNA_2	22898.0
Mus_musculus_MTtRNA-His-GTG	shrimp	salmon	quantMtRNAseq_Cortex_tRNA_3	26295.0
Mus_musculus_MTtRNA-Ile-GAT	bowtie2	salmon	quantMtRNAseq_Cerebellum_tRNA_1	21242.0
Mus_musculus_MTtRNA-Ile-GAT	bowtie2	salmon	quantMtRNAseq_Cerebellum_tRNA_2	16414.0
Mus_musculus_MTtRNA-Ile-GAT	bowtie2	salmon	quantMtRNAseq_Cerebellum_tRNA_3	46833.0
Mus_musculus_MTtRNA-Ile-GAT	bowtie2	salmon	quantMtRNAseq_Cortex_tRNA_1	36059.0
Mus_musculus_MTtRNA-Ile-GAT	bowtie2	salmon	quantMtRNAseq_Cortex_tRNA_2	17805.0
Mus_musculus_MTtRNA-Ile-GAT	bowtie2	salmon	quantMtRNAseq_Cortex_tRNA_3	32544.0
Mus_musculus_MTtRNA-Ile-GAT	shrimp	salmon	quantMtRNAseq_Cerebellum_tRNA_1	19570.0
Mus_musculus_MTtRNA-Ile-GAT	shrimp	salmon	quantMtRNAseq_Cerebellum_tRNA_2	15606.0
Mus_musculus_MTtRNA-Ile-GAT	shrimp	salmon	quantMtRNAseq_Cerebellum_tRNA_3	46207.0
Mus_musculus_MTtRNA-Ile-GAT	shrimp	salmon	quantMtRNAseq_Cortex_tRNA_1	32831.0
Mus_musculus_MTtRNA-Ile-GAT	shrimp	salmon	quantMtRNAseq_Cortex_tRNA_2	17152.0
Mus_musculus_MTtRNA-Ile-GAT	shrimp	salmon	quantMtRNAseq_Cortex_tRNA_3	32108.0
Mus_musculus_MTtRNA-Leu1-TAG	bowtie2	salmon	quantMtRNAseq_Cerebellum_tRNA_1	37687.0
Mus_musculus_MTtRNA-Leu1-TAG	bowtie2	salmon	quantMtRNAseq_Cerebellum_tRNA_2	30852.0
Mus_musculus_MTtRNA-Leu1-TAG	bowtie2	salmon	quantMtRNAseq_Cerebellum_tRNA_3	44490.0
Mus_musculus_MTtRNA-Leu1-TAG	bowtie2	salmon	quantMtRNAseq_Cortex_tRNA_1	66559.0
Mus_musculus_MTtRNA-Leu1-TAG	bowtie2	salmon	quantMtRNAseq_Cortex_tRNA_2	27083.0
Mus_musculus_MTtRNA-Leu1-TAG	bowtie2	salmon	quantMtRNAseq_Cortex_tRNA_3	31046.0
Mus_musculus_MTtRNA-Leu1-TAG	shrimp	salmon	quantMtRNAseq_Cerebellum_tRNA_1	35360.0
Mus_musculus_MTtRNA-Leu1-TAG	shrimp	salmon	quantMtRNAseq_Cerebellum_tRNA_2	28757.0
Mus_musculus_MTtRNA-Leu1-TAG	shrimp	salmon	quantMtRNAseq_Cerebellum_tRNA_3	42406.0
Mus_musculus_MTtRNA-Leu1-TAG	shrimp	salmon	quantMtRNAseq_Cortex_tRNA_1	43999.0
Mus_musculus_MTtRNA-Leu1-TAG	shrimp	salmon	quantMtRNAseq_Cortex_tRNA_2	25147.0
Mus_musculus_MTtRNA-Leu1-TAG	shrimp	salmon	quantMtRNAseq_Cortex_tRNA_3	29111.0
Mus_musculus_MTtRNA-Leu2-TAA	bowtie2	salmon	quantMtRNAseq_Cerebellum_tRNA_1	34607.0
Mus_musculus_MTtRNA-Leu2-TAA	bowtie2	salmon	quantMtRNAseq_Cerebellum_tRNA_2	24598.0
Mus_musculus_MTtRNA-Leu2-TAA	bowtie2	salmon	quantMtRNAseq_Cerebellum_tRNA_3	57315.0
Mus_musculus_MTtRNA-Leu2-TAA	bowtie2	salmon	quantMtRNAseq_Cortex_tRNA_1	54185.0
Mus_musculus_MTtRNA-Leu2-TAA	bowtie2	salmon	quantMtRNAseq_Cortex_tRNA_2	25479.0
Mus_musculus_MTtRNA-Leu2-TAA	bowtie2	salmon	quantMtRNAseq_Cortex_tRNA_3	46756.0
Mus_musculus_MTtRNA-Leu2-TAA	shrimp	salmon	quantMtRNAseq_Cerebellum_tRNA_1	32054.0
Mus_musculus_MTtRNA-Leu2-TAA	shrimp	salmon	quantMtRNAseq_Cerebellum_tRNA_2	23176.0
Mus_musculus_MTtRNA-Leu2-TAA	shrimp	salmon	quantMtRNAseq_Cerebellum_tRNA_3	55871.0
Mus_musculus_MTtRNA-Leu2-TAA	shrimp	salmon	quantMtRNAseq_Cortex_tRNA_1	50654.0
Mus_musculus_MTtRNA-Leu2-TAA	shrimp	salmon	quantMtRNAseq_Cortex_tRNA_2	24200.0
Mus_musculus_MTtRNA-Leu2-TAA	shrimp	salmon	quantMtRNAseq_Cortex_tRNA_3	45542.0
Mus_musculus_MTtRNA-Lys-TTT	bowtie2	salmon	quantMtRNAseq_Cerebellum_tRNA_1	47730.0
Mus_musculus_MTtRNA-Lys-TTT	bowtie2	salmon	quantMtRNAseq_Cerebellum_tRNA_2	29919.0
Mus_musculus_MTtRNA-Lys-TTT	bowtie2	salmon	quantMtRNAseq_Cerebellum_tRNA_3	74687.0
Mus_musculus_MTtRNA-Lys-TTT	bowtie2	salmon	quantMtRNAseq_Cortex_tRNA_1	52480.0
Mus_musculus_MTtRNA-Lys-TTT	bowtie2	salmon	quantMtRNAseq_Cortex_tRNA_2	34131.0
Mus_musculus_MTtRNA-Lys-TTT	bowtie2	salmon	quantMtRNAseq_Cortex_tRNA_3	50486.0
Mus_musculus_MTtRNA-Lys-TTT	shrimp	salmon	quantMtRNAseq_Cerebellum_tRNA_1	45602.0
Mus_musculus_MTtRNA-Lys-TTT	shrimp	salmon	quantMtRNAseq_Cerebellum_tRNA_2	29125.0
Mus_musculus_MTtRNA-Lys-TTT	shrimp	salmon	quantMtRNAseq_Cerebellum_tRNA_3	73617.0
Mus_musculus_MTtRNA-Lys-TTT	shrimp	salmon	quantMtRNAseq_Cortex_tRNA_1	48450.0
Mus_musculus_MTtRNA-Lys-TTT	shrimp	salmon	quantMtRNAseq_Cortex_tRNA_2	33407.0
Mus_musculus_MTtRNA-Lys-TTT	shrimp	salmon	quantMtRNAseq_Cortex_tRNA_3	49841.0
Mus_musculus_MTtRNA-Met-CAT	bowtie2	salmon	quantMtRNAseq_Cerebellum_tRNA_1	24463.0
Mus_musculus_MTtRNA-Met-CAT	bowtie2	salmon	quantMtRNAseq_Cerebellum_tRNA_2	15209.0
Mus_musculus_MTtRNA-Met-CAT	bowtie2	salmon	quantMtRNAseq_Cerebellum_tRNA_3	55274.0
Mus_musculus_MTtRNA-Met-CAT	bowtie2	salmon	quantMtRNAseq_Cortex_tRNA_1	28046.0
Mus_musculus_MTtRNA-Met-CAT	bowtie2	salmon	quantMtRNAseq_Cortex_tRNA_2	17754.0
Mus_musculus_MTtRNA-Met-CAT	bowtie2	salmon	quantMtRNAseq_Cortex_tRNA_3	38231.0
Mus_musculus_MTtRNA-Met-CAT	shrimp	salmon	quantMtRNAseq_Cerebellum_tRNA_1	23713.0
Mus_musculus_MTtRNA-Met-CAT	shrimp	salmon	quantMtRNAseq_Cerebellum_tRNA_2	14688.0
Mus_musculus_MTtRNA-Met-CAT	shrimp	salmon	quantMtRNAseq_Cerebellum_tRNA_3	54691.0
Mus_musculus_MTtRNA-Met-CAT	shrimp	salmon	quantMtRNAseq_Cortex_tRNA_1	27167.0
Mus_musculus_MTtRNA-Met-CAT	shrimp	salmon	quantMtRNAseq_Cortex_tRNA_2	17311.0
Mus_musculus_MTtRNA-Met-CAT	shrimp	salmon	quantMtRNAseq_Cortex_tRNA_3	37790.0
Mus_musculus_MTtRNA-Phe-GAA	bowtie2	salmon	quantMtRNAseq_Cerebellum_tRNA_1	120962.0
Mus_musculus_MTtRNA-Phe-GAA	bowtie2	salmon	quantMtRNAseq_Cerebellum_tRNA_2	96619.0
Mus_musculus_MTtRNA-Phe-GAA	bowtie2	salmon	quantMtRNAseq_Cerebellum_tRNA_3	128111.0
Mus_musculus_MTtRNA-Phe-GAA	bowtie2	salmon	quantMtRNAseq_Cortex_tRNA_1	123669.0
Mus_musculus_MTtRNA-Phe-GAA	bowtie2	salmon	quantMtRNAseq_Cortex_tRNA_2	106372.0
Mus_musculus_MTtRNA-Phe-GAA	bowtie2	salmon	quantMtRNAseq_Cortex_tRNA_3	102006.0
Mus_musculus_MTtRNA-Phe-GAA	shrimp	salmon	quantMtRNAseq_Cerebellum_tRNA_1	16442.0
Mus_musculus_MTtRNA-Phe-GAA	shrimp	salmon	quantMtRNAseq_Cerebellum_tRNA_2	12029.0
Mus_musculus_MTtRNA-Phe-GAA	shrimp	salmon	quantMtRNAseq_Cerebellum_tRNA_3	15451.0
Mus_musculus_MTtRNA-Phe-GAA	shrimp	salmon	quantMtRNAseq_Cortex_tRNA_1	16328.0
Mus_musculus_MTtRNA-Phe-GAA	shrimp	salmon	quantMtRNAseq_Cortex_tRNA_2	11751.0
Mus_musculus_MTtRNA-Phe-GAA	shrimp	salmon	quantMtRNAseq_Cortex_tRNA_3	10129.0
Mus_musculus_MTtRNA-Pro-TGG	bowtie2	salmon	quantMtRNAseq_Cerebellum_tRNA_1	31718.0
Mus_musculus_MTtRNA-Pro-TGG	bowtie2	salmon	quantMtRNAseq_Cerebellum_tRNA_2	20910.0
Mus_musculus_MTtRNA-Pro-TGG	bowtie2	salmon	quantMtRNAseq_Cerebellum_tRNA_3	51343.0
Mus_musculus_MTtRNA-Pro-TGG	bowtie2	salmon	quantMtRNAseq_Cortex_tRNA_1	33545.0
Mus_musculus_MTtRNA-Pro-TGG	bowtie2	salmon	quantMtRNAseq_Cortex_tRNA_2	24584.0
Mus_musculus_MTtRNA-Pro-TGG	bowtie2	salmon	quantMtRNAseq_Cortex_tRNA_3	36332.0
Mus_musculus_MTtRNA-Pro-TGG	shrimp	salmon	quantMtRNAseq_Cerebellum_tRNA_1	29461.0
Mus_musculus_MTtRNA-Pro-TGG	shrimp	salmon	quantMtRNAseq_Cerebellum_tRNA_2	19424.0
Mus_musculus_MTtRNA-Pro-TGG	shrimp	salmon	quantMtRNAseq_Cerebellum_tRNA_3	48427.0
Mus_musculus_MTtRNA-Pro-TGG	shrimp	salmon	quantMtRNAseq_Cortex_tRNA_1	29793.0
Mus_musculus_MTtRNA-Pro-TGG	shrimp	salmon	quantMtRNAseq_Cortex_tRNA_2	22748.0
Mus_musculus_MTtRNA-Pro-TGG	shrimp	salmon	quantMtRNAseq_Cortex_tRNA_3	33784.0
Mus_musculus_MTtRNA-Ser1-GCT	bowtie2	salmon	quantMtRNAseq_Cerebellum_tRNA_1	30479.0
Mus_musculus_MTtRNA-Ser1-GCT	bowtie2	salmon	quantMtRNAseq_Cerebellum_tRNA_2	17982.0
Mus_musculus_MTtRNA-Ser1-GCT	bowtie2	salmon	quantMtRNAseq_Cerebellum_tRNA_3	44926.0
Mus_musculus_MTtRNA-Ser1-GCT	bowtie2	salmon	quantMtRNAseq_Cortex_tRNA_1	28107.0
Mus_musculus_MTtRNA-Ser1-GCT	bowtie2	salmon	quantMtRNAseq_Cortex_tRNA_2	22289.0
Mus_musculus_MTtRNA-Ser1-GCT	bowtie2	salmon	quantMtRNAseq_Cortex_tRNA_3	32128.0
Mus_musculus_MTtRNA-Ser1-GCT	shrimp	salmon	quantMtRNAseq_Cerebellum_tRNA_1	29477.0
Mus_musculus_MTtRNA-Ser1-GCT	shrimp	salmon	quantMtRNAseq_Cerebellum_tRNA_2	17288.0
Mus_musculus_MTtRNA-Ser1-GCT	shrimp	salmon	quantMtRNAseq_Cerebellum_tRNA_3	44481.0
Mus_musculus_MTtRNA-Ser1-GCT	shrimp	salmon	quantMtRNAseq_Cortex_tRNA_1	25907.0
Mus_musculus_MTtRNA-Ser1-GCT	shrimp	salmon	quantMtRNAseq_Cortex_tRNA_2	21638.0
Mus_musculus_MTtRNA-Ser1-GCT	shrimp	salmon	quantMtRNAseq_Cortex_tRNA_3	31731.0
Mus_musculus_MTtRNA-Ser2-TGA	bowtie2	salmon	quantMtRNAseq_Cerebellum_tRNA_1	38009.0
Mus_musculus_MTtRNA-Ser2-TGA	bowtie2	salmon	quantMtRNAseq_Cerebellum_tRNA_2	26812.0
Mus_musculus_MTtRNA-Ser2-TGA	bowtie2	salmon	quantMtRNAseq_Cerebellum_tRNA_3	34753.0
Mus_musculus_MTtRNA-Ser2-TGA	bowtie2	salmon	quantMtRNAseq_Cortex_tRNA_1	35771.0
Mus_musculus_MTtRNA-Ser2-TGA	bowtie2	salmon	quantMtRNAseq_Cortex_tRNA_2	30884.0
Mus_musculus_MTtRNA-Ser2-TGA	bowtie2	salmon	quantMtRNAseq_Cortex_tRNA_3	28575.0
Mus_musculus_MTtRNA-Ser2-TGA	shrimp	salmon	quantMtRNAseq_Cerebellum_tRNA_1	34822.0
Mus_musculus_MTtRNA-Ser2-TGA	shrimp	salmon	quantMtRNAseq_Cerebellum_tRNA_2	24474.0
Mus_musculus_MTtRNA-Ser2-TGA	shrimp	salmon	quantMtRNAseq_Cerebellum_tRNA_3	32367.0
Mus_musculus_MTtRNA-Ser2-TGA	shrimp	salmon	quantMtRNAseq_Cortex_tRNA_1	31458.0
Mus_musculus_MTtRNA-Ser2-TGA	shrimp	salmon	quantMtRNAseq_Cortex_tRNA_2	28452.0
Mus_musculus_MTtRNA-Ser2-TGA	shrimp	salmon	quantMtRNAseq_Cortex_tRNA_3	26569.0
Mus_musculus_MTtRNA-Thr-TGT	bowtie2	salmon	quantMtRNAseq_Cerebellum_tRNA_1	61375.0
Mus_musculus_MTtRNA-Thr-TGT	bowtie2	salmon	quantMtRNAseq_Cerebellum_tRNA_2	43718.0
Mus_musculus_MTtRNA-Thr-TGT	bowtie2	salmon	quantMtRNAseq_Cerebellum_tRNA_3	65758.0
Mus_musculus_MTtRNA-Thr-TGT	bowtie2	salmon	quantMtRNAseq_Cortex_tRNA_1	75317.0
Mus_musculus_MTtRNA-Thr-TGT	bowtie2	salmon	quantMtRNAseq_Cortex_tRNA_2	52065.0
Mus_musculus_MTtRNA-Thr-TGT	bowtie2	salmon	quantMtRNAseq_Cortex_tRNA_3	52513.0
Mus_musculus_MTtRNA-Thr-TGT	shrimp	salmon	quantMtRNAseq_Cerebellum_tRNA_1	60436.0
Mus_musculus_MTtRNA-Thr-TGT	shrimp	salmon	quantMtRNAseq_Cerebellum_tRNA_2	43123.0
Mus_musculus_MTtRNA-Thr-TGT	shrimp	salmon	quantMtRNAseq_Cerebellum_tRNA_3	65045.0
Mus_musculus_MTtRNA-Thr-TGT	shrimp	salmon	quantMtRNAseq_Cortex_tRNA_1	73886.0
Mus_musculus_MTtRNA-Thr-TGT	shrimp	salmon	quantMtRNAseq_Cortex_tRNA_2	51384.0
Mus_musculus_MTtRNA-Thr-TGT	shrimp	salmon	quantMtRNAseq_Cortex_tRNA_3	51922.0
Mus_musculus_MTtRNA-Trp-TCA	bowtie2	salmon	quantMtRNAseq_Cerebellum_tRNA_1	52987.0
Mus_musculus_MTtRNA-Trp-TCA	bowtie2	salmon	quantMtRNAseq_Cerebellum_tRNA_2	42208.0
Mus_musculus_MTtRNA-Trp-TCA	bowtie2	salmon	quantMtRNAseq_Cerebellum_tRNA_3	62961.0
Mus_musculus_MTtRNA-Trp-TCA	bowtie2	salmon	quantMtRNAseq_Cortex_tRNA_1	51738.0
Mus_musculus_MTtRNA-Trp-TCA	bowtie2	salmon	quantMtRNAseq_Cortex_tRNA_2	40016.0
Mus_musculus_MTtRNA-Trp-TCA	bowtie2	salmon	quantMtRNAseq_Cortex_tRNA_3	47734.0
Mus_musculus_MTtRNA-Trp-TCA	shrimp	salmon	quantMtRNAseq_Cerebellum_tRNA_1	12840.0
Mus_musculus_MTtRNA-Trp-TCA	shrimp	salmon	quantMtRNAseq_Cerebellum_tRNA_2	8092.0
Mus_musculus_MTtRNA-Trp-TCA	shrimp	salmon	quantMtRNAseq_Cerebellum_tRNA_3	25420.0
Mus_musculus_MTtRNA-Trp-TCA	shrimp	salmon	quantMtRNAseq_Cortex_tRNA_1	14080.0
Mus_musculus_MTtRNA-Trp-TCA	shrimp	salmon	quantMtRNAseq_Cortex_tRNA_2	7652.0
Mus_musculus_MTtRNA-Trp-TCA	shrimp	salmon	quantMtRNAseq_Cortex_tRNA_3	17039.0
Mus_musculus_MTtRNA-Tyr-GTA	bowtie2	salmon	quantMtRNAseq_Cerebellum_tRNA_1	70566.0
Mus_musculus_MTtRNA-Tyr-GTA	bowtie2	salmon	quantMtRNAseq_Cerebellum_tRNA_2	49985.0
Mus_musculus_MTtRNA-Tyr-GTA	bowtie2	salmon	quantMtRNAseq_Cerebellum_tRNA_3	69987.0
Mus_musculus_MTtRNA-Tyr-GTA	bowtie2	salmon	quantMtRNAseq_Cortex_tRNA_1	62113.0
Mus_musculus_MTtRNA-Tyr-GTA	bowtie2	salmon	quantMtRNAseq_Cortex_tRNA_2	55882.0
Mus_musculus_MTtRNA-Tyr-GTA	bowtie2	salmon	quantMtRNAseq_Cortex_tRNA_3	58127.0
Mus_musculus_MTtRNA-Tyr-GTA	shrimp	salmon	quantMtRNAseq_Cerebellum_tRNA_1	62750.0
Mus_musculus_MTtRNA-Tyr-GTA	shrimp	salmon	quantMtRNAseq_Cerebellum_tRNA_2	44719.0
Mus_musculus_MTtRNA-Tyr-GTA	shrimp	salmon	quantMtRNAseq_Cerebellum_tRNA_3	63069.0
Mus_musculus_MTtRNA-Tyr-GTA	shrimp	salmon	quantMtRNAseq_Cortex_tRNA_1	53530.0
Mus_musculus_MTtRNA-Tyr-GTA	shrimp	salmon	quantMtRNAseq_Cortex_tRNA_2	50527.0
Mus_musculus_MTtRNA-Tyr-GTA	shrimp	salmon	quantMtRNAseq_Cortex_tRNA_3	52667.0
Mus_musculus_MTtRNA-Val-TAC	bowtie2	salmon	quantMtRNAseq_Cerebellum_tRNA_1	81228.0
Mus_musculus_MTtRNA-Val-TAC	bowtie2	salmon	quantMtRNAseq_Cerebellum_tRNA_2	57363.0
Mus_musculus_MTtRNA-Val-TAC	bowtie2	salmon	quantMtRNAseq_Cerebellum_tRNA_3	202491.0
Mus_musculus_MTtRNA-Val-TAC	bowtie2	salmon	quantMtRNAseq_Cortex_tRNA_1	102975.0
Mus_musculus_MTtRNA-Val-TAC	bowtie2	salmon	quantMtRNAseq_Cortex_tRNA_2	66694.0
Mus_musculus_MTtRNA-Val-TAC	bowtie2	salmon	quantMtRNAseq_Cortex_tRNA_3	158457.0
Mus_musculus_MTtRNA-Val-TAC	shrimp	salmon	quantMtRNAseq_Cerebellum_tRNA_1	77907.0
Mus_musculus_MTtRNA-Val-TAC	shrimp	salmon	quantMtRNAseq_Cerebellum_tRNA_2	55635.0
Mus_musculus_MTtRNA-Val-TAC	shrimp	salmon	quantMtRNAseq_Cerebellum_tRNA_3	199826.0
Mus_musculus_MTtRNA-Val-TAC	shrimp	salmon	quantMtRNAseq_Cortex_tRNA_1	91862.0
Mus_musculus_MTtRNA-Val-TAC	shrimp	salmon	quantMtRNAseq_Cortex_tRNA_2	65119.0
Mus_musculus_MTtRNA-Val-TAC	shrimp	salmon	quantMtRNAseq_Cortex_tRNA_3	156361.0
Mus_musculus_tRNA-Ala-AGC	bowtie2	salmon	quantMtRNAseq_Cerebellum_tRNA_1	172580.801
Mus_musculus_tRNA-Ala-AGC	bowtie2	salmon	quantMtRNAseq_Cerebellum_tRNA_2	124850.339
Mus_musculus_tRNA-Ala-AGC	bowtie2	salmon	quantMtRNAseq_Cerebellum_tRNA_3	123878.485
Mus_musculus_tRNA-Ala-AGC	bowtie2	salmon	quantMtRNAseq_Cortex_tRNA_1	138630.824
Mus_musculus_tRNA-Ala-AGC	bowtie2	salmon	quantMtRNAseq_Cortex_tRNA_2	146620.516
Mus_musculus_tRNA-Ala-AGC	bowtie2	salmon	quantMtRNAseq_Cortex_tRNA_3	106763.19900000001
Mus_musculus_tRNA-Ala-AGC	shrimp	salmon	quantMtRNAseq_Cerebellum_tRNA_1	51080.0
Mus_musculus_tRNA-Ala-AGC	shrimp	salmon	quantMtRNAseq_Cerebellum_tRNA_2	35860.0
Mus_musculus_tRNA-Ala-AGC	shrimp	salmon	quantMtRNAseq_Cerebellum_tRNA_3	42183.998999999996
Mus_musculus_tRNA-Ala-AGC	shrimp	salmon	quantMtRNAseq_Cortex_tRNA_1	40872.998999999996
Mus_musculus_tRNA-Ala-AGC	shrimp	salmon	quantMtRNAseq_Cortex_tRNA_2	47677.0
Mus_musculus_tRNA-Ala-AGC	shrimp	salmon	quantMtRNAseq_Cortex_tRNA_3	37952.998999999996
Mus_musculus_tRNA-Ala-CGC	bowtie2	salmon	quantMtRNAseq_Cerebellum_tRNA_1	22982.114
Mus_musculus_tRNA-Ala-CGC	bowtie2	salmon	quantMtRNAseq_Cerebellum_tRNA_2	16564.559
Mus_musculus_tRNA-Ala-CGC	bowtie2	salmon	quantMtRNAseq_Cerebellum_tRNA_3	15012.13
Mus_musculus_tRNA-Ala-CGC	bowtie2	salmon	quantMtRNAseq_Cortex_tRNA_1	21473.799
Mus_musculus_tRNA-Ala-CGC	bowtie2	salmon	quantMtRNAseq_Cortex_tRNA_2	22287.535
Mus_musculus_tRNA-Ala-CGC	bowtie2	salmon	quantMtRNAseq_Cortex_tRNA_3	13239.789
Mus_musculus_tRNA-Ala-CGC	shrimp	salmon	quantMtRNAseq_Cerebellum_tRNA_1	8226.591
Mus_musculus_tRNA-Ala-CGC	shrimp	salmon	quantMtRNAseq_Cerebellum_tRNA_2	5791.2919999999995
Mus_musculus_tRNA-Ala-CGC	shrimp	salmon	quantMtRNAseq_Cerebellum_tRNA_3	6605.044
Mus_musculus_tRNA-Ala-CGC	shrimp	salmon	quantMtRNAseq_Cortex_tRNA_1	5981.736000000001
Mus_musculus_tRNA-Ala-CGC	shrimp	salmon	quantMtRNAseq_Cortex_tRNA_2	8053.484
Mus_musculus_tRNA-Ala-CGC	shrimp	salmon	quantMtRNAseq_Cortex_tRNA_3	5867.239
Mus_musculus_tRNA-Ala-GGC	bowtie2	salmon	quantMtRNAseq_Cerebellum_tRNA_1	2.0
Mus_musculus_tRNA-Ala-GGC	bowtie2	salmon	quantMtRNAseq_Cerebellum_tRNA_2	0.0
Mus_musculus_tRNA-Ala-GGC	bowtie2	salmon	quantMtRNAseq_Cerebellum_tRNA_3	0.0
Mus_musculus_tRNA-Ala-GGC	bowtie2	salmon	quantMtRNAseq_Cortex_tRNA_1	0.0
Mus_musculus_tRNA-Ala-GGC	bowtie2	salmon	quantMtRNAseq_Cortex_tRNA_2	0.0
Mus_musculus_tRNA-Ala-GGC	bowtie2	salmon	quantMtRNAseq_Cortex_tRNA_3	0.0
Mus_musculus_tRNA-Ala-GGC	shrimp	salmon	quantMtRNAseq_Cerebellum_tRNA_1	0.0
Mus_musculus_tRNA-Ala-GGC	shrimp	salmon	quantMtRNAseq_Cerebellum_tRNA_2	0.0
Mus_musculus_tRNA-Ala-GGC	shrimp	salmon	quantMtRNAseq_Cerebellum_tRNA_3	0.0
Mus_musculus_tRNA-Ala-GGC	shrimp	salmon	quantMtRNAseq_Cortex_tRNA_1	0.0
Mus_musculus_tRNA-Ala-GGC	shrimp	salmon	quantMtRNAseq_Cortex_tRNA_2	0.0
Mus_musculus_tRNA-Ala-GGC	shrimp	salmon	quantMtRNAseq_Cortex_tRNA_3	0.0
Mus_musculus_tRNA-Ala-TGC	bowtie2	salmon	quantMtRNAseq_Cerebellum_tRNA_1	82783.524
Mus_musculus_tRNA-Ala-TGC	bowtie2	salmon	quantMtRNAseq_Cerebellum_tRNA_2	60657.112
Mus_musculus_tRNA-Ala-TGC	bowtie2	salmon	quantMtRNAseq_Cerebellum_tRNA_3	69126.38100000001
Mus_musculus_tRNA-Ala-TGC	bowtie2	salmon	quantMtRNAseq_Cortex_tRNA_1	85445.19200000001
Mus_musculus_tRNA-Ala-TGC	bowtie2	salmon	quantMtRNAseq_Cortex_tRNA_2	76753.881
Mus_musculus_tRNA-Ala-TGC	bowtie2	salmon	quantMtRNAseq_Cortex_tRNA_3	60610.012
Mus_musculus_tRNA-Ala-TGC	shrimp	salmon	quantMtRNAseq_Cerebellum_tRNA_1	39414.409999999996
Mus_musculus_tRNA-Ala-TGC	shrimp	salmon	quantMtRNAseq_Cerebellum_tRNA_2	29249.708
Mus_musculus_tRNA-Ala-TGC	shrimp	salmon	quantMtRNAseq_Cerebellum_tRNA_3	36038.957
Mus_musculus_tRNA-Ala-TGC	shrimp	salmon	quantMtRNAseq_Cortex_tRNA_1	34347.262
Mus_musculus_tRNA-Ala-TGC	shrimp	salmon	quantMtRNAseq_Cortex_tRNA_2	36066.515
Mus_musculus_tRNA-Ala-TGC	shrimp	salmon	quantMtRNAseq_Cortex_tRNA_3	29137.761
Mus_musculus_tRNA-Arg-ACG	bowtie2	salmon	quantMtRNAseq_Cerebellum_tRNA_1	120486.74799999999
Mus_musculus_tRNA-Arg-ACG	bowtie2	salmon	quantMtRNAseq_Cerebellum_tRNA_2	89710.31599999999
Mus_musculus_tRNA-Arg-ACG	bowtie2	salmon	quantMtRNAseq_Cerebellum_tRNA_3	201772.951
Mus_musculus_tRNA-Arg-ACG	bowtie2	salmon	quantMtRNAseq_Cortex_tRNA_1	58467.964
Mus_musculus_tRNA-Arg-ACG	bowtie2	salmon	quantMtRNAseq_Cortex_tRNA_2	94074.921
Mus_musculus_tRNA-Arg-ACG	bowtie2	salmon	quantMtRNAseq_Cortex_tRNA_3	182811.979
Mus_musculus_tRNA-Arg-ACG	shrimp	salmon	quantMtRNAseq_Cerebellum_tRNA_1	45449.97
Mus_musculus_tRNA-Arg-ACG	shrimp	salmon	quantMtRNAseq_Cerebellum_tRNA_2	27176.999
Mus_musculus_tRNA-Arg-ACG	shrimp	salmon	quantMtRNAseq_Cerebellum_tRNA_3	95168.0
Mus_musculus_tRNA-Arg-ACG	shrimp	salmon	quantMtRNAseq_Cortex_tRNA_1	13308.999
Mus_musculus_tRNA-Arg-ACG	shrimp	salmon	quantMtRNAseq_Cortex_tRNA_2	42518.0
Mus_musculus_tRNA-Arg-ACG	shrimp	salmon	quantMtRNAseq_Cortex_tRNA_3	81574.99900000001
Mus_musculus_tRNA-Arg-CCG	bowtie2	salmon	quantMtRNAseq_Cerebellum_tRNA_1	58413.544
Mus_musculus_tRNA-Arg-CCG	bowtie2	salmon	quantMtRNAseq_Cerebellum_tRNA_2	47880.365000000005
Mus_musculus_tRNA-Arg-CCG	bowtie2	salmon	quantMtRNAseq_Cerebellum_tRNA_3	96847.514
Mus_musculus_tRNA-Arg-CCG	bowtie2	salmon	quantMtRNAseq_Cortex_tRNA_1	72005.539
Mus_musculus_tRNA-Arg-CCG	bowtie2	salmon	quantMtRNAseq_Cortex_tRNA_2	59115.006
Mus_musculus_tRNA-Arg-CCG	bowtie2	salmon	quantMtRNAseq_Cortex_tRNA_3	92681.03099999999
Mus_musculus_tRNA-Arg-CCG	shrimp	salmon	quantMtRNAseq_Cerebellum_tRNA_1	39885.275
Mus_musculus_tRNA-Arg-CCG	shrimp	salmon	quantMtRNAseq_Cerebellum_tRNA_2	29733.025
Mus_musculus_tRNA-Arg-CCG	shrimp	salmon	quantMtRNAseq_Cerebellum_tRNA_3	70232.839
Mus_musculus_tRNA-Arg-CCG	shrimp	salmon	quantMtRNAseq_Cortex_tRNA_1	20574.962
Mus_musculus_tRNA-Arg-CCG	shrimp	salmon	quantMtRNAseq_Cortex_tRNA_2	39356.473
Mus_musculus_tRNA-Arg-CCG	shrimp	salmon	quantMtRNAseq_Cortex_tRNA_3	61546.676
Mus_musculus_tRNA-Arg-CCT	bowtie2	salmon	quantMtRNAseq_Cerebellum_tRNA_1	41298.46
Mus_musculus_tRNA-Arg-CCT	bowtie2	salmon	quantMtRNAseq_Cerebellum_tRNA_2	34287.496
Mus_musculus_tRNA-Arg-CCT	bowtie2	salmon	quantMtRNAseq_Cerebellum_tRNA_3	59850.366
Mus_musculus_tRNA-Arg-CCT	bowtie2	salmon	quantMtRNAseq_Cortex_tRNA_1	76777.317
Mus_musculus_tRNA-Arg-CCT	bowtie2	salmon	quantMtRNAseq_Cortex_tRNA_2	36886.371
Mus_musculus_tRNA-Arg-CCT	bowtie2	salmon	quantMtRNAseq_Cortex_tRNA_3	45093.772000000004
Mus_musculus_tRNA-Arg-CCT	shrimp	salmon	quantMtRNAseq_Cerebellum_tRNA_1	35632.001000000004
Mus_musculus_tRNA-Arg-CCT	shrimp	salmon	quantMtRNAseq_Cerebellum_tRNA_2	28445.0
Mus_musculus_tRNA-Arg-CCT	shrimp	salmon	quantMtRNAseq_Cerebellum_tRNA_3	54843.998999999996
Mus_musculus_tRNA-Arg-CCT	shrimp	salmon	quantMtRNAseq_Cortex_tRNA_1	61558.998999999996
Mus_musculus_tRNA-Arg-CCT	shrimp	salmon	quantMtRNAseq_Cortex_tRNA_2	32715.0
Mus_musculus_tRNA-Arg-CCT	shrimp	salmon	quantMtRNAseq_Cortex_tRNA_3	40563.0
Mus_musculus_tRNA-Arg-TCG	bowtie2	salmon	quantMtRNAseq_Cerebellum_tRNA_1	105437.196
Mus_musculus_tRNA-Arg-TCG	bowtie2	salmon	quantMtRNAseq_Cerebellum_tRNA_2	83153.80900000001
Mus_musculus_tRNA-Arg-TCG	bowtie2	salmon	quantMtRNAseq_Cerebellum_tRNA_3	179221.225
Mus_musculus_tRNA-Arg-TCG	bowtie2	salmon	quantMtRNAseq_Cortex_tRNA_1	45219.15
Mus_musculus_tRNA-Arg-TCG	bowtie2	salmon	quantMtRNAseq_Cortex_tRNA_2	89150.669
Mus_musculus_tRNA-Arg-TCG	bowtie2	salmon	quantMtRNAseq_Cortex_tRNA_3	147119.95500000002
Mus_musculus_tRNA-Arg-TCG	shrimp	salmon	quantMtRNAseq_Cerebellum_tRNA_1	50671.725
Mus_musculus_tRNA-Arg-TCG	shrimp	salmon	quantMtRNAseq_Cerebellum_tRNA_2	32396.974000000002
Mus_musculus_tRNA-Arg-TCG	shrimp	salmon	quantMtRNAseq_Cerebellum_tRNA_3	94600.161
Mus_musculus_tRNA-Arg-TCG	shrimp	salmon	quantMtRNAseq_Cortex_tRNA_1	11028.039
Mus_musculus_tRNA-Arg-TCG	shrimp	salmon	quantMtRNAseq_Cortex_tRNA_2	44845.527
Mus_musculus_tRNA-Arg-TCG	shrimp	salmon	quantMtRNAseq_Cortex_tRNA_3	72248.324
Mus_musculus_tRNA-Arg-TCT	bowtie2	salmon	quantMtRNAseq_Cerebellum_tRNA_1	36061.001
Mus_musculus_tRNA-Arg-TCT	bowtie2	salmon	quantMtRNAseq_Cerebellum_tRNA_2	29721.0
Mus_musculus_tRNA-Arg-TCT	bowtie2	salmon	quantMtRNAseq_Cerebellum_tRNA_3	54229.189999999995
Mus_musculus_tRNA-Arg-TCT	bowtie2	salmon	quantMtRNAseq_Cortex_tRNA_1	29287.998
Mus_musculus_tRNA-Arg-TCT	bowtie2	salmon	quantMtRNAseq_Cortex_tRNA_2	26316.999
Mus_musculus_tRNA-Arg-TCT	bowtie2	salmon	quantMtRNAseq_Cortex_tRNA_3	42601.011
Mus_musculus_tRNA-Arg-TCT	shrimp	salmon	quantMtRNAseq_Cerebellum_tRNA_1	1495.0
Mus_musculus_tRNA-Arg-TCT	shrimp	salmon	quantMtRNAseq_Cerebellum_tRNA_2	1045.0
Mus_musculus_tRNA-Arg-TCT	shrimp	salmon	quantMtRNAseq_Cerebellum_tRNA_3	2288.0
Mus_musculus_tRNA-Arg-TCT	shrimp	salmon	quantMtRNAseq_Cortex_tRNA_1	917.0
Mus_musculus_tRNA-Arg-TCT	shrimp	salmon	quantMtRNAseq_Cortex_tRNA_2	1958.0
Mus_musculus_tRNA-Arg-TCT	shrimp	salmon	quantMtRNAseq_Cortex_tRNA_3	2960.0
Mus_musculus_tRNA-Asn-ATT	bowtie2	salmon	quantMtRNAseq_Cerebellum_tRNA_1	2.0
Mus_musculus_tRNA-Asn-ATT	bowtie2	salmon	quantMtRNAseq_Cerebellum_tRNA_2	0.0
Mus_musculus_tRNA-Asn-ATT	bowtie2	salmon	quantMtRNAseq_Cerebellum_tRNA_3	0.0
Mus_musculus_tRNA-Asn-ATT	bowtie2	salmon	quantMtRNAseq_Cortex_tRNA_1	0.0
Mus_musculus_tRNA-Asn-ATT	bowtie2	salmon	quantMtRNAseq_Cortex_tRNA_2	0.0
Mus_musculus_tRNA-Asn-ATT	bowtie2	salmon	quantMtRNAseq_Cortex_tRNA_3	1.0
Mus_musculus_tRNA-Asn-ATT	shrimp	salmon	quantMtRNAseq_Cerebellum_tRNA_1	0.0
Mus_musculus_tRNA-Asn-ATT	shrimp	salmon	quantMtRNAseq_Cerebellum_tRNA_2	0.0
Mus_musculus_tRNA-Asn-ATT	shrimp	salmon	quantMtRNAseq_Cerebellum_tRNA_3	0.0
Mus_musculus_tRNA-Asn-ATT	shrimp	salmon	quantMtRNAseq_Cortex_tRNA_1	0.0
Mus_musculus_tRNA-Asn-ATT	shrimp	salmon	quantMtRNAseq_Cortex_tRNA_2	0.0
Mus_musculus_tRNA-Asn-ATT	shrimp	salmon	quantMtRNAseq_Cortex_tRNA_3	0.0
Mus_musculus_tRNA-Asn-GTT	bowtie2	salmon	quantMtRNAseq_Cerebellum_tRNA_1	208393.0
Mus_musculus_tRNA-Asn-GTT	bowtie2	salmon	quantMtRNAseq_Cerebellum_tRNA_2	155380.0
Mus_musculus_tRNA-Asn-GTT	bowtie2	salmon	quantMtRNAseq_Cerebellum_tRNA_3	294210.001
Mus_musculus_tRNA-Asn-GTT	bowtie2	salmon	quantMtRNAseq_Cortex_tRNA_1	140136.0
Mus_musculus_tRNA-Asn-GTT	bowtie2	salmon	quantMtRNAseq_Cortex_tRNA_2	210072.00100000002
Mus_musculus_tRNA-Asn-GTT	bowtie2	salmon	quantMtRNAseq_Cortex_tRNA_3	291547.991
Mus_musculus_tRNA-Asn-GTT	shrimp	salmon	quantMtRNAseq_Cerebellum_tRNA_1	178193.999
Mus_musculus_tRNA-Asn-GTT	shrimp	salmon	quantMtRNAseq_Cerebellum_tRNA_2	128424.0
Mus_musculus_tRNA-Asn-GTT	shrimp	salmon	quantMtRNAseq_Cerebellum_tRNA_3	254455.0
Mus_musculus_tRNA-Asn-GTT	shrimp	salmon	quantMtRNAseq_Cortex_tRNA_1	120044.0
Mus_musculus_tRNA-Asn-GTT	shrimp	salmon	quantMtRNAseq_Cortex_tRNA_2	182427.001
Mus_musculus_tRNA-Asn-GTT	shrimp	salmon	quantMtRNAseq_Cortex_tRNA_3	251501.0
Mus_musculus_tRNA-Asp-ATC	bowtie2	salmon	quantMtRNAseq_Cerebellum_tRNA_1	0.0
Mus_musculus_tRNA-Asp-ATC	bowtie2	salmon	quantMtRNAseq_Cerebellum_tRNA_2	0.0
Mus_musculus_tRNA-Asp-ATC	bowtie2	salmon	quantMtRNAseq_Cerebellum_tRNA_3	1.0
Mus_musculus_tRNA-Asp-ATC	bowtie2	salmon	quantMtRNAseq_Cortex_tRNA_1	0.0
Mus_musculus_tRNA-Asp-ATC	bowtie2	salmon	quantMtRNAseq_Cortex_tRNA_2	0.0
Mus_musculus_tRNA-Asp-ATC	bowtie2	salmon	quantMtRNAseq_Cortex_tRNA_3	0.0
Mus_musculus_tRNA-Asp-ATC	shrimp	salmon	quantMtRNAseq_Cerebellum_tRNA_1	0.0
Mus_musculus_tRNA-Asp-ATC	shrimp	salmon	quantMtRNAseq_Cerebellum_tRNA_2	0.0
Mus_musculus_tRNA-Asp-ATC	shrimp	salmon	quantMtRNAseq_Cerebellum_tRNA_3	0.0
Mus_musculus_tRNA-Asp-ATC	shrimp	salmon	quantMtRNAseq_Cortex_tRNA_1	0.0
Mus_musculus_tRNA-Asp-ATC	shrimp	salmon	quantMtRNAseq_Cortex_tRNA_2	0.0
Mus_musculus_tRNA-Asp-ATC	shrimp	salmon	quantMtRNAseq_Cortex_tRNA_3	0.0
Mus_musculus_tRNA-Asp-GTC	bowtie2	salmon	quantMtRNAseq_Cerebellum_tRNA_1	209076.001
Mus_musculus_tRNA-Asp-GTC	bowtie2	salmon	quantMtRNAseq_Cerebellum_tRNA_2	156253.001
Mus_musculus_tRNA-Asp-GTC	bowtie2	salmon	quantMtRNAseq_Cerebellum_tRNA_3	379033.99700000003
Mus_musculus_tRNA-Asp-GTC	bowtie2	salmon	quantMtRNAseq_Cortex_tRNA_1	229341.982
Mus_musculus_tRNA-Asp-GTC	bowtie2	salmon	quantMtRNAseq_Cortex_tRNA_2	192410.0
Mus_musculus_tRNA-Asp-GTC	bowtie2	salmon	quantMtRNAseq_Cortex_tRNA_3	298190.001
Mus_musculus_tRNA-Asp-GTC	shrimp	salmon	quantMtRNAseq_Cerebellum_tRNA_1	203593.998
Mus_musculus_tRNA-Asp-GTC	shrimp	salmon	quantMtRNAseq_Cerebellum_tRNA_2	152360.0
Mus_musculus_tRNA-Asp-GTC	shrimp	salmon	quantMtRNAseq_Cerebellum_tRNA_3	373564.999
Mus_musculus_tRNA-Asp-GTC	shrimp	salmon	quantMtRNAseq_Cortex_tRNA_1	217729.999
Mus_musculus_tRNA-Asp-GTC	shrimp	salmon	quantMtRNAseq_Cortex_tRNA_2	189035.0
Mus_musculus_tRNA-Asp-GTC	shrimp	salmon	quantMtRNAseq_Cortex_tRNA_3	293219.0
Mus_musculus_tRNA-Cys-ACA	bowtie2	salmon	quantMtRNAseq_Cerebellum_tRNA_1	0.0
Mus_musculus_tRNA-Cys-ACA	bowtie2	salmon	quantMtRNAseq_Cerebellum_tRNA_2	0.0
Mus_musculus_tRNA-Cys-ACA	bowtie2	salmon	quantMtRNAseq_Cerebellum_tRNA_3	0.0
Mus_musculus_tRNA-Cys-ACA	bowtie2	salmon	quantMtRNAseq_Cortex_tRNA_1	1.0
Mus_musculus_tRNA-Cys-ACA	bowtie2	salmon	quantMtRNAseq_Cortex_tRNA_2	0.0
Mus_musculus_tRNA-Cys-ACA	bowtie2	salmon	quantMtRNAseq_Cortex_tRNA_3	0.0
Mus_musculus_tRNA-Cys-ACA	shrimp	salmon	quantMtRNAseq_Cerebellum_tRNA_1	0.0
Mus_musculus_tRNA-Cys-ACA	shrimp	salmon	quantMtRNAseq_Cerebellum_tRNA_2	0.0
Mus_musculus_tRNA-Cys-ACA	shrimp	salmon	quantMtRNAseq_Cerebellum_tRNA_3	0.0
Mus_musculus_tRNA-Cys-ACA	shrimp	salmon	quantMtRNAseq_Cortex_tRNA_1	0.0
Mus_musculus_tRNA-Cys-ACA	shrimp	salmon	quantMtRNAseq_Cortex_tRNA_2	0.0
Mus_musculus_tRNA-Cys-ACA	shrimp	salmon	quantMtRNAseq_Cortex_tRNA_3	0.0
Mus_musculus_tRNA-Cys-GCA	bowtie2	salmon	quantMtRNAseq_Cerebellum_tRNA_1	53586.0
Mus_musculus_tRNA-Cys-GCA	bowtie2	salmon	quantMtRNAseq_Cerebellum_tRNA_2	35992.0
Mus_musculus_tRNA-Cys-GCA	bowtie2	salmon	quantMtRNAseq_Cerebellum_tRNA_3	113135.436
Mus_musculus_tRNA-Cys-GCA	bowtie2	salmon	quantMtRNAseq_Cortex_tRNA_1	12311.001
Mus_musculus_tRNA-Cys-GCA	bowtie2	salmon	quantMtRNAseq_Cortex_tRNA_2	37320.999
Mus_musculus_tRNA-Cys-GCA	bowtie2	salmon	quantMtRNAseq_Cortex_tRNA_3	82229.0
Mus_musculus_tRNA-Cys-GCA	shrimp	salmon	quantMtRNAseq_Cerebellum_tRNA_1	2922.0
Mus_musculus_tRNA-Cys-GCA	shrimp	salmon	quantMtRNAseq_Cerebellum_tRNA_2	2089.999
Mus_musculus_tRNA-Cys-GCA	shrimp	salmon	quantMtRNAseq_Cerebellum_tRNA_3	9869.0
Mus_musculus_tRNA-Cys-GCA	shrimp	salmon	quantMtRNAseq_Cortex_tRNA_1	2047.999
Mus_musculus_tRNA-Cys-GCA	shrimp	salmon	quantMtRNAseq_Cortex_tRNA_2	2400.0
Mus_musculus_tRNA-Cys-GCA	shrimp	salmon	quantMtRNAseq_Cortex_tRNA_3	8068.0
Mus_musculus_tRNA-Gln-CTG	bowtie2	salmon	quantMtRNAseq_Cerebellum_tRNA_1	40480.176999999996
Mus_musculus_tRNA-Gln-CTG	bowtie2	salmon	quantMtRNAseq_Cerebellum_tRNA_2	26335.484
Mus_musculus_tRNA-Gln-CTG	bowtie2	salmon	quantMtRNAseq_Cerebellum_tRNA_3	59220.527
Mus_musculus_tRNA-Gln-CTG	bowtie2	salmon	quantMtRNAseq_Cortex_tRNA_1	10320.112000000001
Mus_musculus_tRNA-Gln-CTG	bowtie2	salmon	quantMtRNAseq_Cortex_tRNA_2	21656.106
Mus_musculus_tRNA-Gln-CTG	bowtie2	salmon	quantMtRNAseq_Cortex_tRNA_3	40308.65
Mus_musculus_tRNA-Gln-CTG	shrimp	salmon	quantMtRNAseq_Cerebellum_tRNA_1	28946.347999999998
Mus_musculus_tRNA-Gln-CTG	shrimp	salmon	quantMtRNAseq_Cerebellum_tRNA_2	17129.451
Mus_musculus_tRNA-Gln-CTG	shrimp	salmon	quantMtRNAseq_Cerebellum_tRNA_3	51771.865
Mus_musculus_tRNA-Gln-CTG	shrimp	salmon	quantMtRNAseq_Cortex_tRNA_1	6937.629
Mus_musculus_tRNA-Gln-CTG	shrimp	salmon	quantMtRNAseq_Cortex_tRNA_2	17076.308
Mus_musculus_tRNA-Gln-CTG	shrimp	salmon	quantMtRNAseq_Cortex_tRNA_3	35468.812
Mus_musculus_tRNA-Gln-TTG	bowtie2	salmon	quantMtRNAseq_Cerebellum_tRNA_1	14752.823
Mus_musculus_tRNA-Gln-TTG	bowtie2	salmon	quantMtRNAseq_Cerebellum_tRNA_2	10217.516
Mus_musculus_tRNA-Gln-TTG	bowtie2	salmon	quantMtRNAseq_Cerebellum_tRNA_3	22591.472
Mus_musculus_tRNA-Gln-TTG	bowtie2	salmon	quantMtRNAseq_Cortex_tRNA_1	5238.889
Mus_musculus_tRNA-Gln-TTG	bowtie2	salmon	quantMtRNAseq_Cortex_tRNA_2	8574.895
Mus_musculus_tRNA-Gln-TTG	bowtie2	salmon	quantMtRNAseq_Cortex_tRNA_3	15384.35
Mus_musculus_tRNA-Gln-TTG	shrimp	salmon	quantMtRNAseq_Cerebellum_tRNA_1	7254.652
Mus_musculus_tRNA-Gln-TTG	shrimp	salmon	quantMtRNAseq_Cerebellum_tRNA_2	4445.549
Mus_musculus_tRNA-Gln-TTG	shrimp	salmon	quantMtRNAseq_Cerebellum_tRNA_3	14499.136
Mus_musculus_tRNA-Gln-TTG	shrimp	salmon	quantMtRNAseq_Cortex_tRNA_1	3162.371
Mus_musculus_tRNA-Gln-TTG	shrimp	salmon	quantMtRNAseq_Cortex_tRNA_2	4504.692
Mus_musculus_tRNA-Gln-TTG	shrimp	salmon	quantMtRNAseq_Cortex_tRNA_3	9795.188
Mus_musculus_tRNA-Glu-CTC	bowtie2	salmon	quantMtRNAseq_Cerebellum_tRNA_1	172495.294
Mus_musculus_tRNA-Glu-CTC	bowtie2	salmon	quantMtRNAseq_Cerebellum_tRNA_2	116811.59
Mus_musculus_tRNA-Glu-CTC	bowtie2	salmon	quantMtRNAseq_Cerebellum_tRNA_3	254453.691
Mus_musculus_tRNA-Glu-CTC	bowtie2	salmon	quantMtRNAseq_Cortex_tRNA_1	201588.22
Mus_musculus_tRNA-Glu-CTC	bowtie2	salmon	quantMtRNAseq_Cortex_tRNA_2	149367.858
Mus_musculus_tRNA-Glu-CTC	bowtie2	salmon	quantMtRNAseq_Cortex_tRNA_3	196641.003
Mus_musculus_tRNA-Glu-CTC	shrimp	salmon	quantMtRNAseq_Cerebellum_tRNA_1	150231.945
Mus_musculus_tRNA-Glu-CTC	shrimp	salmon	quantMtRNAseq_Cerebellum_tRNA_2	100713.968
Mus_musculus_tRNA-Glu-CTC	shrimp	salmon	quantMtRNAseq_Cerebellum_tRNA_3	242457.967
Mus_musculus_tRNA-Glu-CTC	shrimp	salmon	quantMtRNAseq_Cortex_tRNA_1	147282.259
Mus_musculus_tRNA-Glu-CTC	shrimp	salmon	quantMtRNAseq_Cortex_tRNA_2	137584.186
Mus_musculus_tRNA-Glu-CTC	shrimp	salmon	quantMtRNAseq_Cortex_tRNA_3	187902.69199999998
Mus_musculus_tRNA-Glu-TTC	bowtie2	salmon	quantMtRNAseq_Cerebellum_tRNA_1	128442.731
Mus_musculus_tRNA-Glu-TTC	bowtie2	salmon	quantMtRNAseq_Cerebellum_tRNA_2	89948.152
Mus_musculus_tRNA-Glu-TTC	bowtie2	salmon	quantMtRNAseq_Cerebellum_tRNA_3	175344.673
Mus_musculus_tRNA-Glu-TTC	bowtie2	salmon	quantMtRNAseq_Cortex_tRNA_1	101822.231
Mus_musculus_tRNA-Glu-TTC	bowtie2	salmon	quantMtRNAseq_Cortex_tRNA_2	100768.103
Mus_musculus_tRNA-Glu-TTC	bowtie2	salmon	quantMtRNAseq_Cortex_tRNA_3	127628.98300000001
Mus_musculus_tRNA-Glu-TTC	shrimp	salmon	quantMtRNAseq_Cerebellum_tRNA_1	108652.056
Mus_musculus_tRNA-Glu-TTC	shrimp	salmon	quantMtRNAseq_Cerebellum_tRNA_2	73309.032
Mus_musculus_tRNA-Glu-TTC	shrimp	salmon	quantMtRNAseq_Cerebellum_tRNA_3	160345.032
Mus_musculus_tRNA-Glu-TTC	shrimp	salmon	quantMtRNAseq_Cortex_tRNA_1	93302.742
Mus_musculus_tRNA-Glu-TTC	shrimp	salmon	quantMtRNAseq_Cortex_tRNA_2	89213.814
Mus_musculus_tRNA-Glu-TTC	shrimp	salmon	quantMtRNAseq_Cortex_tRNA_3	118271.306
Mus_musculus_tRNA-Gly-ACC	bowtie2	salmon	quantMtRNAseq_Cerebellum_tRNA_1	59.032
Mus_musculus_tRNA-Gly-ACC	bowtie2	salmon	quantMtRNAseq_Cerebellum_tRNA_2	83.525
Mus_musculus_tRNA-Gly-ACC	bowtie2	salmon	quantMtRNAseq_Cerebellum_tRNA_3	34.58
Mus_musculus_tRNA-Gly-ACC	bowtie2	salmon	quantMtRNAseq_Cortex_tRNA_1	27.509
Mus_musculus_tRNA-Gly-ACC	bowtie2	salmon	quantMtRNAseq_Cortex_tRNA_2	43.353
Mus_musculus_tRNA-Gly-ACC	bowtie2	salmon	quantMtRNAseq_Cortex_tRNA_3	34.618
Mus_musculus_tRNA-Gly-ACC	shrimp	salmon	quantMtRNAseq_Cerebellum_tRNA_1	23.0
Mus_musculus_tRNA-Gly-ACC	shrimp	salmon	quantMtRNAseq_Cerebellum_tRNA_2	27.0
Mus_musculus_tRNA-Gly-ACC	shrimp	salmon	quantMtRNAseq_Cerebellum_tRNA_3	21.0
Mus_musculus_tRNA-Gly-ACC	shrimp	salmon	quantMtRNAseq_Cortex_tRNA_1	14.0
Mus_musculus_tRNA-Gly-ACC	shrimp	salmon	quantMtRNAseq_Cortex_tRNA_2	22.0
Mus_musculus_tRNA-Gly-ACC	shrimp	salmon	quantMtRNAseq_Cortex_tRNA_3	10.0
Mus_musculus_tRNA-Gly-CCC	bowtie2	salmon	quantMtRNAseq_Cerebellum_tRNA_1	52515.551999999996
Mus_musculus_tRNA-Gly-CCC	bowtie2	salmon	quantMtRNAseq_Cerebellum_tRNA_2	33054.796
Mus_musculus_tRNA-Gly-CCC	bowtie2	salmon	quantMtRNAseq_Cerebellum_tRNA_3	51471.842000000004
Mus_musculus_tRNA-Gly-CCC	bowtie2	salmon	quantMtRNAseq_Cortex_tRNA_1	79099.381
Mus_musculus_tRNA-Gly-CCC	bowtie2	salmon	quantMtRNAseq_Cortex_tRNA_2	39500.168
Mus_musculus_tRNA-Gly-CCC	bowtie2	salmon	quantMtRNAseq_Cortex_tRNA_3	36890.649000000005
Mus_musculus_tRNA-Gly-CCC	shrimp	salmon	quantMtRNAseq_Cerebellum_tRNA_1	44415.521
Mus_musculus_tRNA-Gly-CCC	shrimp	salmon	quantMtRNAseq_Cerebellum_tRNA_2	29306.295
Mus_musculus_tRNA-Gly-CCC	shrimp	salmon	quantMtRNAseq_Cerebellum_tRNA_3	47114.013
Mus_musculus_tRNA-Gly-CCC	shrimp	salmon	quantMtRNAseq_Cortex_tRNA_1	60214.388999999996
Mus_musculus_tRNA-Gly-CCC	shrimp	salmon	quantMtRNAseq_Cortex_tRNA_2	36813.11
Mus_musculus_tRNA-Gly-CCC	shrimp	salmon	quantMtRNAseq_Cortex_tRNA_3	34575.0
Mus_musculus_tRNA-Gly-GCC	bowtie2	salmon	quantMtRNAseq_Cerebellum_tRNA_1	133407.454
Mus_musculus_tRNA-Gly-GCC	bowtie2	salmon	quantMtRNAseq_Cerebellum_tRNA_2	94222.195
Mus_musculus_tRNA-Gly-GCC	bowtie2	salmon	quantMtRNAseq_Cerebellum_tRNA_3	146300.501
Mus_musculus_tRNA-Gly-GCC	bowtie2	salmon	quantMtRNAseq_Cortex_tRNA_1	169160.655
Mus_musculus_tRNA-Gly-GCC	bowtie2	salmon	quantMtRNAseq_Cortex_tRNA_2	109800.66200000001
Mus_musculus_tRNA-Gly-GCC	bowtie2	salmon	quantMtRNAseq_Cortex_tRNA_3	111395.588
Mus_musculus_tRNA-Gly-GCC	shrimp	salmon	quantMtRNAseq_Cerebellum_tRNA_1	119634.48
Mus_musculus_tRNA-Gly-GCC	shrimp	salmon	quantMtRNAseq_Cerebellum_tRNA_2	85350.706
Mus_musculus_tRNA-Gly-GCC	shrimp	salmon	quantMtRNAseq_Cerebellum_tRNA_3	137115.986
Mus_musculus_tRNA-Gly-GCC	shrimp	salmon	quantMtRNAseq_Cortex_tRNA_1	146805.612
Mus_musculus_tRNA-Gly-GCC	shrimp	salmon	quantMtRNAseq_Cortex_tRNA_2	102982.889
Mus_musculus_tRNA-Gly-GCC	shrimp	salmon	quantMtRNAseq_Cortex_tRNA_3	105029.999
Mus_musculus_tRNA-Gly-TCC	bowtie2	salmon	quantMtRNAseq_Cerebellum_tRNA_1	69613.977
Mus_musculus_tRNA-Gly-TCC	bowtie2	salmon	quantMtRNAseq_Cerebellum_tRNA_2	56975.267
Mus_musculus_tRNA-Gly-TCC	bowtie2	salmon	quantMtRNAseq_Cerebellum_tRNA_3	87580.303
Mus_musculus_tRNA-Gly-TCC	bowtie2	salmon	quantMtRNAseq_Cortex_tRNA_1	117419.709
Mus_musculus_tRNA-Gly-TCC	bowtie2	salmon	quantMtRNAseq_Cortex_tRNA_2	49511.21
Mus_musculus_tRNA-Gly-TCC	bowtie2	salmon	quantMtRNAseq_Cortex_tRNA_3	64178.998999999996
Mus_musculus_tRNA-Gly-TCC	shrimp	salmon	quantMtRNAseq_Cerebellum_tRNA_1	56683.0
Mus_musculus_tRNA-Gly-TCC	shrimp	salmon	quantMtRNAseq_Cerebellum_tRNA_2	45292.0
Mus_musculus_tRNA-Gly-TCC	shrimp	salmon	quantMtRNAseq_Cerebellum_tRNA_3	80660.999
Mus_musculus_tRNA-Gly-TCC	shrimp	salmon	quantMtRNAseq_Cortex_tRNA_1	86118.0
Mus_musculus_tRNA-Gly-TCC	shrimp	salmon	quantMtRNAseq_Cortex_tRNA_2	43083.998999999996
Mus_musculus_tRNA-Gly-TCC	shrimp	salmon	quantMtRNAseq_Cortex_tRNA_3	58684.998999999996
Mus_musculus_tRNA-His-ATG	bowtie2	salmon	quantMtRNAseq_Cerebellum_tRNA_1	13.052
Mus_musculus_tRNA-His-ATG	bowtie2	salmon	quantMtRNAseq_Cerebellum_tRNA_2	10.015
Mus_musculus_tRNA-His-ATG	bowtie2	salmon	quantMtRNAseq_Cerebellum_tRNA_3	7.042
Mus_musculus_tRNA-His-ATG	bowtie2	salmon	quantMtRNAseq_Cortex_tRNA_1	9.029
Mus_musculus_tRNA-His-ATG	bowtie2	salmon	quantMtRNAseq_Cortex_tRNA_2	13.033
Mus_musculus_tRNA-His-ATG	bowtie2	salmon	quantMtRNAseq_Cortex_tRNA_3	15.021
Mus_musculus_tRNA-His-ATG	shrimp	salmon	quantMtRNAseq_Cerebellum_tRNA_1	1.03
Mus_musculus_tRNA-His-ATG	shrimp	salmon	quantMtRNAseq_Cerebellum_tRNA_2	1.0
Mus_musculus_tRNA-His-ATG	shrimp	salmon	quantMtRNAseq_Cerebellum_tRNA_3	1.0
Mus_musculus_tRNA-His-ATG	shrimp	salmon	quantMtRNAseq_Cortex_tRNA_1	0.0
Mus_musculus_tRNA-His-ATG	shrimp	salmon	quantMtRNAseq_Cortex_tRNA_2	0.0
Mus_musculus_tRNA-His-ATG	shrimp	salmon	quantMtRNAseq_Cortex_tRNA_3	0.0
Mus_musculus_tRNA-His-GTG	bowtie2	salmon	quantMtRNAseq_Cerebellum_tRNA_1	39513.999
Mus_musculus_tRNA-His-GTG	bowtie2	salmon	quantMtRNAseq_Cerebellum_tRNA_2	25857.001
Mus_musculus_tRNA-His-GTG	bowtie2	salmon	quantMtRNAseq_Cerebellum_tRNA_3	22370.0
Mus_musculus_tRNA-His-GTG	bowtie2	salmon	quantMtRNAseq_Cortex_tRNA_1	10956.999
Mus_musculus_tRNA-His-GTG	bowtie2	salmon	quantMtRNAseq_Cortex_tRNA_2	29510.001
Mus_musculus_tRNA-His-GTG	bowtie2	salmon	quantMtRNAseq_Cortex_tRNA_3	18856.001
Mus_musculus_tRNA-His-GTG	shrimp	salmon	quantMtRNAseq_Cerebellum_tRNA_1	11367.0
Mus_musculus_tRNA-His-GTG	shrimp	salmon	quantMtRNAseq_Cerebellum_tRNA_2	4562.999
Mus_musculus_tRNA-His-GTG	shrimp	salmon	quantMtRNAseq_Cerebellum_tRNA_3	7457.0
Mus_musculus_tRNA-His-GTG	shrimp	salmon	quantMtRNAseq_Cortex_tRNA_1	3126.0
Mus_musculus_tRNA-His-GTG	shrimp	salmon	quantMtRNAseq_Cortex_tRNA_2	8398.0
Mus_musculus_tRNA-His-GTG	shrimp	salmon	quantMtRNAseq_Cortex_tRNA_3	5667.998
Mus_musculus_tRNA-Ile-AAT	bowtie2	salmon	quantMtRNAseq_Cerebellum_tRNA_1	92094.861
Mus_musculus_tRNA-Ile-AAT	bowtie2	salmon	quantMtRNAseq_Cerebellum_tRNA_2	81131.994
Mus_musculus_tRNA-Ile-AAT	bowtie2	salmon	quantMtRNAseq_Cerebellum_tRNA_3	95374.001
Mus_musculus_tRNA-Ile-AAT	bowtie2	salmon	quantMtRNAseq_Cortex_tRNA_1	74401.937
Mus_musculus_tRNA-Ile-AAT	bowtie2	salmon	quantMtRNAseq_Cortex_tRNA_2	89245.068
Mus_musculus_tRNA-Ile-AAT	bowtie2	salmon	quantMtRNAseq_Cortex_tRNA_3	79315.423
Mus_musculus_tRNA-Ile-AAT	shrimp	salmon	quantMtRNAseq_Cerebellum_tRNA_1	40281.001
Mus_musculus_tRNA-Ile-AAT	shrimp	salmon	quantMtRNAseq_Cerebellum_tRNA_2	27026.001
Mus_musculus_tRNA-Ile-AAT	shrimp	salmon	quantMtRNAseq_Cerebellum_tRNA_3	52325.001
Mus_musculus_tRNA-Ile-AAT	shrimp	salmon	quantMtRNAseq_Cortex_tRNA_1	50498.998999999996
Mus_musculus_tRNA-Ile-AAT	shrimp	salmon	quantMtRNAseq_Cortex_tRNA_2	47928.001
Mus_musculus_tRNA-Ile-AAT	shrimp	salmon	quantMtRNAseq_Cortex_tRNA_3	44151.998999999996
Mus_musculus_tRNA-Ile-GAT	bowtie2	salmon	quantMtRNAseq_Cerebellum_tRNA_1	17.0
Mus_musculus_tRNA-Ile-GAT	bowtie2	salmon	quantMtRNAseq_Cerebellum_tRNA_2	16.0
Mus_musculus_tRNA-Ile-GAT	bowtie2	salmon	quantMtRNAseq_Cerebellum_tRNA_3	12.0
Mus_musculus_tRNA-Ile-GAT	bowtie2	salmon	quantMtRNAseq_Cortex_tRNA_1	14.063
Mus_musculus_tRNA-Ile-GAT	bowtie2	salmon	quantMtRNAseq_Cortex_tRNA_2	12.002
Mus_musculus_tRNA-Ile-GAT	bowtie2	salmon	quantMtRNAseq_Cortex_tRNA_3	8.576
Mus_musculus_tRNA-Ile-GAT	shrimp	salmon	quantMtRNAseq_Cerebellum_tRNA_1	0.0
Mus_musculus_tRNA-Ile-GAT	shrimp	salmon	quantMtRNAseq_Cerebellum_tRNA_2	1.0
Mus_musculus_tRNA-Ile-GAT	shrimp	salmon	quantMtRNAseq_Cerebellum_tRNA_3	2.0
Mus_musculus_tRNA-Ile-GAT	shrimp	salmon	quantMtRNAseq_Cortex_tRNA_1	0.0
Mus_musculus_tRNA-Ile-GAT	shrimp	salmon	quantMtRNAseq_Cortex_tRNA_2	2.0
Mus_musculus_tRNA-Ile-GAT	shrimp	salmon	quantMtRNAseq_Cortex_tRNA_3	0.0
Mus_musculus_tRNA-Ile-TAT	bowtie2	salmon	quantMtRNAseq_Cerebellum_tRNA_1	35755.0
Mus_musculus_tRNA-Ile-TAT	bowtie2	salmon	quantMtRNAseq_Cerebellum_tRNA_2	26770.000999999997
Mus_musculus_tRNA-Ile-TAT	bowtie2	salmon	quantMtRNAseq_Cerebellum_tRNA_3	35713.998999999996
Mus_musculus_tRNA-Ile-TAT	bowtie2	salmon	quantMtRNAseq_Cortex_tRNA_1	30465.001
Mus_musculus_tRNA-Ile-TAT	bowtie2	salmon	quantMtRNAseq_Cortex_tRNA_2	29646.001
Mus_musculus_tRNA-Ile-TAT	bowtie2	salmon	quantMtRNAseq_Cortex_tRNA_3	29225.001000000004
Mus_musculus_tRNA-Ile-TAT	shrimp	salmon	quantMtRNAseq_Cerebellum_tRNA_1	1.0
Mus_musculus_tRNA-Ile-TAT	shrimp	salmon	quantMtRNAseq_Cerebellum_tRNA_2	5.0
Mus_musculus_tRNA-Ile-TAT	shrimp	salmon	quantMtRNAseq_Cerebellum_tRNA_3	5.0
Mus_musculus_tRNA-Ile-TAT	shrimp	salmon	quantMtRNAseq_Cortex_tRNA_1	6.0
Mus_musculus_tRNA-Ile-TAT	shrimp	salmon	quantMtRNAseq_Cortex_tRNA_2	2.0
Mus_musculus_tRNA-Ile-TAT	shrimp	salmon	quantMtRNAseq_Cortex_tRNA_3	6.0
Mus_musculus_tRNA-Leu-AAG	bowtie2	salmon	quantMtRNAseq_Cerebellum_tRNA_1	28399.413
Mus_musculus_tRNA-Leu-AAG	bowtie2	salmon	quantMtRNAseq_Cerebellum_tRNA_2	20670.63
Mus_musculus_tRNA-Leu-AAG	bowtie2	salmon	quantMtRNAseq_Cerebellum_tRNA_3	20012.356
Mus_musculus_tRNA-Leu-AAG	bowtie2	salmon	quantMtRNAseq_Cortex_tRNA_1	6606.716
Mus_musculus_tRNA-Leu-AAG	bowtie2	salmon	quantMtRNAseq_Cortex_tRNA_2	21895.093
Mus_musculus_tRNA-Leu-AAG	bowtie2	salmon	quantMtRNAseq_Cortex_tRNA_3	14656.976
Mus_musculus_tRNA-Leu-AAG	shrimp	salmon	quantMtRNAseq_Cerebellum_tRNA_1	11170.298
Mus_musculus_tRNA-Leu-AAG	shrimp	salmon	quantMtRNAseq_Cerebellum_tRNA_2	5368.594
Mus_musculus_tRNA-Leu-AAG	shrimp	salmon	quantMtRNAseq_Cerebellum_tRNA_3	10915.382
Mus_musculus_tRNA-Leu-AAG	shrimp	salmon	quantMtRNAseq_Cortex_tRNA_1	4462.3330000000005
Mus_musculus_tRNA-Leu-AAG	shrimp	salmon	quantMtRNAseq_Cortex_tRNA_2	10680.362
Mus_musculus_tRNA-Leu-AAG	shrimp	salmon	quantMtRNAseq_Cortex_tRNA_3	8218.034
Mus_musculus_tRNA-Leu-CAA	bowtie2	salmon	quantMtRNAseq_Cerebellum_tRNA_1	0.0
Mus_musculus_tRNA-Leu-CAA	bowtie2	salmon	quantMtRNAseq_Cerebellum_tRNA_2	0.0
Mus_musculus_tRNA-Leu-CAA	bowtie2	salmon	quantMtRNAseq_Cerebellum_tRNA_3	0.0
Mus_musculus_tRNA-Leu-CAA	bowtie2	salmon	quantMtRNAseq_Cortex_tRNA_1	0.0
Mus_musculus_tRNA-Leu-CAA	bowtie2	salmon	quantMtRNAseq_Cortex_tRNA_2	0.0
Mus_musculus_tRNA-Leu-CAA	bowtie2	salmon	quantMtRNAseq_Cortex_tRNA_3	0.0
Mus_musculus_tRNA-Leu-CAA	shrimp	salmon	quantMtRNAseq_Cerebellum_tRNA_1	0.0
Mus_musculus_tRNA-Leu-CAA	shrimp	salmon	quantMtRNAseq_Cerebellum_tRNA_2	0.0
Mus_musculus_tRNA-Leu-CAA	shrimp	salmon	quantMtRNAseq_Cerebellum_tRNA_3	0.0
Mus_musculus_tRNA-Leu-CAA	shrimp	salmon	quantMtRNAseq_Cortex_tRNA_1	0.0
Mus_musculus_tRNA-Leu-CAA	shrimp	salmon	quantMtRNAseq_Cortex_tRNA_2	0.0
Mus_musculus_tRNA-Leu-CAA	shrimp	salmon	quantMtRNAseq_Cortex_tRNA_3	0.0
Mus_musculus_tRNA-Leu-CAG	bowtie2	salmon	quantMtRNAseq_Cerebellum_tRNA_1	65301.166
Mus_musculus_tRNA-Leu-CAG	bowtie2	salmon	quantMtRNAseq_Cerebellum_tRNA_2	43947.545
Mus_musculus_tRNA-Leu-CAG	bowtie2	salmon	quantMtRNAseq_Cerebellum_tRNA_3	51531.715
Mus_musculus_tRNA-Leu-CAG	bowtie2	salmon	quantMtRNAseq_Cortex_tRNA_1	15796.708999999999
Mus_musculus_tRNA-Leu-CAG	bowtie2	salmon	quantMtRNAseq_Cortex_tRNA_2	51580.695999999996
Mus_musculus_tRNA-Leu-CAG	bowtie2	salmon	quantMtRNAseq_Cortex_tRNA_3	40034.883
Mus_musculus_tRNA-Leu-CAG	shrimp	salmon	quantMtRNAseq_Cerebellum_tRNA_1	24379.001
Mus_musculus_tRNA-Leu-CAG	shrimp	salmon	quantMtRNAseq_Cerebellum_tRNA_2	12069.0
Mus_musculus_tRNA-Leu-CAG	shrimp	salmon	quantMtRNAseq_Cerebellum_tRNA_3	23390.0
Mus_musculus_tRNA-Leu-CAG	shrimp	salmon	quantMtRNAseq_Cortex_tRNA_1	7018.0019999999995
Mus_musculus_tRNA-Leu-CAG	shrimp	salmon	quantMtRNAseq_Cortex_tRNA_2	21436.0
Mus_musculus_tRNA-Leu-CAG	shrimp	salmon	quantMtRNAseq_Cortex_tRNA_3	17613.0
Mus_musculus_tRNA-Leu-TAA	bowtie2	salmon	quantMtRNAseq_Cerebellum_tRNA_1	25121.03
Mus_musculus_tRNA-Leu-TAA	bowtie2	salmon	quantMtRNAseq_Cerebellum_tRNA_2	18477.0
Mus_musculus_tRNA-Leu-TAA	bowtie2	salmon	quantMtRNAseq_Cerebellum_tRNA_3	31928.0
Mus_musculus_tRNA-Leu-TAA	bowtie2	salmon	quantMtRNAseq_Cortex_tRNA_1	6828.0
Mus_musculus_tRNA-Leu-TAA	bowtie2	salmon	quantMtRNAseq_Cortex_tRNA_2	22204.0
Mus_musculus_tRNA-Leu-TAA	bowtie2	salmon	quantMtRNAseq_Cortex_tRNA_3	27482.0
Mus_musculus_tRNA-Leu-TAA	shrimp	salmon	quantMtRNAseq_Cerebellum_tRNA_1	8573.0
Mus_musculus_tRNA-Leu-TAA	shrimp	salmon	quantMtRNAseq_Cerebellum_tRNA_2	4830.0
Mus_musculus_tRNA-Leu-TAA	shrimp	salmon	quantMtRNAseq_Cerebellum_tRNA_3	17014.0
Mus_musculus_tRNA-Leu-TAA	shrimp	salmon	quantMtRNAseq_Cortex_tRNA_1	3413.0
Mus_musculus_tRNA-Leu-TAA	shrimp	salmon	quantMtRNAseq_Cortex_tRNA_2	10603.0
Mus_musculus_tRNA-Leu-TAA	shrimp	salmon	quantMtRNAseq_Cortex_tRNA_3	14906.0
Mus_musculus_tRNA-Leu-TAG	bowtie2	salmon	quantMtRNAseq_Cerebellum_tRNA_1	26276.553
Mus_musculus_tRNA-Leu-TAG	bowtie2	salmon	quantMtRNAseq_Cerebellum_tRNA_2	19382.37
Mus_musculus_tRNA-Leu-TAG	bowtie2	salmon	quantMtRNAseq_Cerebellum_tRNA_3	17892.649
Mus_musculus_tRNA-Leu-TAG	bowtie2	salmon	quantMtRNAseq_Cortex_tRNA_1	5574.284
Mus_musculus_tRNA-Leu-TAG	bowtie2	salmon	quantMtRNAseq_Cortex_tRNA_2	19914.905
Mus_musculus_tRNA-Leu-TAG	bowtie2	salmon	quantMtRNAseq_Cortex_tRNA_3	13180.909
Mus_musculus_tRNA-Leu-TAG	shrimp	salmon	quantMtRNAseq_Cerebellum_tRNA_1	11040.702
Mus_musculus_tRNA-Leu-TAG	shrimp	salmon	quantMtRNAseq_Cerebellum_tRNA_2	5581.406
Mus_musculus_tRNA-Leu-TAG	shrimp	salmon	quantMtRNAseq_Cerebellum_tRNA_3	9838.619999999999
Mus_musculus_tRNA-Leu-TAG	shrimp	salmon	quantMtRNAseq_Cortex_tRNA_1	3691.667
Mus_musculus_tRNA-Leu-TAG	shrimp	salmon	quantMtRNAseq_Cortex_tRNA_2	9946.638
Mus_musculus_tRNA-Leu-TAG	shrimp	salmon	quantMtRNAseq_Cortex_tRNA_3	7458.966
Mus_musculus_tRNA-Lys-CTT	bowtie2	salmon	quantMtRNAseq_Cerebellum_tRNA_1	101393.96399999999
Mus_musculus_tRNA-Lys-CTT	bowtie2	salmon	quantMtRNAseq_Cerebellum_tRNA_2	78697.999
Mus_musculus_tRNA-Lys-CTT	bowtie2	salmon	quantMtRNAseq_Cerebellum_tRNA_3	236993.0
Mus_musculus_tRNA-Lys-CTT	bowtie2	salmon	quantMtRNAseq_Cortex_tRNA_1	113354.99799999999
Mus_musculus_tRNA-Lys-CTT	bowtie2	salmon	quantMtRNAseq_Cortex_tRNA_2	72785.001
Mus_musculus_tRNA-Lys-CTT	bowtie2	salmon	quantMtRNAseq_Cortex_tRNA_3	173538.001
Mus_musculus_tRNA-Lys-CTT	shrimp	salmon	quantMtRNAseq_Cerebellum_tRNA_1	64700.001000000004
Mus_musculus_tRNA-Lys-CTT	shrimp	salmon	quantMtRNAseq_Cerebellum_tRNA_2	39649.0
Mus_musculus_tRNA-Lys-CTT	shrimp	salmon	quantMtRNAseq_Cerebellum_tRNA_3	188610.0
Mus_musculus_tRNA-Lys-CTT	shrimp	salmon	quantMtRNAseq_Cortex_tRNA_1	77010.001
Mus_musculus_tRNA-Lys-CTT	shrimp	salmon	quantMtRNAseq_Cortex_tRNA_2	48053.0
Mus_musculus_tRNA-Lys-CTT	shrimp	salmon	quantMtRNAseq_Cortex_tRNA_3	135624.999
Mus_musculus_tRNA-Lys-TTT	bowtie2	salmon	quantMtRNAseq_Cerebellum_tRNA_1	337592.999
Mus_musculus_tRNA-Lys-TTT	bowtie2	salmon	quantMtRNAseq_Cerebellum_tRNA_2	258523.0
Mus_musculus_tRNA-Lys-TTT	bowtie2	salmon	quantMtRNAseq_Cerebellum_tRNA_3	705642.002
Mus_musculus_tRNA-Lys-TTT	bowtie2	salmon	quantMtRNAseq_Cortex_tRNA_1	253879.00799999997
Mus_musculus_tRNA-Lys-TTT	bowtie2	salmon	quantMtRNAseq_Cortex_tRNA_2	268439.0
Mus_musculus_tRNA-Lys-TTT	bowtie2	salmon	quantMtRNAseq_Cortex_tRNA_3	566828.999
Mus_musculus_tRNA-Lys-TTT	shrimp	salmon	quantMtRNAseq_Cerebellum_tRNA_1	3198.0
Mus_musculus_tRNA-Lys-TTT	shrimp	salmon	quantMtRNAseq_Cerebellum_tRNA_2	2402.0
Mus_musculus_tRNA-Lys-TTT	shrimp	salmon	quantMtRNAseq_Cerebellum_tRNA_3	6757.001
Mus_musculus_tRNA-Lys-TTT	shrimp	salmon	quantMtRNAseq_Cortex_tRNA_1	2309.0
Mus_musculus_tRNA-Lys-TTT	shrimp	salmon	quantMtRNAseq_Cortex_tRNA_2	2506.999
Mus_musculus_tRNA-Lys-TTT	shrimp	salmon	quantMtRNAseq_Cortex_tRNA_3	4845.999
Mus_musculus_tRNA-Met-CAT	bowtie2	salmon	quantMtRNAseq_Cerebellum_tRNA_1	129774.00099999999
Mus_musculus_tRNA-Met-CAT	bowtie2	salmon	quantMtRNAseq_Cerebellum_tRNA_2	87095.005
Mus_musculus_tRNA-Met-CAT	bowtie2	salmon	quantMtRNAseq_Cerebellum_tRNA_3	226075.003
Mus_musculus_tRNA-Met-CAT	bowtie2	salmon	quantMtRNAseq_Cortex_tRNA_1	136679.0
Mus_musculus_tRNA-Met-CAT	bowtie2	salmon	quantMtRNAseq_Cortex_tRNA_2	132980.999
Mus_musculus_tRNA-Met-CAT	bowtie2	salmon	quantMtRNAseq_Cortex_tRNA_3	209049.002
Mus_musculus_tRNA-Met-CAT	shrimp	salmon	quantMtRNAseq_Cerebellum_tRNA_1	113780.0
Mus_musculus_tRNA-Met-CAT	shrimp	salmon	quantMtRNAseq_Cerebellum_tRNA_2	75137.0
Mus_musculus_tRNA-Met-CAT	shrimp	salmon	quantMtRNAseq_Cerebellum_tRNA_3	202412.0
Mus_musculus_tRNA-Met-CAT	shrimp	salmon	quantMtRNAseq_Cortex_tRNA_1	123929.0
Mus_musculus_tRNA-Met-CAT	shrimp	salmon	quantMtRNAseq_Cortex_tRNA_2	118021.0
Mus_musculus_tRNA-Met-CAT	shrimp	salmon	quantMtRNAseq_Cortex_tRNA_3	187365.0
Mus_musculus_tRNA-Phe-GAA	bowtie2	salmon	quantMtRNAseq_Cerebellum_tRNA_1	137014.91700000002
Mus_musculus_tRNA-Phe-GAA	bowtie2	salmon	quantMtRNAseq_Cerebellum_tRNA_2	92791.542
Mus_musculus_tRNA-Phe-GAA	bowtie2	salmon	quantMtRNAseq_Cerebellum_tRNA_3	179861.845
Mus_musculus_tRNA-Phe-GAA	bowtie2	salmon	quantMtRNAseq_Cortex_tRNA_1	86232.955
Mus_musculus_tRNA-Phe-GAA	bowtie2	salmon	quantMtRNAseq_Cortex_tRNA_2	128520.99799999999
Mus_musculus_tRNA-Phe-GAA	bowtie2	salmon	quantMtRNAseq_Cortex_tRNA_3	182649.247
Mus_musculus_tRNA-Phe-GAA	shrimp	salmon	quantMtRNAseq_Cerebellum_tRNA_1	2065.9719999999998
Mus_musculus_tRNA-Phe-GAA	shrimp	salmon	quantMtRNAseq_Cerebellum_tRNA_2	1315.999
Mus_musculus_tRNA-Phe-GAA	shrimp	salmon	quantMtRNAseq_Cerebellum_tRNA_3	2993.996
Mus_musculus_tRNA-Phe-GAA	shrimp	salmon	quantMtRNAseq_Cortex_tRNA_1	774.998
Mus_musculus_tRNA-Phe-GAA	shrimp	salmon	quantMtRNAseq_Cortex_tRNA_2	2071.998
Mus_musculus_tRNA-Phe-GAA	shrimp	salmon	quantMtRNAseq_Cortex_tRNA_3	2809.0009999999997
Mus_musculus_tRNA-Pro-AGG	bowtie2	salmon	quantMtRNAseq_Cerebellum_tRNA_1	24246.847
Mus_musculus_tRNA-Pro-AGG	bowtie2	salmon	quantMtRNAseq_Cerebellum_tRNA_2	15959.149
Mus_musculus_tRNA-Pro-AGG	bowtie2	salmon	quantMtRNAseq_Cerebellum_tRNA_3	64394.248999999996
Mus_musculus_tRNA-Pro-AGG	bowtie2	salmon	quantMtRNAseq_Cortex_tRNA_1	11054.256
Mus_musculus_tRNA-Pro-AGG	bowtie2	salmon	quantMtRNAseq_Cortex_tRNA_2	19007.261
Mus_musculus_tRNA-Pro-AGG	bowtie2	salmon	quantMtRNAseq_Cortex_tRNA_3	50454.238
Mus_musculus_tRNA-Pro-AGG	shrimp	salmon	quantMtRNAseq_Cerebellum_tRNA_1	15298.792000000001
Mus_musculus_tRNA-Pro-AGG	shrimp	salmon	quantMtRNAseq_Cerebellum_tRNA_2	9616.065999999999
Mus_musculus_tRNA-Pro-AGG	shrimp	salmon	quantMtRNAseq_Cerebellum_tRNA_3	44270.676
Mus_musculus_tRNA-Pro-AGG	shrimp	salmon	quantMtRNAseq_Cortex_tRNA_1	4820.227
Mus_musculus_tRNA-Pro-AGG	shrimp	salmon	quantMtRNAseq_Cortex_tRNA_2	12668.764
Mus_musculus_tRNA-Pro-AGG	shrimp	salmon	quantMtRNAseq_Cortex_tRNA_3	33045.103
Mus_musculus_tRNA-Pro-CGG	bowtie2	salmon	quantMtRNAseq_Cerebellum_tRNA_1	10212.293
Mus_musculus_tRNA-Pro-CGG	bowtie2	salmon	quantMtRNAseq_Cerebellum_tRNA_2	6377.349
Mus_musculus_tRNA-Pro-CGG	bowtie2	salmon	quantMtRNAseq_Cerebellum_tRNA_3	27768.305
Mus_musculus_tRNA-Pro-CGG	bowtie2	salmon	quantMtRNAseq_Cortex_tRNA_1	4548.073
Mus_musculus_tRNA-Pro-CGG	bowtie2	salmon	quantMtRNAseq_Cortex_tRNA_2	8091.048
Mus_musculus_tRNA-Pro-CGG	bowtie2	salmon	quantMtRNAseq_Cortex_tRNA_3	21904.702
Mus_musculus_tRNA-Pro-CGG	shrimp	salmon	quantMtRNAseq_Cerebellum_tRNA_1	3459.12
Mus_musculus_tRNA-Pro-CGG	shrimp	salmon	quantMtRNAseq_Cerebellum_tRNA_2	2081.058
Mus_musculus_tRNA-Pro-CGG	shrimp	salmon	quantMtRNAseq_Cerebellum_tRNA_3	9762.714
Mus_musculus_tRNA-Pro-CGG	shrimp	salmon	quantMtRNAseq_Cortex_tRNA_1	1270.891
Mus_musculus_tRNA-Pro-CGG	shrimp	salmon	quantMtRNAseq_Cortex_tRNA_2	2740.768
Mus_musculus_tRNA-Pro-CGG	shrimp	salmon	quantMtRNAseq_Cortex_tRNA_3	7285.243
Mus_musculus_tRNA-Pro-GGG	bowtie2	salmon	quantMtRNAseq_Cerebellum_tRNA_1	0.0
Mus_musculus_tRNA-Pro-GGG	bowtie2	salmon	quantMtRNAseq_Cerebellum_tRNA_2	0.0
Mus_musculus_tRNA-Pro-GGG	bowtie2	salmon	quantMtRNAseq_Cerebellum_tRNA_3	0.0
Mus_musculus_tRNA-Pro-GGG	bowtie2	salmon	quantMtRNAseq_Cortex_tRNA_1	0.0
Mus_musculus_tRNA-Pro-GGG	bowtie2	salmon	quantMtRNAseq_Cortex_tRNA_2	0.0
Mus_musculus_tRNA-Pro-GGG	bowtie2	salmon	quantMtRNAseq_Cortex_tRNA_3	0.0
Mus_musculus_tRNA-Pro-GGG	shrimp	salmon	quantMtRNAseq_Cerebellum_tRNA_1	0.0
Mus_musculus_tRNA-Pro-GGG	shrimp	salmon	quantMtRNAseq_Cerebellum_tRNA_2	0.0
Mus_musculus_tRNA-Pro-GGG	shrimp	salmon	quantMtRNAseq_Cerebellum_tRNA_3	0.0
Mus_musculus_tRNA-Pro-GGG	shrimp	salmon	quantMtRNAseq_Cortex_tRNA_1	0.0
Mus_musculus_tRNA-Pro-GGG	shrimp	salmon	quantMtRNAseq_Cortex_tRNA_2	0.0
Mus_musculus_tRNA-Pro-GGG	shrimp	salmon	quantMtRNAseq_Cortex_tRNA_3	1.0
Mus_musculus_tRNA-Pro-TGG	bowtie2	salmon	quantMtRNAseq_Cerebellum_tRNA_1	21472.415
Mus_musculus_tRNA-Pro-TGG	bowtie2	salmon	quantMtRNAseq_Cerebellum_tRNA_2	13734.501
Mus_musculus_tRNA-Pro-TGG	bowtie2	salmon	quantMtRNAseq_Cerebellum_tRNA_3	58750.446
Mus_musculus_tRNA-Pro-TGG	bowtie2	salmon	quantMtRNAseq_Cortex_tRNA_1	10165.67
Mus_musculus_tRNA-Pro-TGG	bowtie2	salmon	quantMtRNAseq_Cortex_tRNA_2	16049.691
Mus_musculus_tRNA-Pro-TGG	bowtie2	salmon	quantMtRNAseq_Cortex_tRNA_3	45212.061
Mus_musculus_tRNA-Pro-TGG	shrimp	salmon	quantMtRNAseq_Cerebellum_tRNA_1	15621.087
Mus_musculus_tRNA-Pro-TGG	shrimp	salmon	quantMtRNAseq_Cerebellum_tRNA_2	9634.876
Mus_musculus_tRNA-Pro-TGG	shrimp	salmon	quantMtRNAseq_Cerebellum_tRNA_3	42618.61
Mus_musculus_tRNA-Pro-TGG	shrimp	salmon	quantMtRNAseq_Cortex_tRNA_1	5176.883
Mus_musculus_tRNA-Pro-TGG	shrimp	salmon	quantMtRNAseq_Cortex_tRNA_2	11892.468
Mus_musculus_tRNA-Pro-TGG	shrimp	salmon	quantMtRNAseq_Cortex_tRNA_3	31199.654000000002
Mus_musculus_tRNA-SeC-TCA	bowtie2	salmon	quantMtRNAseq_Cerebellum_tRNA_1	11187.0
Mus_musculus_tRNA-SeC-TCA	bowtie2	salmon	quantMtRNAseq_Cerebellum_tRNA_2	8619.0
Mus_musculus_tRNA-SeC-TCA	bowtie2	salmon	quantMtRNAseq_Cerebellum_tRNA_3	18788.0
Mus_musculus_tRNA-SeC-TCA	bowtie2	salmon	quantMtRNAseq_Cortex_tRNA_1	18584.0
Mus_musculus_tRNA-SeC-TCA	bowtie2	salmon	quantMtRNAseq_Cortex_tRNA_2	8417.0
Mus_musculus_tRNA-SeC-TCA	bowtie2	salmon	quantMtRNAseq_Cortex_tRNA_3	11340.0
Mus_musculus_tRNA-SeC-TCA	shrimp	salmon	quantMtRNAseq_Cerebellum_tRNA_1	8451.0
Mus_musculus_tRNA-SeC-TCA	shrimp	salmon	quantMtRNAseq_Cerebellum_tRNA_2	6831.0
Mus_musculus_tRNA-SeC-TCA	shrimp	salmon	quantMtRNAseq_Cerebellum_tRNA_3	16777.0
Mus_musculus_tRNA-SeC-TCA	shrimp	salmon	quantMtRNAseq_Cortex_tRNA_1	11180.0
Mus_musculus_tRNA-SeC-TCA	shrimp	salmon	quantMtRNAseq_Cortex_tRNA_2	7330.0
Mus_musculus_tRNA-SeC-TCA	shrimp	salmon	quantMtRNAseq_Cortex_tRNA_3	10045.0
Mus_musculus_tRNA-Ser-ACT	bowtie2	salmon	quantMtRNAseq_Cerebellum_tRNA_1	0.0
Mus_musculus_tRNA-Ser-ACT	bowtie2	salmon	quantMtRNAseq_Cerebellum_tRNA_2	0.0
Mus_musculus_tRNA-Ser-ACT	bowtie2	salmon	quantMtRNAseq_Cerebellum_tRNA_3	0.0
Mus_musculus_tRNA-Ser-ACT	bowtie2	salmon	quantMtRNAseq_Cortex_tRNA_1	0.0
Mus_musculus_tRNA-Ser-ACT	bowtie2	salmon	quantMtRNAseq_Cortex_tRNA_2	0.0
Mus_musculus_tRNA-Ser-ACT	bowtie2	salmon	quantMtRNAseq_Cortex_tRNA_3	0.0
Mus_musculus_tRNA-Ser-ACT	shrimp	salmon	quantMtRNAseq_Cerebellum_tRNA_1	0.0
Mus_musculus_tRNA-Ser-ACT	shrimp	salmon	quantMtRNAseq_Cerebellum_tRNA_2	0.0
Mus_musculus_tRNA-Ser-ACT	shrimp	salmon	quantMtRNAseq_Cerebellum_tRNA_3	0.0
Mus_musculus_tRNA-Ser-ACT	shrimp	salmon	quantMtRNAseq_Cortex_tRNA_1	0.0
Mus_musculus_tRNA-Ser-ACT	shrimp	salmon	quantMtRNAseq_Cortex_tRNA_2	0.0
Mus_musculus_tRNA-Ser-ACT	shrimp	salmon	quantMtRNAseq_Cortex_tRNA_3	0.0
Mus_musculus_tRNA-Ser-AGA	bowtie2	salmon	quantMtRNAseq_Cerebellum_tRNA_1	36674.132000000005
Mus_musculus_tRNA-Ser-AGA	bowtie2	salmon	quantMtRNAseq_Cerebellum_tRNA_2	25428.643
Mus_musculus_tRNA-Ser-AGA	bowtie2	salmon	quantMtRNAseq_Cerebellum_tRNA_3	61878.51899999999
Mus_musculus_tRNA-Ser-AGA	bowtie2	salmon	quantMtRNAseq_Cortex_tRNA_1	6468.198
Mus_musculus_tRNA-Ser-AGA	bowtie2	salmon	quantMtRNAseq_Cortex_tRNA_2	27892.678
Mus_musculus_tRNA-Ser-AGA	bowtie2	salmon	quantMtRNAseq_Cortex_tRNA_3	51241.178
Mus_musculus_tRNA-Ser-AGA	shrimp	salmon	quantMtRNAseq_Cerebellum_tRNA_1	13567.072
Mus_musculus_tRNA-Ser-AGA	shrimp	salmon	quantMtRNAseq_Cerebellum_tRNA_2	6854.911
Mus_musculus_tRNA-Ser-AGA	shrimp	salmon	quantMtRNAseq_Cerebellum_tRNA_3	36775.929
Mus_musculus_tRNA-Ser-AGA	shrimp	salmon	quantMtRNAseq_Cortex_tRNA_1	3520.604
Mus_musculus_tRNA-Ser-AGA	shrimp	salmon	quantMtRNAseq_Cortex_tRNA_2	13590.543
Mus_musculus_tRNA-Ser-AGA	shrimp	salmon	quantMtRNAseq_Cortex_tRNA_3	30555.176999999996
Mus_musculus_tRNA-Ser-CGA	bowtie2	salmon	quantMtRNAseq_Cerebellum_tRNA_1	50664.793000000005
Mus_musculus_tRNA-Ser-CGA	bowtie2	salmon	quantMtRNAseq_Cerebellum_tRNA_2	36008.455
Mus_musculus_tRNA-Ser-CGA	bowtie2	salmon	quantMtRNAseq_Cerebellum_tRNA_3	48844.277
Mus_musculus_tRNA-Ser-CGA	bowtie2	salmon	quantMtRNAseq_Cortex_tRNA_1	11170.291
Mus_musculus_tRNA-Ser-CGA	bowtie2	salmon	quantMtRNAseq_Cortex_tRNA_2	38035.359
Mus_musculus_tRNA-Ser-CGA	bowtie2	salmon	quantMtRNAseq_Cortex_tRNA_3	36362.142
Mus_musculus_tRNA-Ser-CGA	shrimp	salmon	quantMtRNAseq_Cerebellum_tRNA_1	9806.982
Mus_musculus_tRNA-Ser-CGA	shrimp	salmon	quantMtRNAseq_Cerebellum_tRNA_2	6390.0
Mus_musculus_tRNA-Ser-CGA	shrimp	salmon	quantMtRNAseq_Cerebellum_tRNA_3	14187.0
Mus_musculus_tRNA-Ser-CGA	shrimp	salmon	quantMtRNAseq_Cortex_tRNA_1	3247.0
Mus_musculus_tRNA-Ser-CGA	shrimp	salmon	quantMtRNAseq_Cortex_tRNA_2	8159.0
Mus_musculus_tRNA-Ser-CGA	shrimp	salmon	quantMtRNAseq_Cortex_tRNA_3	10730.0
Mus_musculus_tRNA-Ser-GCT	bowtie2	salmon	quantMtRNAseq_Cerebellum_tRNA_1	118637.045
Mus_musculus_tRNA-Ser-GCT	bowtie2	salmon	quantMtRNAseq_Cerebellum_tRNA_2	87966.90100000001
Mus_musculus_tRNA-Ser-GCT	bowtie2	salmon	quantMtRNAseq_Cerebellum_tRNA_3	209225.40900000004
Mus_musculus_tRNA-Ser-GCT	bowtie2	salmon	quantMtRNAseq_Cortex_tRNA_1	26325.000999999997
Mus_musculus_tRNA-Ser-GCT	bowtie2	salmon	quantMtRNAseq_Cortex_tRNA_2	82040.0
Mus_musculus_tRNA-Ser-GCT	bowtie2	salmon	quantMtRNAseq_Cortex_tRNA_3	161990.116
Mus_musculus_tRNA-Ser-GCT	shrimp	salmon	quantMtRNAseq_Cerebellum_tRNA_1	48634.00000000001
Mus_musculus_tRNA-Ser-GCT	shrimp	salmon	quantMtRNAseq_Cerebellum_tRNA_2	27061.0
Mus_musculus_tRNA-Ser-GCT	shrimp	salmon	quantMtRNAseq_Cerebellum_tRNA_3	117078.001
Mus_musculus_tRNA-Ser-GCT	shrimp	salmon	quantMtRNAseq_Cortex_tRNA_1	12320.0
Mus_musculus_tRNA-Ser-GCT	shrimp	salmon	quantMtRNAseq_Cortex_tRNA_2	39049.0
Mus_musculus_tRNA-Ser-GCT	shrimp	salmon	quantMtRNAseq_Cortex_tRNA_3	89503.999
Mus_musculus_tRNA-Ser-GGA	bowtie2	salmon	quantMtRNAseq_Cerebellum_tRNA_1	190.082
Mus_musculus_tRNA-Ser-GGA	bowtie2	salmon	quantMtRNAseq_Cerebellum_tRNA_2	168.446
Mus_musculus_tRNA-Ser-GGA	bowtie2	salmon	quantMtRNAseq_Cerebellum_tRNA_3	275.72
Mus_musculus_tRNA-Ser-GGA	bowtie2	salmon	quantMtRNAseq_Cortex_tRNA_1	86.045
Mus_musculus_tRNA-Ser-GGA	bowtie2	salmon	quantMtRNAseq_Cortex_tRNA_2	188.45
Mus_musculus_tRNA-Ser-GGA	bowtie2	salmon	quantMtRNAseq_Cortex_tRNA_3	283.527
Mus_musculus_tRNA-Ser-GGA	shrimp	salmon	quantMtRNAseq_Cerebellum_tRNA_1	2.026
Mus_musculus_tRNA-Ser-GGA	shrimp	salmon	quantMtRNAseq_Cerebellum_tRNA_2	1.0
Mus_musculus_tRNA-Ser-GGA	shrimp	salmon	quantMtRNAseq_Cerebellum_tRNA_3	2.005
Mus_musculus_tRNA-Ser-GGA	shrimp	salmon	quantMtRNAseq_Cortex_tRNA_1	2.0
Mus_musculus_tRNA-Ser-GGA	shrimp	salmon	quantMtRNAseq_Cortex_tRNA_2	1.0
Mus_musculus_tRNA-Ser-GGA	shrimp	salmon	quantMtRNAseq_Cortex_tRNA_3	3.0
Mus_musculus_tRNA-Ser-TGA	bowtie2	salmon	quantMtRNAseq_Cerebellum_tRNA_1	13553.896
Mus_musculus_tRNA-Ser-TGA	bowtie2	salmon	quantMtRNAseq_Cerebellum_tRNA_2	9701.358
Mus_musculus_tRNA-Ser-TGA	bowtie2	salmon	quantMtRNAseq_Cerebellum_tRNA_3	17343.481
Mus_musculus_tRNA-Ser-TGA	bowtie2	salmon	quantMtRNAseq_Cortex_tRNA_1	2935.801
Mus_musculus_tRNA-Ser-TGA	bowtie2	salmon	quantMtRNAseq_Cortex_tRNA_2	11187.267
Mus_musculus_tRNA-Ser-TGA	bowtie2	salmon	quantMtRNAseq_Cortex_tRNA_3	15936.821
Mus_musculus_tRNA-Ser-TGA	shrimp	salmon	quantMtRNAseq_Cerebellum_tRNA_1	4508.947
Mus_musculus_tRNA-Ser-TGA	shrimp	salmon	quantMtRNAseq_Cerebellum_tRNA_2	2152.089
Mus_musculus_tRNA-Ser-TGA	shrimp	salmon	quantMtRNAseq_Cerebellum_tRNA_3	8868.072
Mus_musculus_tRNA-Ser-TGA	shrimp	salmon	quantMtRNAseq_Cortex_tRNA_1	1440.395
Mus_musculus_tRNA-Ser-TGA	shrimp	salmon	quantMtRNAseq_Cortex_tRNA_2	5025.457
Mus_musculus_tRNA-Ser-TGA	shrimp	salmon	quantMtRNAseq_Cortex_tRNA_3	8452.823
Mus_musculus_tRNA-Sup-TCA	bowtie2	salmon	quantMtRNAseq_Cerebellum_tRNA_1	10.003
Mus_musculus_tRNA-Sup-TCA	bowtie2	salmon	quantMtRNAseq_Cerebellum_tRNA_2	8.002
Mus_musculus_tRNA-Sup-TCA	bowtie2	salmon	quantMtRNAseq_Cerebellum_tRNA_3	4.0
Mus_musculus_tRNA-Sup-TCA	bowtie2	salmon	quantMtRNAseq_Cortex_tRNA_1	5.001
Mus_musculus_tRNA-Sup-TCA	bowtie2	salmon	quantMtRNAseq_Cortex_tRNA_2	1.0
Mus_musculus_tRNA-Sup-TCA	bowtie2	salmon	quantMtRNAseq_Cortex_tRNA_3	3.0
Mus_musculus_tRNA-Sup-TCA	shrimp	salmon	quantMtRNAseq_Cerebellum_tRNA_1	31.0
Mus_musculus_tRNA-Sup-TCA	shrimp	salmon	quantMtRNAseq_Cerebellum_tRNA_2	13.0
Mus_musculus_tRNA-Sup-TCA	shrimp	salmon	quantMtRNAseq_Cerebellum_tRNA_3	59.0
Mus_musculus_tRNA-Sup-TCA	shrimp	salmon	quantMtRNAseq_Cortex_tRNA_1	20.0
Mus_musculus_tRNA-Sup-TCA	shrimp	salmon	quantMtRNAseq_Cortex_tRNA_2	15.0
Mus_musculus_tRNA-Sup-TCA	shrimp	salmon	quantMtRNAseq_Cortex_tRNA_3	46.0
Mus_musculus_tRNA-Sup-TTA	bowtie2	salmon	quantMtRNAseq_Cerebellum_tRNA_1	0.0
Mus_musculus_tRNA-Sup-TTA	bowtie2	salmon	quantMtRNAseq_Cerebellum_tRNA_2	0.0
Mus_musculus_tRNA-Sup-TTA	bowtie2	salmon	quantMtRNAseq_Cerebellum_tRNA_3	0.0
Mus_musculus_tRNA-Sup-TTA	bowtie2	salmon	quantMtRNAseq_Cortex_tRNA_1	0.0
Mus_musculus_tRNA-Sup-TTA	bowtie2	salmon	quantMtRNAseq_Cortex_tRNA_2	0.0
Mus_musculus_tRNA-Sup-TTA	bowtie2	salmon	quantMtRNAseq_Cortex_tRNA_3	0.0
Mus_musculus_tRNA-Sup-TTA	shrimp	salmon	quantMtRNAseq_Cerebellum_tRNA_1	0.0
Mus_musculus_tRNA-Sup-TTA	shrimp	salmon	quantMtRNAseq_Cerebellum_tRNA_2	0.0
Mus_musculus_tRNA-Sup-TTA	shrimp	salmon	quantMtRNAseq_Cerebellum_tRNA_3	0.0
Mus_musculus_tRNA-Sup-TTA	shrimp	salmon	quantMtRNAseq_Cortex_tRNA_1	0.0
Mus_musculus_tRNA-Sup-TTA	shrimp	salmon	quantMtRNAseq_Cortex_tRNA_2	0.0
Mus_musculus_tRNA-Sup-TTA	shrimp	salmon	quantMtRNAseq_Cortex_tRNA_3	0.0
Mus_musculus_tRNA-Thr-AGT	bowtie2	salmon	quantMtRNAseq_Cerebellum_tRNA_1	78286.348
Mus_musculus_tRNA-Thr-AGT	bowtie2	salmon	quantMtRNAseq_Cerebellum_tRNA_2	69328.031
Mus_musculus_tRNA-Thr-AGT	bowtie2	salmon	quantMtRNAseq_Cerebellum_tRNA_3	110757.443
Mus_musculus_tRNA-Thr-AGT	bowtie2	salmon	quantMtRNAseq_Cortex_tRNA_1	25330.837
Mus_musculus_tRNA-Thr-AGT	bowtie2	salmon	quantMtRNAseq_Cortex_tRNA_2	58909.585999999996
Mus_musculus_tRNA-Thr-AGT	bowtie2	salmon	quantMtRNAseq_Cortex_tRNA_3	86795.366
Mus_musculus_tRNA-Thr-AGT	shrimp	salmon	quantMtRNAseq_Cerebellum_tRNA_1	23968.34
Mus_musculus_tRNA-Thr-AGT	shrimp	salmon	quantMtRNAseq_Cerebellum_tRNA_2	14423.768
Mus_musculus_tRNA-Thr-AGT	shrimp	salmon	quantMtRNAseq_Cerebellum_tRNA_3	33206.825
Mus_musculus_tRNA-Thr-AGT	shrimp	salmon	quantMtRNAseq_Cortex_tRNA_1	7262.006
Mus_musculus_tRNA-Thr-AGT	shrimp	salmon	quantMtRNAseq_Cortex_tRNA_2	20055.462
Mus_musculus_tRNA-Thr-AGT	shrimp	salmon	quantMtRNAseq_Cortex_tRNA_3	24932.8
Mus_musculus_tRNA-Thr-CGT	bowtie2	salmon	quantMtRNAseq_Cerebellum_tRNA_1	20840.428
Mus_musculus_tRNA-Thr-CGT	bowtie2	salmon	quantMtRNAseq_Cerebellum_tRNA_2	14543.27
Mus_musculus_tRNA-Thr-CGT	bowtie2	salmon	quantMtRNAseq_Cerebellum_tRNA_3	37520.004
Mus_musculus_tRNA-Thr-CGT	bowtie2	salmon	quantMtRNAseq_Cortex_tRNA_1	8696.471
Mus_musculus_tRNA-Thr-CGT	bowtie2	salmon	quantMtRNAseq_Cortex_tRNA_2	17220.388
Mus_musculus_tRNA-Thr-CGT	bowtie2	salmon	quantMtRNAseq_Cortex_tRNA_3	32171.773999999998
Mus_musculus_tRNA-Thr-CGT	shrimp	salmon	quantMtRNAseq_Cerebellum_tRNA_1	10995.386999999999
Mus_musculus_tRNA-Thr-CGT	shrimp	salmon	quantMtRNAseq_Cerebellum_tRNA_2	5932.79
Mus_musculus_tRNA-Thr-CGT	shrimp	salmon	quantMtRNAseq_Cerebellum_tRNA_3	25265.148
Mus_musculus_tRNA-Thr-CGT	shrimp	salmon	quantMtRNAseq_Cortex_tRNA_1	5832.588
Mus_musculus_tRNA-Thr-CGT	shrimp	salmon	quantMtRNAseq_Cortex_tRNA_2	10605.232
Mus_musculus_tRNA-Thr-CGT	shrimp	salmon	quantMtRNAseq_Cortex_tRNA_3	21848.453999999998
Mus_musculus_tRNA-Thr-GGT	bowtie2	salmon	quantMtRNAseq_Cerebellum_tRNA_1	0.0
Mus_musculus_tRNA-Thr-GGT	bowtie2	salmon	quantMtRNAseq_Cerebellum_tRNA_2	0.0
Mus_musculus_tRNA-Thr-GGT	bowtie2	salmon	quantMtRNAseq_Cerebellum_tRNA_3	0.25
Mus_musculus_tRNA-Thr-GGT	bowtie2	salmon	quantMtRNAseq_Cortex_tRNA_1	0.0
Mus_musculus_tRNA-Thr-GGT	bowtie2	salmon	quantMtRNAseq_Cortex_tRNA_2	0.0
Mus_musculus_tRNA-Thr-GGT	bowtie2	salmon	quantMtRNAseq_Cortex_tRNA_3	0.0
Mus_musculus_tRNA-Thr-GGT	shrimp	salmon	quantMtRNAseq_Cerebellum_tRNA_1	0.0
Mus_musculus_tRNA-Thr-GGT	shrimp	salmon	quantMtRNAseq_Cerebellum_tRNA_2	0.0
Mus_musculus_tRNA-Thr-GGT	shrimp	salmon	quantMtRNAseq_Cerebellum_tRNA_3	0.0
Mus_musculus_tRNA-Thr-GGT	shrimp	salmon	quantMtRNAseq_Cortex_tRNA_1	0.0
Mus_musculus_tRNA-Thr-GGT	shrimp	salmon	quantMtRNAseq_Cortex_tRNA_2	0.0
Mus_musculus_tRNA-Thr-GGT	shrimp	salmon	quantMtRNAseq_Cortex_tRNA_3	0.0
Mus_musculus_tRNA-Thr-TGT	bowtie2	salmon	quantMtRNAseq_Cerebellum_tRNA_1	34611.34
Mus_musculus_tRNA-Thr-TGT	bowtie2	salmon	quantMtRNAseq_Cerebellum_tRNA_2	27391.797
Mus_musculus_tRNA-Thr-TGT	bowtie2	salmon	quantMtRNAseq_Cerebellum_tRNA_3	74820.613
Mus_musculus_tRNA-Thr-TGT	bowtie2	salmon	quantMtRNAseq_Cortex_tRNA_1	10905.692
Mus_musculus_tRNA-Thr-TGT	bowtie2	salmon	quantMtRNAseq_Cortex_tRNA_2	27670.025999999998
Mus_musculus_tRNA-Thr-TGT	bowtie2	salmon	quantMtRNAseq_Cortex_tRNA_3	57980.076
Mus_musculus_tRNA-Thr-TGT	shrimp	salmon	quantMtRNAseq_Cerebellum_tRNA_1	14058.273000000001
Mus_musculus_tRNA-Thr-TGT	shrimp	salmon	quantMtRNAseq_Cerebellum_tRNA_2	9500.442
Mus_musculus_tRNA-Thr-TGT	shrimp	salmon	quantMtRNAseq_Cerebellum_tRNA_3	36841.027
Mus_musculus_tRNA-Thr-TGT	shrimp	salmon	quantMtRNAseq_Cortex_tRNA_1	5956.407
Mus_musculus_tRNA-Thr-TGT	shrimp	salmon	quantMtRNAseq_Cortex_tRNA_2	12707.306
Mus_musculus_tRNA-Thr-TGT	shrimp	salmon	quantMtRNAseq_Cortex_tRNA_3	29426.746
Mus_musculus_tRNA-Trp-CCA	bowtie2	salmon	quantMtRNAseq_Cerebellum_tRNA_1	59172.0
Mus_musculus_tRNA-Trp-CCA	bowtie2	salmon	quantMtRNAseq_Cerebellum_tRNA_2	40630.0
Mus_musculus_tRNA-Trp-CCA	bowtie2	salmon	quantMtRNAseq_Cerebellum_tRNA_3	60795.001000000004
Mus_musculus_tRNA-Trp-CCA	bowtie2	salmon	quantMtRNAseq_Cortex_tRNA_1	20587.999
Mus_musculus_tRNA-Trp-CCA	bowtie2	salmon	quantMtRNAseq_Cortex_tRNA_2	49562.0
Mus_musculus_tRNA-Trp-CCA	bowtie2	salmon	quantMtRNAseq_Cortex_tRNA_3	44443.001
Mus_musculus_tRNA-Trp-CCA	shrimp	salmon	quantMtRNAseq_Cerebellum_tRNA_1	30385.0
Mus_musculus_tRNA-Trp-CCA	shrimp	salmon	quantMtRNAseq_Cerebellum_tRNA_2	17679.999
Mus_musculus_tRNA-Trp-CCA	shrimp	salmon	quantMtRNAseq_Cerebellum_tRNA_3	33573.998999999996
Mus_musculus_tRNA-Trp-CCA	shrimp	salmon	quantMtRNAseq_Cortex_tRNA_1	8099.001
Mus_musculus_tRNA-Trp-CCA	shrimp	salmon	quantMtRNAseq_Cortex_tRNA_2	26132.001
Mus_musculus_tRNA-Trp-CCA	shrimp	salmon	quantMtRNAseq_Cortex_tRNA_3	22001.000999999997
Mus_musculus_tRNA-Tyr-GTA	bowtie2	salmon	quantMtRNAseq_Cerebellum_tRNA_1	93574.027
Mus_musculus_tRNA-Tyr-GTA	bowtie2	salmon	quantMtRNAseq_Cerebellum_tRNA_2	71786.001
Mus_musculus_tRNA-Tyr-GTA	bowtie2	salmon	quantMtRNAseq_Cerebellum_tRNA_3	107610.999
Mus_musculus_tRNA-Tyr-GTA	bowtie2	salmon	quantMtRNAseq_Cortex_tRNA_1	48474.998999999996
Mus_musculus_tRNA-Tyr-GTA	bowtie2	salmon	quantMtRNAseq_Cortex_tRNA_2	79745.0
Mus_musculus_tRNA-Tyr-GTA	bowtie2	salmon	quantMtRNAseq_Cortex_tRNA_3	87634.0
Mus_musculus_tRNA-Tyr-GTA	shrimp	salmon	quantMtRNAseq_Cerebellum_tRNA_1	0.0
Mus_musculus_tRNA-Tyr-GTA	shrimp	salmon	quantMtRNAseq_Cerebellum_tRNA_2	0.0
Mus_musculus_tRNA-Tyr-GTA	shrimp	salmon	quantMtRNAseq_Cerebellum_tRNA_3	0.0
Mus_musculus_tRNA-Tyr-GTA	shrimp	salmon	quantMtRNAseq_Cortex_tRNA_1	1.0
Mus_musculus_tRNA-Tyr-GTA	shrimp	salmon	quantMtRNAseq_Cortex_tRNA_2	0.0
Mus_musculus_tRNA-Tyr-GTA	shrimp	salmon	quantMtRNAseq_Cortex_tRNA_3	0.0
Mus_musculus_tRNA-Und-NNN	bowtie2	salmon	quantMtRNAseq_Cerebellum_tRNA_1	2.0
Mus_musculus_tRNA-Und-NNN	bowtie2	salmon	quantMtRNAseq_Cerebellum_tRNA_2	0.0
Mus_musculus_tRNA-Und-NNN	bowtie2	salmon	quantMtRNAseq_Cerebellum_tRNA_3	2.0
Mus_musculus_tRNA-Und-NNN	bowtie2	salmon	quantMtRNAseq_Cortex_tRNA_1	4.0
Mus_musculus_tRNA-Und-NNN	bowtie2	salmon	quantMtRNAseq_Cortex_tRNA_2	0.0
Mus_musculus_tRNA-Und-NNN	bowtie2	salmon	quantMtRNAseq_Cortex_tRNA_3	1.0
Mus_musculus_tRNA-Und-NNN	shrimp	salmon	quantMtRNAseq_Cerebellum_tRNA_1	0.0
Mus_musculus_tRNA-Und-NNN	shrimp	salmon	quantMtRNAseq_Cerebellum_tRNA_2	0.0
Mus_musculus_tRNA-Und-NNN	shrimp	salmon	quantMtRNAseq_Cerebellum_tRNA_3	0.0
Mus_musculus_tRNA-Und-NNN	shrimp	salmon	quantMtRNAseq_Cortex_tRNA_1	1.0
Mus_musculus_tRNA-Und-NNN	shrimp	salmon	quantMtRNAseq_Cortex_tRNA_2	0.0
Mus_musculus_tRNA-Und-NNN	shrimp	salmon	quantMtRNAseq_Cortex_tRNA_3	0.0
Mus_musculus_tRNA-Val-AAC	bowtie2	salmon	quantMtRNAseq_Cerebellum_tRNA_1	69803.029
Mus_musculus_tRNA-Val-AAC	bowtie2	salmon	quantMtRNAseq_Cerebellum_tRNA_2	54762.945
Mus_musculus_tRNA-Val-AAC	bowtie2	salmon	quantMtRNAseq_Cerebellum_tRNA_3	54274.612
Mus_musculus_tRNA-Val-AAC	bowtie2	salmon	quantMtRNAseq_Cortex_tRNA_1	20059.2
Mus_musculus_tRNA-Val-AAC	bowtie2	salmon	quantMtRNAseq_Cortex_tRNA_2	49635.613
Mus_musculus_tRNA-Val-AAC	bowtie2	salmon	quantMtRNAseq_Cortex_tRNA_3	40348.96
Mus_musculus_tRNA-Val-AAC	shrimp	salmon	quantMtRNAseq_Cerebellum_tRNA_1	62269.017
Mus_musculus_tRNA-Val-AAC	shrimp	salmon	quantMtRNAseq_Cerebellum_tRNA_2	46067.393000000004
Mus_musculus_tRNA-Val-AAC	shrimp	salmon	quantMtRNAseq_Cerebellum_tRNA_3	50518.781
Mus_musculus_tRNA-Val-AAC	shrimp	salmon	quantMtRNAseq_Cortex_tRNA_1	18549.085
Mus_musculus_tRNA-Val-AAC	shrimp	salmon	quantMtRNAseq_Cortex_tRNA_2	45025.474
Mus_musculus_tRNA-Val-AAC	shrimp	salmon	quantMtRNAseq_Cortex_tRNA_3	37622.198000000004
Mus_musculus_tRNA-Val-CAC	bowtie2	salmon	quantMtRNAseq_Cerebellum_tRNA_1	73882.939
Mus_musculus_tRNA-Val-CAC	bowtie2	salmon	quantMtRNAseq_Cerebellum_tRNA_2	57101.53
Mus_musculus_tRNA-Val-CAC	bowtie2	salmon	quantMtRNAseq_Cerebellum_tRNA_3	61184.799
Mus_musculus_tRNA-Val-CAC	bowtie2	salmon	quantMtRNAseq_Cortex_tRNA_1	23851.291
Mus_musculus_tRNA-Val-CAC	bowtie2	salmon	quantMtRNAseq_Cortex_tRNA_2	58633.586
Mus_musculus_tRNA-Val-CAC	bowtie2	salmon	quantMtRNAseq_Cortex_tRNA_3	48169.421
Mus_musculus_tRNA-Val-CAC	shrimp	salmon	quantMtRNAseq_Cerebellum_tRNA_1	66567.984
Mus_musculus_tRNA-Val-CAC	shrimp	salmon	quantMtRNAseq_Cerebellum_tRNA_2	50070.609000000004
Mus_musculus_tRNA-Val-CAC	shrimp	salmon	quantMtRNAseq_Cerebellum_tRNA_3	57129.218
Mus_musculus_tRNA-Val-CAC	shrimp	salmon	quantMtRNAseq_Cortex_tRNA_1	21987.914
Mus_musculus_tRNA-Val-CAC	shrimp	salmon	quantMtRNAseq_Cortex_tRNA_2	53388.525
Mus_musculus_tRNA-Val-CAC	shrimp	salmon	quantMtRNAseq_Cortex_tRNA_3	44883.802
Mus_musculus_tRNA-Val-GAC	bowtie2	salmon	quantMtRNAseq_Cerebellum_tRNA_1	1.0
Mus_musculus_tRNA-Val-GAC	bowtie2	salmon	quantMtRNAseq_Cerebellum_tRNA_2	0.0
Mus_musculus_tRNA-Val-GAC	bowtie2	salmon	quantMtRNAseq_Cerebellum_tRNA_3	0.0
Mus_musculus_tRNA-Val-GAC	bowtie2	salmon	quantMtRNAseq_Cortex_tRNA_1	0.0
Mus_musculus_tRNA-Val-GAC	bowtie2	salmon	quantMtRNAseq_Cortex_tRNA_2	0.0
Mus_musculus_tRNA-Val-GAC	bowtie2	salmon	quantMtRNAseq_Cortex_tRNA_3	0.0
Mus_musculus_tRNA-Val-GAC	shrimp	salmon	quantMtRNAseq_Cerebellum_tRNA_1	0.0
Mus_musculus_tRNA-Val-GAC	shrimp	salmon	quantMtRNAseq_Cerebellum_tRNA_2	0.0
Mus_musculus_tRNA-Val-GAC	shrimp	salmon	quantMtRNAseq_Cerebellum_tRNA_3	0.0
Mus_musculus_tRNA-Val-GAC	shrimp	salmon	quantMtRNAseq_Cortex_tRNA_1	0.0
Mus_musculus_tRNA-Val-GAC	shrimp	salmon	quantMtRNAseq_Cortex_tRNA_2	0.0
Mus_musculus_tRNA-Val-GAC	shrimp	salmon	quantMtRNAseq_Cortex_tRNA_3	0.0
Mus_musculus_tRNA-Val-TAC	bowtie2	salmon	quantMtRNAseq_Cerebellum_tRNA_1	47327.0
Mus_musculus_tRNA-Val-TAC	bowtie2	salmon	quantMtRNAseq_Cerebellum_tRNA_2	35465.0
Mus_musculus_tRNA-Val-TAC	bowtie2	salmon	quantMtRNAseq_Cerebellum_tRNA_3	50468.998999999996
Mus_musculus_tRNA-Val-TAC	bowtie2	salmon	quantMtRNAseq_Cortex_tRNA_1	32804.0
Mus_musculus_tRNA-Val-TAC	bowtie2	salmon	quantMtRNAseq_Cortex_tRNA_2	34769.0
Mus_musculus_tRNA-Val-TAC	bowtie2	salmon	quantMtRNAseq_Cortex_tRNA_3	37952.0
Mus_musculus_tRNA-Val-TAC	shrimp	salmon	quantMtRNAseq_Cerebellum_tRNA_1	34860.0
Mus_musculus_tRNA-Val-TAC	shrimp	salmon	quantMtRNAseq_Cerebellum_tRNA_2	24147.0
Mus_musculus_tRNA-Val-TAC	shrimp	salmon	quantMtRNAseq_Cerebellum_tRNA_3	41754.0
Mus_musculus_tRNA-Val-TAC	shrimp	salmon	quantMtRNAseq_Cortex_tRNA_1	22732.001
Mus_musculus_tRNA-Val-TAC	shrimp	salmon	quantMtRNAseq_Cortex_tRNA_2	27080.0
Mus_musculus_tRNA-Val-TAC	shrimp	salmon	quantMtRNAseq_Cortex_tRNA_3	31279.001
Mus_musculus_tRNA-iMet-CAT	bowtie2	salmon	quantMtRNAseq_Cerebellum_tRNA_1	155482.0
Mus_musculus_tRNA-iMet-CAT	bowtie2	salmon	quantMtRNAseq_Cerebellum_tRNA_2	132876.0
Mus_musculus_tRNA-iMet-CAT	bowtie2	salmon	quantMtRNAseq_Cerebellum_tRNA_3	193173.999
Mus_musculus_tRNA-iMet-CAT	bowtie2	salmon	quantMtRNAseq_Cortex_tRNA_1	105041.999
Mus_musculus_tRNA-iMet-CAT	bowtie2	salmon	quantMtRNAseq_Cortex_tRNA_2	111566.00200000001
Mus_musculus_tRNA-iMet-CAT	bowtie2	salmon	quantMtRNAseq_Cortex_tRNA_3	152173.0
Mus_musculus_tRNA-iMet-CAT	shrimp	salmon	quantMtRNAseq_Cerebellum_tRNA_1	111109.999
Mus_musculus_tRNA-iMet-CAT	shrimp	salmon	quantMtRNAseq_Cerebellum_tRNA_2	84896.001
Mus_musculus_tRNA-iMet-CAT	shrimp	salmon	quantMtRNAseq_Cerebellum_tRNA_3	157332.999
Mus_musculus_tRNA-iMet-CAT	shrimp	salmon	quantMtRNAseq_Cortex_tRNA_1	74053.0
Mus_musculus_tRNA-iMet-CAT	shrimp	salmon	quantMtRNAseq_Cortex_tRNA_2	84640.0
Mus_musculus_tRNA-iMet-CAT	shrimp	salmon	quantMtRNAseq_Cortex_tRNA_3	122119.0
