Name	NumReads	input_file	quant_method	tally_method
Homo_sapiens_tRNA-Arg-CCG	52346	ALLtRNAseq_hESC_0_1	bowtie2	mapq10
Homo_sapiens_tRNA-Arg-TCT	1688	ALLtRNAseq_hESC_0_1	bowtie2	mapq10
Homo_sapiens_tRNA-SeC-TCA	5906	ALLtRNAseq_hESC_0_1	bowtie2	mapq10
Escherichia_coli_str_K_12_substr_MG1655_tRNA-eColiLys-TTT	393	ALLtRNAseq_hESC_0_1	bowtie2	mapq10
Homo_sapiens_tRNA-Val-AAC	475	ALLtRNAseq_hESC_0_1	bowtie2	mapq10
Homo_sapiens_tRNA-Tyr-GTA	166	ALLtRNAseq_hESC_0_1	bowtie2	mapq10
Homo_sapiens_tRNA-Ile-TAT	250	ALLtRNAseq_hESC_0_1	bowtie2	mapq10
Homo_sapiens_tRNA-Glu-TTC	137	ALLtRNAseq_hESC_0_1	bowtie2	mapq10
Homo_sapiens_MTtRNA-Pro-TGG	2	ALLtRNAseq_hESC_0_1	bowtie2	mapq10
Homo_sapiens_tRNA-Leu-AAG	5	ALLtRNAseq_hESC_0_1	bowtie2	mapq10
Homo_sapiens_tRNA-Thr-CGT	48	ALLtRNAseq_hESC_0_1	bowtie2	mapq10
Homo_sapiens_tRNA-Gln-TTG	2	ALLtRNAseq_hESC_0_1	bowtie2	mapq10
Homo_sapiens_tRNA-Ala-TGC	5	ALLtRNAseq_hESC_0_1	bowtie2	mapq10
Homo_sapiens_tRNA-Lys-TTT	17	ALLtRNAseq_hESC_0_1	bowtie2	mapq10
Homo_sapiens_tRNA-Ile-AAT	7	ALLtRNAseq_hESC_0_1	bowtie2	mapq10
Homo_sapiens_MTtRNA-Ser1-GCT	2	ALLtRNAseq_hESC_0_1	bowtie2	mapq10
Homo_sapiens_MTtRNA-Tyr-GTA	1	ALLtRNAseq_hESC_0_1	bowtie2	mapq10
Homo_sapiens_MTtRNA-Lys-TTT	1	ALLtRNAseq_hESC_0_1	bowtie2	mapq10
Homo_sapiens_tRNA-Und-TTA	4	ALLtRNAseq_hESC_0_1	bowtie2	mapq10
Homo_sapiens_tRNA-Ala-AGC	7	ALLtRNAseq_hESC_0_1	bowtie2	mapq10
Homo_sapiens_tRNA-Met-CAT	5	ALLtRNAseq_hESC_0_1	bowtie2	mapq10
Homo_sapiens_MTtRNA-Val-TAC	2	ALLtRNAseq_hESC_0_1	bowtie2	mapq10
Homo_sapiens_tRNA-Val-CAC	1	ALLtRNAseq_hESC_0_1	bowtie2	mapq10
Homo_sapiens_MTtRNA-Ala-TGC	1	ALLtRNAseq_hESC_0_1	bowtie2	mapq10
Homo_sapiens_tRNA-Phe-GAA	2	ALLtRNAseq_hESC_0_1	bowtie2	mapq10
Homo_sapiens_MTtRNA-Glu-TTC	2	ALLtRNAseq_hESC_0_1	bowtie2	mapq10
Homo_sapiens_tRNA-Gln-CTG	1	ALLtRNAseq_hESC_0_1	bowtie2	mapq10
Homo_sapiens_tRNA-Trp-CCA	1	ALLtRNAseq_hESC_0_1	bowtie2	mapq10
Homo_sapiens_MTtRNA-Arg-TCG	1	ALLtRNAseq_hESC_0_1	bowtie2	mapq10
Homo_sapiens_tRNA-Arg-CCG	36452	ALLtRNAseq_hESC_0_2	bowtie2	mapq10
Homo_sapiens_tRNA-Arg-TCT	1590	ALLtRNAseq_hESC_0_2	bowtie2	mapq10
Homo_sapiens_tRNA-SeC-TCA	2568	ALLtRNAseq_hESC_0_2	bowtie2	mapq10
Homo_sapiens_tRNA-Tyr-GTA	302	ALLtRNAseq_hESC_0_2	bowtie2	mapq10
Escherichia_coli_str_K_12_substr_MG1655_tRNA-eColiLys-TTT	187	ALLtRNAseq_hESC_0_2	bowtie2	mapq10
Homo_sapiens_tRNA-Val-AAC	295	ALLtRNAseq_hESC_0_2	bowtie2	mapq10
Homo_sapiens_tRNA-Ile-TAT	250	ALLtRNAseq_hESC_0_2	bowtie2	mapq10
Homo_sapiens_tRNA-Glu-TTC	165	ALLtRNAseq_hESC_0_2	bowtie2	mapq10
Homo_sapiens_tRNA-Ile-AAT	10	ALLtRNAseq_hESC_0_2	bowtie2	mapq10
Homo_sapiens_tRNA-Thr-CGT	50	ALLtRNAseq_hESC_0_2	bowtie2	mapq10
Homo_sapiens_tRNA-Ala-TGC	3	ALLtRNAseq_hESC_0_2	bowtie2	mapq10
Homo_sapiens_tRNA-Trp-CCA	5	ALLtRNAseq_hESC_0_2	bowtie2	mapq10
Homo_sapiens_tRNA-Lys-TTT	17	ALLtRNAseq_hESC_0_2	bowtie2	mapq10
Homo_sapiens_tRNA-Met-CAT	4	ALLtRNAseq_hESC_0_2	bowtie2	mapq10
Homo_sapiens_tRNA-Und-TTA	3	ALLtRNAseq_hESC_0_2	bowtie2	mapq10
Homo_sapiens_tRNA-Val-CAC	1	ALLtRNAseq_hESC_0_2	bowtie2	mapq10
Homo_sapiens_tRNA-Gln-TTG	3	ALLtRNAseq_hESC_0_2	bowtie2	mapq10
Homo_sapiens_tRNA-Leu-AAG	8	ALLtRNAseq_hESC_0_2	bowtie2	mapq10
Homo_sapiens_tRNA-Phe-GAA	5	ALLtRNAseq_hESC_0_2	bowtie2	mapq10
Homo_sapiens_tRNA-Gln-CTG	1	ALLtRNAseq_hESC_0_2	bowtie2	mapq10
Homo_sapiens_MTtRNA-Pro-TGG	1	ALLtRNAseq_hESC_0_2	bowtie2	mapq10
Homo_sapiens_tRNA-Ala-AGC	1	ALLtRNAseq_hESC_0_2	bowtie2	mapq10
Homo_sapiens_MTtRNA-Val-TAC	6	ALLtRNAseq_hESC_0_2	bowtie2	mapq10
Homo_sapiens_MTtRNA-Ser1-GCT	1	ALLtRNAseq_hESC_0_2	bowtie2	mapq10
Homo_sapiens_MTtRNA-Gln-TTG	1	ALLtRNAseq_hESC_0_2	bowtie2	mapq10
Homo_sapiens_MTtRNA-Ala-TGC	1	ALLtRNAseq_hESC_0_2	bowtie2	mapq10
Homo_sapiens_tRNA-Arg-CCG	142584	ALLtRNAseq_hESC_0_3	bowtie2	mapq10
Homo_sapiens_tRNA-SeC-TCA	8476	ALLtRNAseq_hESC_0_3	bowtie2	mapq10
Homo_sapiens_tRNA-Arg-TCT	6153	ALLtRNAseq_hESC_0_3	bowtie2	mapq10
Homo_sapiens_tRNA-Tyr-GTA	793	ALLtRNAseq_hESC_0_3	bowtie2	mapq10
Homo_sapiens_tRNA-Ile-TAT	844	ALLtRNAseq_hESC_0_3	bowtie2	mapq10
Homo_sapiens_tRNA-Val-AAC	1014	ALLtRNAseq_hESC_0_3	bowtie2	mapq10
Homo_sapiens_tRNA-Glu-TTC	424	ALLtRNAseq_hESC_0_3	bowtie2	mapq10
Homo_sapiens_tRNA-Thr-CGT	165	ALLtRNAseq_hESC_0_3	bowtie2	mapq10
Homo_sapiens_tRNA-Ile-AAT	28	ALLtRNAseq_hESC_0_3	bowtie2	mapq10
Escherichia_coli_str_K_12_substr_MG1655_tRNA-eColiLys-TTT	283	ALLtRNAseq_hESC_0_3	bowtie2	mapq10
Homo_sapiens_tRNA-Val-CAC	14	ALLtRNAseq_hESC_0_3	bowtie2	mapq10
Homo_sapiens_tRNA-Ala-AGC	17	ALLtRNAseq_hESC_0_3	bowtie2	mapq10
Homo_sapiens_MTtRNA-His-GTG	3	ALLtRNAseq_hESC_0_3	bowtie2	mapq10
Homo_sapiens_MTtRNA-Pro-TGG	7	ALLtRNAseq_hESC_0_3	bowtie2	mapq10
Homo_sapiens_MTtRNA-Val-TAC	9	ALLtRNAseq_hESC_0_3	bowtie2	mapq10
Homo_sapiens_tRNA-Leu-AAG	19	ALLtRNAseq_hESC_0_3	bowtie2	mapq10
Homo_sapiens_tRNA-Lys-TTT	52	ALLtRNAseq_hESC_0_3	bowtie2	mapq10
Homo_sapiens_tRNA-Met-CAT	5	ALLtRNAseq_hESC_0_3	bowtie2	mapq10
Homo_sapiens_tRNA-Gln-TTG	1	ALLtRNAseq_hESC_0_3	bowtie2	mapq10
Homo_sapiens_tRNA-Trp-CCA	6	ALLtRNAseq_hESC_0_3	bowtie2	mapq10
Homo_sapiens_MTtRNA-Ser1-GCT	11	ALLtRNAseq_hESC_0_3	bowtie2	mapq10
Homo_sapiens_tRNA-Und-TTA	15	ALLtRNAseq_hESC_0_3	bowtie2	mapq10
Homo_sapiens_tRNA-Gln-CTG	10	ALLtRNAseq_hESC_0_3	bowtie2	mapq10
Homo_sapiens_tRNA-Phe-GAA	7	ALLtRNAseq_hESC_0_3	bowtie2	mapq10
Homo_sapiens_tRNA-Ala-TGC	9	ALLtRNAseq_hESC_0_3	bowtie2	mapq10
Homo_sapiens_MTtRNA-Gln-TTG	5	ALLtRNAseq_hESC_0_3	bowtie2	mapq10
Homo_sapiens_MTtRNA-Thr-TGT	1	ALLtRNAseq_hESC_0_3	bowtie2	mapq10
Homo_sapiens_MTtRNA-Tyr-GTA	1	ALLtRNAseq_hESC_0_3	bowtie2	mapq10
Homo_sapiens_MTtRNA-Ala-TGC	3	ALLtRNAseq_hESC_0_3	bowtie2	mapq10
Homo_sapiens_tRNA-Leu-CAA	1	ALLtRNAseq_hESC_0_3	bowtie2	mapq10
Homo_sapiens_MTtRNA-Glu-TTC	2	ALLtRNAseq_hESC_0_3	bowtie2	mapq10
Homo_sapiens_MTtRNA-Asp-GTC	1	ALLtRNAseq_hESC_0_3	bowtie2	mapq10
Homo_sapiens_MTtRNA-Leu2-TAA	2	ALLtRNAseq_hESC_0_3	bowtie2	mapq10
Homo_sapiens_MTtRNA-Met-CAT	1	ALLtRNAseq_hESC_0_3	bowtie2	mapq10
Homo_sapiens_MTtRNA-Cys-GCA	2	ALLtRNAseq_hESC_0_3	bowtie2	mapq10
Homo_sapiens_MTtRNA-Leu1-TAG	1	ALLtRNAseq_hESC_0_3	bowtie2	mapq10
Homo_sapiens_MTtRNA-Asn-GTT	1	ALLtRNAseq_hESC_0_3	bowtie2	mapq10
Homo_sapiens_tRNA-Arg-CCG	39079	ALLtRNAseq_hESC_5_1	bowtie2	mapq10
Homo_sapiens_tRNA-SeC-TCA	1535	ALLtRNAseq_hESC_5_1	bowtie2	mapq10
Homo_sapiens_tRNA-Arg-TCT	2127	ALLtRNAseq_hESC_5_1	bowtie2	mapq10
Homo_sapiens_tRNA-Ile-TAT	126	ALLtRNAseq_hESC_5_1	bowtie2	mapq10
Homo_sapiens_tRNA-Tyr-GTA	145	ALLtRNAseq_hESC_5_1	bowtie2	mapq10
Escherichia_coli_str_K_12_substr_MG1655_tRNA-eColiLys-TTT	130	ALLtRNAseq_hESC_5_1	bowtie2	mapq10
Homo_sapiens_MTtRNA-Tyr-GTA	17	ALLtRNAseq_hESC_5_1	bowtie2	mapq10
Homo_sapiens_MTtRNA-Gln-TTG	29	ALLtRNAseq_hESC_5_1	bowtie2	mapq10
Homo_sapiens_MTtRNA-Cys-GCA	4	ALLtRNAseq_hESC_5_1	bowtie2	mapq10
Homo_sapiens_MTtRNA-Gly-TCC	1	ALLtRNAseq_hESC_5_1	bowtie2	mapq10
Homo_sapiens_MTtRNA-Asn-GTT	4	ALLtRNAseq_hESC_5_1	bowtie2	mapq10
Homo_sapiens_MTtRNA-Ile-GAT	2	ALLtRNAseq_hESC_5_1	bowtie2	mapq10
Homo_sapiens_tRNA-Met-CAT	1	ALLtRNAseq_hESC_5_1	bowtie2	mapq10
Homo_sapiens_MTtRNA-Ala-TGC	10	ALLtRNAseq_hESC_5_1	bowtie2	mapq10
Homo_sapiens_MTtRNA-Ser1-GCT	6	ALLtRNAseq_hESC_5_1	bowtie2	mapq10
Homo_sapiens_tRNA-Thr-CGT	2	ALLtRNAseq_hESC_5_1	bowtie2	mapq10
Homo_sapiens_tRNA-Glu-TTC	11	ALLtRNAseq_hESC_5_1	bowtie2	mapq10
Homo_sapiens_MTtRNA-Val-TAC	10	ALLtRNAseq_hESC_5_1	bowtie2	mapq10
Homo_sapiens_tRNA-Val-AAC	32	ALLtRNAseq_hESC_5_1	bowtie2	mapq10
Homo_sapiens_MTtRNA-Pro-TGG	11	ALLtRNAseq_hESC_5_1	bowtie2	mapq10
Homo_sapiens_MTtRNA-Met-CAT	8	ALLtRNAseq_hESC_5_1	bowtie2	mapq10
Homo_sapiens_MTtRNA-Asp-GTC	4	ALLtRNAseq_hESC_5_1	bowtie2	mapq10
Homo_sapiens_MTtRNA-His-GTG	3	ALLtRNAseq_hESC_5_1	bowtie2	mapq10
Homo_sapiens_tRNA-Ala-AGC	2	ALLtRNAseq_hESC_5_1	bowtie2	mapq10
Homo_sapiens_MTtRNA-Leu1-TAG	2	ALLtRNAseq_hESC_5_1	bowtie2	mapq10
Homo_sapiens_MTtRNA-Lys-TTT	1	ALLtRNAseq_hESC_5_1	bowtie2	mapq10
Homo_sapiens_MTtRNA-Glu-TTC	1	ALLtRNAseq_hESC_5_1	bowtie2	mapq10
Homo_sapiens_tRNA-Arg-CCG	19716	ALLtRNAseq_hESC_5_2	bowtie2	mapq10
Homo_sapiens_tRNA-SeC-TCA	1234	ALLtRNAseq_hESC_5_2	bowtie2	mapq10
Homo_sapiens_tRNA-Arg-TCT	1184	ALLtRNAseq_hESC_5_2	bowtie2	mapq10
Homo_sapiens_tRNA-Val-AAC	30	ALLtRNAseq_hESC_5_2	bowtie2	mapq10
Escherichia_coli_str_K_12_substr_MG1655_tRNA-eColiLys-TTT	128	ALLtRNAseq_hESC_5_2	bowtie2	mapq10
Homo_sapiens_MTtRNA-Gln-TTG	36	ALLtRNAseq_hESC_5_2	bowtie2	mapq10
Homo_sapiens_tRNA-Tyr-GTA	76	ALLtRNAseq_hESC_5_2	bowtie2	mapq10
Homo_sapiens_tRNA-Ile-TAT	114	ALLtRNAseq_hESC_5_2	bowtie2	mapq10
Homo_sapiens_MTtRNA-Tyr-GTA	22	ALLtRNAseq_hESC_5_2	bowtie2	mapq10
Homo_sapiens_tRNA-Glu-TTC	12	ALLtRNAseq_hESC_5_2	bowtie2	mapq10
Homo_sapiens_MTtRNA-Glu-TTC	3	ALLtRNAseq_hESC_5_2	bowtie2	mapq10
Homo_sapiens_tRNA-Ile-AAT	1	ALLtRNAseq_hESC_5_2	bowtie2	mapq10
Homo_sapiens_MTtRNA-Ser1-GCT	2	ALLtRNAseq_hESC_5_2	bowtie2	mapq10
Homo_sapiens_MTtRNA-Pro-TGG	5	ALLtRNAseq_hESC_5_2	bowtie2	mapq10
Homo_sapiens_MTtRNA-Ala-TGC	5	ALLtRNAseq_hESC_5_2	bowtie2	mapq10
Homo_sapiens_MTtRNA-Met-CAT	2	ALLtRNAseq_hESC_5_2	bowtie2	mapq10
Homo_sapiens_tRNA-Leu-AAG	1	ALLtRNAseq_hESC_5_2	bowtie2	mapq10
Homo_sapiens_MTtRNA-Val-TAC	2	ALLtRNAseq_hESC_5_2	bowtie2	mapq10
Homo_sapiens_MTtRNA-Phe-GAA	1	ALLtRNAseq_hESC_5_2	bowtie2	mapq10
Homo_sapiens_MTtRNA-Leu1-TAG	1	ALLtRNAseq_hESC_5_2	bowtie2	mapq10
Homo_sapiens_tRNA-Thr-CGT	2	ALLtRNAseq_hESC_5_2	bowtie2	mapq10
Homo_sapiens_tRNA-Ala-AGC	3	ALLtRNAseq_hESC_5_2	bowtie2	mapq10
Homo_sapiens_MTtRNA-Asn-GTT	1	ALLtRNAseq_hESC_5_2	bowtie2	mapq10
Homo_sapiens_MTtRNA-Leu2-TAA	1	ALLtRNAseq_hESC_5_2	bowtie2	mapq10
Homo_sapiens_MTtRNA-Ile-GAT	1	ALLtRNAseq_hESC_5_2	bowtie2	mapq10
Homo_sapiens_tRNA-Arg-CCG	23777	ALLtRNAseq_hESC_5_3	bowtie2	mapq10
Escherichia_coli_str_K_12_substr_MG1655_tRNA-eColiLys-TTT	1224	ALLtRNAseq_hESC_5_3	bowtie2	mapq10
Homo_sapiens_tRNA-Tyr-GTA	118	ALLtRNAseq_hESC_5_3	bowtie2	mapq10
Homo_sapiens_tRNA-SeC-TCA	1988	ALLtRNAseq_hESC_5_3	bowtie2	mapq10
Homo_sapiens_MTtRNA-Asn-GTT	23	ALLtRNAseq_hESC_5_3	bowtie2	mapq10
Homo_sapiens_tRNA-Arg-TCT	1435	ALLtRNAseq_hESC_5_3	bowtie2	mapq10
Homo_sapiens_tRNA-Ile-TAT	152	ALLtRNAseq_hESC_5_3	bowtie2	mapq10
Homo_sapiens_MTtRNA-Leu2-TAA	4	ALLtRNAseq_hESC_5_3	bowtie2	mapq10
Homo_sapiens_MTtRNA-Ala-TGC	12	ALLtRNAseq_hESC_5_3	bowtie2	mapq10
Homo_sapiens_MTtRNA-Tyr-GTA	43	ALLtRNAseq_hESC_5_3	bowtie2	mapq10
Homo_sapiens_tRNA-Lys-TTT	2	ALLtRNAseq_hESC_5_3	bowtie2	mapq10
Homo_sapiens_MTtRNA-Gln-TTG	53	ALLtRNAseq_hESC_5_3	bowtie2	mapq10
Homo_sapiens_tRNA-Val-AAC	56	ALLtRNAseq_hESC_5_3	bowtie2	mapq10
Homo_sapiens_MTtRNA-Ile-GAT	6	ALLtRNAseq_hESC_5_3	bowtie2	mapq10
Homo_sapiens_tRNA-Glu-TTC	22	ALLtRNAseq_hESC_5_3	bowtie2	mapq10
Homo_sapiens_tRNA-Leu-CAA	3	ALLtRNAseq_hESC_5_3	bowtie2	mapq10
Homo_sapiens_MTtRNA-Ser1-GCT	5	ALLtRNAseq_hESC_5_3	bowtie2	mapq10
Homo_sapiens_tRNA-Gln-TTG	4	ALLtRNAseq_hESC_5_3	bowtie2	mapq10
Homo_sapiens_tRNA-Thr-CGT	7	ALLtRNAseq_hESC_5_3	bowtie2	mapq10
Homo_sapiens_MTtRNA-Val-TAC	2	ALLtRNAseq_hESC_5_3	bowtie2	mapq10
Homo_sapiens_MTtRNA-Pro-TGG	4	ALLtRNAseq_hESC_5_3	bowtie2	mapq10
Homo_sapiens_MTtRNA-His-GTG	3	ALLtRNAseq_hESC_5_3	bowtie2	mapq10
Homo_sapiens_tRNA-Gln-CTG	3	ALLtRNAseq_hESC_5_3	bowtie2	mapq10
Homo_sapiens_MTtRNA-Thr-TGT	1	ALLtRNAseq_hESC_5_3	bowtie2	mapq10
Homo_sapiens_MTtRNA-Leu1-TAG	2	ALLtRNAseq_hESC_5_3	bowtie2	mapq10
Homo_sapiens_tRNA-Met-CAT	4	ALLtRNAseq_hESC_5_3	bowtie2	mapq10
Homo_sapiens_MTtRNA-Asp-GTC	1	ALLtRNAseq_hESC_5_3	bowtie2	mapq10
Homo_sapiens_tRNA-Ile-AAT	1	ALLtRNAseq_hESC_5_3	bowtie2	mapq10
Homo_sapiens_tRNA-Thr-TGT	95598	DMtRNAseq_treated_1	bowtie2	mapq10
Homo_sapiens_tRNA-Met-CAT	155948	DMtRNAseq_treated_1	bowtie2	mapq10
Homo_sapiens_tRNA-Arg-CCT	176043	DMtRNAseq_treated_1	bowtie2	mapq10
Homo_sapiens_tRNA-Arg-TCT	79996	DMtRNAseq_treated_1	bowtie2	mapq10
Homo_sapiens_tRNA-Arg-CCG	118834	DMtRNAseq_treated_1	bowtie2	mapq10
Homo_sapiens_tRNA-Asn-GTT	171155	DMtRNAseq_treated_1	bowtie2	mapq10
Homo_sapiens_tRNA-Val-TAC	85851	DMtRNAseq_treated_1	bowtie2	mapq10
Homo_sapiens_tRNA-Ser-GCT	141616	DMtRNAseq_treated_1	bowtie2	mapq10
Homo_sapiens_tRNA-Ser-TGA	85051	DMtRNAseq_treated_1	bowtie2	mapq10
Homo_sapiens_tRNA-Ala-AGC	297144	DMtRNAseq_treated_1	bowtie2	mapq10
Homo_sapiens_tRNA-Val-CAC	207880	DMtRNAseq_treated_1	bowtie2	mapq10
Homo_sapiens_tRNA-Arg-TCG	328778	DMtRNAseq_treated_1	bowtie2	mapq10
Homo_sapiens_tRNA-Leu-TAA	160480	DMtRNAseq_treated_1	bowtie2	mapq10
Homo_sapiens_tRNA-Ile-TAT	88210	DMtRNAseq_treated_1	bowtie2	mapq10
Homo_sapiens_tRNA-Thr-CGT	97939	DMtRNAseq_treated_1	bowtie2	mapq10
Homo_sapiens_tRNA-Gln-CTG	142575	DMtRNAseq_treated_1	bowtie2	mapq10
Homo_sapiens_tRNA-Ala-CGC	104072	DMtRNAseq_treated_1	bowtie2	mapq10
Homo_sapiens_tRNA-Trp-CCA	172827	DMtRNAseq_treated_1	bowtie2	mapq10
Homo_sapiens_tRNA-Val-AAC	269192	DMtRNAseq_treated_1	bowtie2	mapq10
Homo_sapiens_tRNA-Thr-AGT	59448	DMtRNAseq_treated_1	bowtie2	mapq10
Homo_sapiens_tRNA-Gly-TCC	63798	DMtRNAseq_treated_1	bowtie2	mapq10
Homo_sapiens_tRNA-Ser-CGA	64870	DMtRNAseq_treated_1	bowtie2	mapq10
Homo_sapiens_tRNA-Lys-TTT	19005	DMtRNAseq_treated_1	bowtie2	mapq10
Escherichia_coli_str_K_12_substr_MG1655_tRNA-eColiLys-TTT	32147	DMtRNAseq_treated_1	bowtie2	mapq10
Homo_sapiens_tRNA-Pro-TGG	87084	DMtRNAseq_treated_1	bowtie2	mapq10
Homo_sapiens_tRNA-Leu-TAG	47945	DMtRNAseq_treated_1	bowtie2	mapq10
Homo_sapiens_tRNA-Ile-AAT	94244	DMtRNAseq_treated_1	bowtie2	mapq10
Homo_sapiens_tRNA-Asp-GTC	50596	DMtRNAseq_treated_1	bowtie2	mapq10
Homo_sapiens_tRNA-Gln-TTG	73202	DMtRNAseq_treated_1	bowtie2	mapq10
Homo_sapiens_tRNA-Phe-GAA	1965	DMtRNAseq_treated_1	bowtie2	mapq10
Homo_sapiens_tRNA-Lys-CTT	10654	DMtRNAseq_treated_1	bowtie2	mapq10
Homo_sapiens_tRNA-Cys-GCA	47238	DMtRNAseq_treated_1	bowtie2	mapq10
Homo_sapiens_MTtRNA-Val-TAC	2330	DMtRNAseq_treated_1	bowtie2	mapq10
Homo_sapiens_MTtRNA-Asp-GTC	863	DMtRNAseq_treated_1	bowtie2	mapq10
Homo_sapiens_tRNA-Tyr-GTA	8877	DMtRNAseq_treated_1	bowtie2	mapq10
Homo_sapiens_MTtRNA-Ser2-TGA	540	DMtRNAseq_treated_1	bowtie2	mapq10
Homo_sapiens_MTtRNA-Leu2-TAA	1040	DMtRNAseq_treated_1	bowtie2	mapq10
Homo_sapiens_tRNA-Ala-TGC	56844	DMtRNAseq_treated_1	bowtie2	mapq10
Homo_sapiens_tRNA-Ser-AGA	4301	DMtRNAseq_treated_1	bowtie2	mapq10
Homo_sapiens_MTtRNA-Lys-TTT	529	DMtRNAseq_treated_1	bowtie2	mapq10
Homo_sapiens_tRNA-Glu-TTC	1915	DMtRNAseq_treated_1	bowtie2	mapq10
Homo_sapiens_tRNA-Sup-TTA	218	DMtRNAseq_treated_1	bowtie2	mapq10
Homo_sapiens_tRNA-Pro-CGG	8363	DMtRNAseq_treated_1	bowtie2	mapq10
Homo_sapiens_tRNA-SeC-TCA	6612	DMtRNAseq_treated_1	bowtie2	mapq10
Homo_sapiens_MTtRNA-Thr-TGT	596	DMtRNAseq_treated_1	bowtie2	mapq10
Homo_sapiens_tRNA-Leu-CAA	257	DMtRNAseq_treated_1	bowtie2	mapq10
Homo_sapiens_MTtRNA-Arg-TCG	533	DMtRNAseq_treated_1	bowtie2	mapq10
Homo_sapiens_tRNA-Pro-AGG	3342	DMtRNAseq_treated_1	bowtie2	mapq10
Homo_sapiens_MTtRNA-Trp-TCA	172	DMtRNAseq_treated_1	bowtie2	mapq10
Homo_sapiens_tRNA-Gly-CCC	341	DMtRNAseq_treated_1	bowtie2	mapq10
Homo_sapiens_MTtRNA-Glu-TTC	1071	DMtRNAseq_treated_1	bowtie2	mapq10
Homo_sapiens_tRNA-iMet-CAT	1058	DMtRNAseq_treated_1	bowtie2	mapq10
Homo_sapiens_MTtRNA-Pro-TGG	601	DMtRNAseq_treated_1	bowtie2	mapq10
Homo_sapiens_MTtRNA-Phe-GAA	157	DMtRNAseq_treated_1	bowtie2	mapq10
Homo_sapiens_MTtRNA-Gly-TCC	627	DMtRNAseq_treated_1	bowtie2	mapq10
Homo_sapiens_MTtRNA-Gln-TTG	400	DMtRNAseq_treated_1	bowtie2	mapq10
Homo_sapiens_MTtRNA-Asn-GTT	922	DMtRNAseq_treated_1	bowtie2	mapq10
Homo_sapiens_MTtRNA-Ala-TGC	487	DMtRNAseq_treated_1	bowtie2	mapq10
Homo_sapiens_MTtRNA-Ile-GAT	538	DMtRNAseq_treated_1	bowtie2	mapq10
Homo_sapiens_MTtRNA-Met-CAT	457	DMtRNAseq_treated_1	bowtie2	mapq10
Homo_sapiens_MTtRNA-Tyr-GTA	74	DMtRNAseq_treated_1	bowtie2	mapq10
Homo_sapiens_tRNA-Leu-AAG	302	DMtRNAseq_treated_1	bowtie2	mapq10
Homo_sapiens_MTtRNA-His-GTG	687	DMtRNAseq_treated_1	bowtie2	mapq10
Homo_sapiens_tRNA-Gly-GCC	95	DMtRNAseq_treated_1	bowtie2	mapq10
Homo_sapiens_MTtRNA-Cys-GCA	228	DMtRNAseq_treated_1	bowtie2	mapq10
Homo_sapiens_MTtRNA-Ser1-GCT	52	DMtRNAseq_treated_1	bowtie2	mapq10
Homo_sapiens_tRNA-Ser-ACT	30	DMtRNAseq_treated_1	bowtie2	mapq10
Homo_sapiens_MTtRNA-Leu1-TAG	427	DMtRNAseq_treated_1	bowtie2	mapq10
Homo_sapiens_tRNA-Glu-CTC	232	DMtRNAseq_treated_1	bowtie2	mapq10
Homo_sapiens_tRNA-Asp-ATC	8	DMtRNAseq_treated_1	bowtie2	mapq10
Homo_sapiens_tRNA-Und-NNN	8	DMtRNAseq_treated_1	bowtie2	mapq10
Homo_sapiens_tRNA-His-GTG	31	DMtRNAseq_treated_1	bowtie2	mapq10
Homo_sapiens_tRNA-Tyr-ATA	10	DMtRNAseq_treated_1	bowtie2	mapq10
Homo_sapiens_tRNA-Leu-CAG	12	DMtRNAseq_treated_1	bowtie2	mapq10
Homo_sapiens_tRNA-Ala-GGC	1	DMtRNAseq_treated_1	bowtie2	mapq10
Homo_sapiens_tRNA-Leu-TAA	94040	DMtRNAseq_treated_2	bowtie2	mapq10
Homo_sapiens_tRNA-Arg-TCT	32238	DMtRNAseq_treated_2	bowtie2	mapq10
Homo_sapiens_tRNA-Ala-TGC	29144	DMtRNAseq_treated_2	bowtie2	mapq10
Homo_sapiens_tRNA-Arg-CCT	58436	DMtRNAseq_treated_2	bowtie2	mapq10
Homo_sapiens_tRNA-Val-AAC	108162	DMtRNAseq_treated_2	bowtie2	mapq10
Homo_sapiens_tRNA-Val-TAC	32542	DMtRNAseq_treated_2	bowtie2	mapq10
Homo_sapiens_tRNA-Ala-AGC	143855	DMtRNAseq_treated_2	bowtie2	mapq10
Homo_sapiens_tRNA-Gln-CTG	50697	DMtRNAseq_treated_2	bowtie2	mapq10
Homo_sapiens_tRNA-Thr-AGT	24051	DMtRNAseq_treated_2	bowtie2	mapq10
Homo_sapiens_tRNA-Met-CAT	65508	DMtRNAseq_treated_2	bowtie2	mapq10
Homo_sapiens_tRNA-Ala-CGC	60859	DMtRNAseq_treated_2	bowtie2	mapq10
Escherichia_coli_str_K_12_substr_MG1655_tRNA-eColiLys-TTT	16012	DMtRNAseq_treated_2	bowtie2	mapq10
Homo_sapiens_tRNA-Gln-TTG	27671	DMtRNAseq_treated_2	bowtie2	mapq10
Homo_sapiens_tRNA-Pro-TGG	32913	DMtRNAseq_treated_2	bowtie2	mapq10
Homo_sapiens_tRNA-Val-CAC	89749	DMtRNAseq_treated_2	bowtie2	mapq10
Homo_sapiens_tRNA-Ile-TAT	38954	DMtRNAseq_treated_2	bowtie2	mapq10
Homo_sapiens_tRNA-Cys-GCA	19547	DMtRNAseq_treated_2	bowtie2	mapq10
Homo_sapiens_tRNA-Arg-CCG	42553	DMtRNAseq_treated_2	bowtie2	mapq10
Homo_sapiens_tRNA-Gly-TCC	24960	DMtRNAseq_treated_2	bowtie2	mapq10
Homo_sapiens_tRNA-Arg-TCG	129907	DMtRNAseq_treated_2	bowtie2	mapq10
Homo_sapiens_tRNA-Ser-CGA	29119	DMtRNAseq_treated_2	bowtie2	mapq10
Homo_sapiens_tRNA-Thr-CGT	38926	DMtRNAseq_treated_2	bowtie2	mapq10
Homo_sapiens_tRNA-Ser-TGA	39403	DMtRNAseq_treated_2	bowtie2	mapq10
Homo_sapiens_tRNA-Ile-AAT	40367	DMtRNAseq_treated_2	bowtie2	mapq10
Homo_sapiens_tRNA-Asn-GTT	69836	DMtRNAseq_treated_2	bowtie2	mapq10
Homo_sapiens_tRNA-Ser-GCT	65457	DMtRNAseq_treated_2	bowtie2	mapq10
Homo_sapiens_tRNA-Leu-TAG	18897	DMtRNAseq_treated_2	bowtie2	mapq10
Homo_sapiens_tRNA-SeC-TCA	2967	DMtRNAseq_treated_2	bowtie2	mapq10
Homo_sapiens_tRNA-Trp-CCA	70857	DMtRNAseq_treated_2	bowtie2	mapq10
Homo_sapiens_tRNA-Thr-TGT	43882	DMtRNAseq_treated_2	bowtie2	mapq10
Homo_sapiens_MTtRNA-Val-TAC	1796	DMtRNAseq_treated_2	bowtie2	mapq10
Homo_sapiens_tRNA-Pro-CGG	3215	DMtRNAseq_treated_2	bowtie2	mapq10
Homo_sapiens_tRNA-Pro-AGG	1200	DMtRNAseq_treated_2	bowtie2	mapq10
Homo_sapiens_tRNA-Ser-AGA	2016	DMtRNAseq_treated_2	bowtie2	mapq10
Homo_sapiens_MTtRNA-Ile-GAT	462	DMtRNAseq_treated_2	bowtie2	mapq10
Homo_sapiens_tRNA-Asp-GTC	18673	DMtRNAseq_treated_2	bowtie2	mapq10
Homo_sapiens_tRNA-Lys-TTT	10012	DMtRNAseq_treated_2	bowtie2	mapq10
Homo_sapiens_MTtRNA-Ser2-TGA	253	DMtRNAseq_treated_2	bowtie2	mapq10
Homo_sapiens_MTtRNA-Leu2-TAA	606	DMtRNAseq_treated_2	bowtie2	mapq10
Homo_sapiens_MTtRNA-Gln-TTG	204	DMtRNAseq_treated_2	bowtie2	mapq10
Homo_sapiens_tRNA-Tyr-GTA	4265	DMtRNAseq_treated_2	bowtie2	mapq10
Homo_sapiens_MTtRNA-Asp-GTC	700	DMtRNAseq_treated_2	bowtie2	mapq10
Homo_sapiens_MTtRNA-Gly-TCC	485	DMtRNAseq_treated_2	bowtie2	mapq10
Homo_sapiens_tRNA-Lys-CTT	4116	DMtRNAseq_treated_2	bowtie2	mapq10
Homo_sapiens_MTtRNA-Trp-TCA	108	DMtRNAseq_treated_2	bowtie2	mapq10
Homo_sapiens_tRNA-Leu-CAA	134	DMtRNAseq_treated_2	bowtie2	mapq10
Homo_sapiens_tRNA-Phe-GAA	819	DMtRNAseq_treated_2	bowtie2	mapq10
Homo_sapiens_tRNA-Leu-AAG	142	DMtRNAseq_treated_2	bowtie2	mapq10
Homo_sapiens_MTtRNA-Pro-TGG	349	DMtRNAseq_treated_2	bowtie2	mapq10
Homo_sapiens_tRNA-Glu-TTC	780	DMtRNAseq_treated_2	bowtie2	mapq10
Homo_sapiens_tRNA-Glu-CTC	106	DMtRNAseq_treated_2	bowtie2	mapq10
Homo_sapiens_MTtRNA-Asn-GTT	619	DMtRNAseq_treated_2	bowtie2	mapq10
Homo_sapiens_tRNA-iMet-CAT	510	DMtRNAseq_treated_2	bowtie2	mapq10
Homo_sapiens_MTtRNA-Cys-GCA	126	DMtRNAseq_treated_2	bowtie2	mapq10
Homo_sapiens_MTtRNA-Met-CAT	374	DMtRNAseq_treated_2	bowtie2	mapq10
Homo_sapiens_MTtRNA-Leu1-TAG	364	DMtRNAseq_treated_2	bowtie2	mapq10
Homo_sapiens_MTtRNA-Glu-TTC	613	DMtRNAseq_treated_2	bowtie2	mapq10
Homo_sapiens_MTtRNA-Ala-TGC	288	DMtRNAseq_treated_2	bowtie2	mapq10
Homo_sapiens_MTtRNA-His-GTG	443	DMtRNAseq_treated_2	bowtie2	mapq10
Homo_sapiens_MTtRNA-Phe-GAA	91	DMtRNAseq_treated_2	bowtie2	mapq10
Homo_sapiens_MTtRNA-Arg-TCG	342	DMtRNAseq_treated_2	bowtie2	mapq10
Homo_sapiens_tRNA-Gly-CCC	137	DMtRNAseq_treated_2	bowtie2	mapq10
Homo_sapiens_MTtRNA-Lys-TTT	286	DMtRNAseq_treated_2	bowtie2	mapq10
Homo_sapiens_MTtRNA-Thr-TGT	230	DMtRNAseq_treated_2	bowtie2	mapq10
Homo_sapiens_tRNA-Leu-CAG	6	DMtRNAseq_treated_2	bowtie2	mapq10
Homo_sapiens_tRNA-Sup-TTA	126	DMtRNAseq_treated_2	bowtie2	mapq10
Homo_sapiens_MTtRNA-Tyr-GTA	34	DMtRNAseq_treated_2	bowtie2	mapq10
Homo_sapiens_tRNA-His-GTG	21	DMtRNAseq_treated_2	bowtie2	mapq10
Homo_sapiens_MTtRNA-Ser1-GCT	44	DMtRNAseq_treated_2	bowtie2	mapq10
Homo_sapiens_tRNA-Ser-ACT	10	DMtRNAseq_treated_2	bowtie2	mapq10
Homo_sapiens_tRNA-Gly-GCC	37	DMtRNAseq_treated_2	bowtie2	mapq10
Homo_sapiens_tRNA-Tyr-ATA	3	DMtRNAseq_treated_2	bowtie2	mapq10
Homo_sapiens_tRNA-Asp-ATC	4	DMtRNAseq_treated_2	bowtie2	mapq10
Homo_sapiens_tRNA-Und-NNN	3	DMtRNAseq_treated_2	bowtie2	mapq10
Homo_sapiens_tRNA-Lys-TTT	36980	YAMATseq_BT20_A	bowtie2	mapq10
Homo_sapiens_tRNA-Gly-TCC	190128	YAMATseq_BT20_A	bowtie2	mapq10
Homo_sapiens_tRNA-Lys-CTT	175357	YAMATseq_BT20_A	bowtie2	mapq10
Homo_sapiens_tRNA-Asp-GTC	90295	YAMATseq_BT20_A	bowtie2	mapq10
Homo_sapiens_tRNA-SeC-TCA	287990	YAMATseq_BT20_A	bowtie2	mapq10
Homo_sapiens_tRNA-Val-CAC	29448	YAMATseq_BT20_A	bowtie2	mapq10
Homo_sapiens_tRNA-Arg-CCT	22149	YAMATseq_BT20_A	bowtie2	mapq10
Homo_sapiens_tRNA-Ala-TGC	9876	YAMATseq_BT20_A	bowtie2	mapq10
Homo_sapiens_tRNA-Arg-CCG	8755	YAMATseq_BT20_A	bowtie2	mapq10
Homo_sapiens_tRNA-Gln-CTG	16356	YAMATseq_BT20_A	bowtie2	mapq10
Homo_sapiens_tRNA-Val-TAC	16026	YAMATseq_BT20_A	bowtie2	mapq10
Homo_sapiens_tRNA-Val-AAC	38457	YAMATseq_BT20_A	bowtie2	mapq10
Homo_sapiens_tRNA-Arg-TCG	6687	YAMATseq_BT20_A	bowtie2	mapq10
Homo_sapiens_tRNA-Pro-TGG	1394	YAMATseq_BT20_A	bowtie2	mapq10
Homo_sapiens_tRNA-Gln-TTG	779	YAMATseq_BT20_A	bowtie2	mapq10
Homo_sapiens_tRNA-Ala-AGC	3520	YAMATseq_BT20_A	bowtie2	mapq10
Homo_sapiens_tRNA-Asn-GTT	704	YAMATseq_BT20_A	bowtie2	mapq10
Homo_sapiens_tRNA-Leu-TAG	3345	YAMATseq_BT20_A	bowtie2	mapq10
Homo_sapiens_tRNA-Ser-CGA	3938	YAMATseq_BT20_A	bowtie2	mapq10
Homo_sapiens_tRNA-Met-CAT	553	YAMATseq_BT20_A	bowtie2	mapq10
Homo_sapiens_tRNA-Ser-AGA	305	YAMATseq_BT20_A	bowtie2	mapq10
Homo_sapiens_tRNA-Cys-GCA	944	YAMATseq_BT20_A	bowtie2	mapq10
Homo_sapiens_tRNA-Ser-TGA	237	YAMATseq_BT20_A	bowtie2	mapq10
Homo_sapiens_tRNA-Thr-TGT	336	YAMATseq_BT20_A	bowtie2	mapq10
Homo_sapiens_tRNA-Ile-AAT	159	YAMATseq_BT20_A	bowtie2	mapq10
Homo_sapiens_tRNA-Ala-CGC	1217	YAMATseq_BT20_A	bowtie2	mapq10
Homo_sapiens_tRNA-Glu-CTC	201	YAMATseq_BT20_A	bowtie2	mapq10
Homo_sapiens_MTtRNA-Ala-TGC	61	YAMATseq_BT20_A	bowtie2	mapq10
Homo_sapiens_MTtRNA-Leu1-TAG	92	YAMATseq_BT20_A	bowtie2	mapq10
Homo_sapiens_MTtRNA-Met-CAT	258	YAMATseq_BT20_A	bowtie2	mapq10
Homo_sapiens_MTtRNA-Gln-TTG	342	YAMATseq_BT20_A	bowtie2	mapq10
Homo_sapiens_MTtRNA-Val-TAC	537	YAMATseq_BT20_A	bowtie2	mapq10
Homo_sapiens_MTtRNA-Asn-GTT	294	YAMATseq_BT20_A	bowtie2	mapq10
Homo_sapiens_MTtRNA-Ser1-GCT	96	YAMATseq_BT20_A	bowtie2	mapq10
Homo_sapiens_tRNA-Glu-TTC	21	YAMATseq_BT20_A	bowtie2	mapq10
Homo_sapiens_tRNA-Arg-TCT	15	YAMATseq_BT20_A	bowtie2	mapq10
Homo_sapiens_tRNA-Ser-GCT	38	YAMATseq_BT20_A	bowtie2	mapq10
Homo_sapiens_tRNA-iMet-CAT	82	YAMATseq_BT20_A	bowtie2	mapq10
Homo_sapiens_MTtRNA-Thr-TGT	43	YAMATseq_BT20_A	bowtie2	mapq10
Homo_sapiens_tRNA-Thr-CGT	24	YAMATseq_BT20_A	bowtie2	mapq10
Homo_sapiens_tRNA-Trp-CCA	8	YAMATseq_BT20_A	bowtie2	mapq10
Homo_sapiens_tRNA-Pro-AGG	107	YAMATseq_BT20_A	bowtie2	mapq10
Homo_sapiens_tRNA-Leu-TAA	105	YAMATseq_BT20_A	bowtie2	mapq10
Homo_sapiens_tRNA-Pro-CGG	15	YAMATseq_BT20_A	bowtie2	mapq10
Homo_sapiens_MTtRNA-Arg-TCG	21	YAMATseq_BT20_A	bowtie2	mapq10
Homo_sapiens_MTtRNA-Gly-TCC	171	YAMATseq_BT20_A	bowtie2	mapq10
Homo_sapiens_MTtRNA-Cys-GCA	117	YAMATseq_BT20_A	bowtie2	mapq10
Homo_sapiens_MTtRNA-Asp-GTC	11	YAMATseq_BT20_A	bowtie2	mapq10
Homo_sapiens_MTtRNA-His-GTG	8	YAMATseq_BT20_A	bowtie2	mapq10
Homo_sapiens_MTtRNA-Trp-TCA	26	YAMATseq_BT20_A	bowtie2	mapq10
Homo_sapiens_MTtRNA-Pro-TGG	19	YAMATseq_BT20_A	bowtie2	mapq10
Homo_sapiens_MTtRNA-Lys-TTT	86	YAMATseq_BT20_A	bowtie2	mapq10
Homo_sapiens_MTtRNA-Glu-TTC	32	YAMATseq_BT20_A	bowtie2	mapq10
Homo_sapiens_MTtRNA-Leu2-TAA	51	YAMATseq_BT20_A	bowtie2	mapq10
Homo_sapiens_tRNA-Phe-GAA	31	YAMATseq_BT20_A	bowtie2	mapq10
Homo_sapiens_tRNA-Gly-GCC	25	YAMATseq_BT20_A	bowtie2	mapq10
Homo_sapiens_MTtRNA-Ile-GAT	9	YAMATseq_BT20_A	bowtie2	mapq10
Homo_sapiens_tRNA-Leu-AAG	9	YAMATseq_BT20_A	bowtie2	mapq10
Homo_sapiens_MTtRNA-Ser2-TGA	16	YAMATseq_BT20_A	bowtie2	mapq10
Escherichia_coli_str_K_12_substr_MG1655_tRNA-eColiLys-TTT	6	YAMATseq_BT20_A	bowtie2	mapq10
Homo_sapiens_tRNA-Thr-AGT	1	YAMATseq_BT20_A	bowtie2	mapq10
Homo_sapiens_MTtRNA-Phe-GAA	7	YAMATseq_BT20_A	bowtie2	mapq10
Homo_sapiens_tRNA-Gly-CCC	6	YAMATseq_BT20_A	bowtie2	mapq10
Homo_sapiens_MTtRNA-Tyr-GTA	2	YAMATseq_BT20_A	bowtie2	mapq10
Homo_sapiens_tRNA-SeC-TCA	251745	YAMATseq_BT20_B	bowtie2	mapq10
Homo_sapiens_tRNA-Lys-CTT	145089	YAMATseq_BT20_B	bowtie2	mapq10
Homo_sapiens_tRNA-Arg-CCT	19995	YAMATseq_BT20_B	bowtie2	mapq10
Homo_sapiens_tRNA-Leu-TAG	3657	YAMATseq_BT20_B	bowtie2	mapq10
Homo_sapiens_tRNA-Gly-TCC	210421	YAMATseq_BT20_B	bowtie2	mapq10
Homo_sapiens_tRNA-Asp-GTC	71020	YAMATseq_BT20_B	bowtie2	mapq10
Homo_sapiens_tRNA-Val-CAC	32480	YAMATseq_BT20_B	bowtie2	mapq10
Homo_sapiens_tRNA-Arg-CCG	7524	YAMATseq_BT20_B	bowtie2	mapq10
Homo_sapiens_tRNA-Lys-TTT	34519	YAMATseq_BT20_B	bowtie2	mapq10
Homo_sapiens_tRNA-Val-AAC	43465	YAMATseq_BT20_B	bowtie2	mapq10
Homo_sapiens_tRNA-Ser-CGA	4280	YAMATseq_BT20_B	bowtie2	mapq10
Homo_sapiens_tRNA-Gln-CTG	13867	YAMATseq_BT20_B	bowtie2	mapq10
Homo_sapiens_tRNA-Ala-TGC	8931	YAMATseq_BT20_B	bowtie2	mapq10
Homo_sapiens_tRNA-Arg-TCG	5278	YAMATseq_BT20_B	bowtie2	mapq10
Homo_sapiens_tRNA-Val-TAC	17030	YAMATseq_BT20_B	bowtie2	mapq10
Homo_sapiens_tRNA-Ala-AGC	3545	YAMATseq_BT20_B	bowtie2	mapq10
Homo_sapiens_tRNA-Met-CAT	523	YAMATseq_BT20_B	bowtie2	mapq10
Homo_sapiens_tRNA-Asn-GTT	592	YAMATseq_BT20_B	bowtie2	mapq10
Homo_sapiens_tRNA-Cys-GCA	793	YAMATseq_BT20_B	bowtie2	mapq10
Homo_sapiens_tRNA-Pro-TGG	1106	YAMATseq_BT20_B	bowtie2	mapq10
Homo_sapiens_tRNA-Ser-AGA	283	YAMATseq_BT20_B	bowtie2	mapq10
Homo_sapiens_tRNA-Ala-CGC	1093	YAMATseq_BT20_B	bowtie2	mapq10
Homo_sapiens_tRNA-Glu-CTC	157	YAMATseq_BT20_B	bowtie2	mapq10
Homo_sapiens_tRNA-Gln-TTG	662	YAMATseq_BT20_B	bowtie2	mapq10
Homo_sapiens_tRNA-Thr-TGT	332	YAMATseq_BT20_B	bowtie2	mapq10
Homo_sapiens_tRNA-iMet-CAT	71	YAMATseq_BT20_B	bowtie2	mapq10
Homo_sapiens_tRNA-Ser-TGA	288	YAMATseq_BT20_B	bowtie2	mapq10
Homo_sapiens_tRNA-Gly-GCC	32	YAMATseq_BT20_B	bowtie2	mapq10
Homo_sapiens_tRNA-Leu-TAA	95	YAMATseq_BT20_B	bowtie2	mapq10
Homo_sapiens_MTtRNA-Gln-TTG	253	YAMATseq_BT20_B	bowtie2	mapq10
Homo_sapiens_MTtRNA-Gly-TCC	127	YAMATseq_BT20_B	bowtie2	mapq10
Homo_sapiens_MTtRNA-Val-TAC	341	YAMATseq_BT20_B	bowtie2	mapq10
Homo_sapiens_MTtRNA-Phe-GAA	9	YAMATseq_BT20_B	bowtie2	mapq10
Homo_sapiens_MTtRNA-Lys-TTT	71	YAMATseq_BT20_B	bowtie2	mapq10
Homo_sapiens_tRNA-Ile-AAT	187	YAMATseq_BT20_B	bowtie2	mapq10
Homo_sapiens_tRNA-Pro-AGG	98	YAMATseq_BT20_B	bowtie2	mapq10
Homo_sapiens_tRNA-Ser-GCT	32	YAMATseq_BT20_B	bowtie2	mapq10
Homo_sapiens_tRNA-Thr-CGT	15	YAMATseq_BT20_B	bowtie2	mapq10
Homo_sapiens_MTtRNA-Ala-TGC	45	YAMATseq_BT20_B	bowtie2	mapq10
Homo_sapiens_tRNA-Phe-GAA	35	YAMATseq_BT20_B	bowtie2	mapq10
Homo_sapiens_tRNA-Arg-TCT	21	YAMATseq_BT20_B	bowtie2	mapq10
Homo_sapiens_tRNA-Trp-CCA	12	YAMATseq_BT20_B	bowtie2	mapq10
Escherichia_coli_str_K_12_substr_MG1655_tRNA-eColiLys-TTT	2	YAMATseq_BT20_B	bowtie2	mapq10
Homo_sapiens_MTtRNA-Thr-TGT	37	YAMATseq_BT20_B	bowtie2	mapq10
Homo_sapiens_MTtRNA-Met-CAT	195	YAMATseq_BT20_B	bowtie2	mapq10
Homo_sapiens_MTtRNA-Asn-GTT	171	YAMATseq_BT20_B	bowtie2	mapq10
Homo_sapiens_MTtRNA-Leu1-TAG	72	YAMATseq_BT20_B	bowtie2	mapq10
Homo_sapiens_MTtRNA-Leu2-TAA	49	YAMATseq_BT20_B	bowtie2	mapq10
Homo_sapiens_MTtRNA-Cys-GCA	98	YAMATseq_BT20_B	bowtie2	mapq10
Homo_sapiens_tRNA-Glu-TTC	37	YAMATseq_BT20_B	bowtie2	mapq10
Homo_sapiens_MTtRNA-Ser1-GCT	71	YAMATseq_BT20_B	bowtie2	mapq10
Homo_sapiens_MTtRNA-Trp-TCA	22	YAMATseq_BT20_B	bowtie2	mapq10
Homo_sapiens_MTtRNA-Asp-GTC	9	YAMATseq_BT20_B	bowtie2	mapq10
Homo_sapiens_MTtRNA-Glu-TTC	16	YAMATseq_BT20_B	bowtie2	mapq10
Homo_sapiens_MTtRNA-Pro-TGG	12	YAMATseq_BT20_B	bowtie2	mapq10
Homo_sapiens_tRNA-Pro-CGG	17	YAMATseq_BT20_B	bowtie2	mapq10
Homo_sapiens_MTtRNA-Ser2-TGA	10	YAMATseq_BT20_B	bowtie2	mapq10
Homo_sapiens_MTtRNA-Arg-TCG	9	YAMATseq_BT20_B	bowtie2	mapq10
Homo_sapiens_MTtRNA-Tyr-GTA	4	YAMATseq_BT20_B	bowtie2	mapq10
Homo_sapiens_tRNA-Ile-TAT	3	YAMATseq_BT20_B	bowtie2	mapq10
Homo_sapiens_MTtRNA-Ile-GAT	3	YAMATseq_BT20_B	bowtie2	mapq10
Homo_sapiens_tRNA-Leu-AAG	5	YAMATseq_BT20_B	bowtie2	mapq10
Homo_sapiens_tRNA-Gly-CCC	2	YAMATseq_BT20_B	bowtie2	mapq10
Homo_sapiens_tRNA-Tyr-GTA	1	YAMATseq_BT20_B	bowtie2	mapq10
Homo_sapiens_tRNA-Thr-AGT	1	YAMATseq_BT20_B	bowtie2	mapq10
Homo_sapiens_tRNA-Lys-CTT	172295	YAMATseq_BT20_C	bowtie2	mapq10
Homo_sapiens_tRNA-Arg-CCT	18077	YAMATseq_BT20_C	bowtie2	mapq10
Homo_sapiens_tRNA-Asp-GTC	75175	YAMATseq_BT20_C	bowtie2	mapq10
Homo_sapiens_tRNA-Gly-TCC	156582	YAMATseq_BT20_C	bowtie2	mapq10
Homo_sapiens_tRNA-Arg-TCG	5855	YAMATseq_BT20_C	bowtie2	mapq10
Homo_sapiens_tRNA-SeC-TCA	247432	YAMATseq_BT20_C	bowtie2	mapq10
Homo_sapiens_tRNA-Gln-CTG	13710	YAMATseq_BT20_C	bowtie2	mapq10
Homo_sapiens_tRNA-Leu-TAG	2404	YAMATseq_BT20_C	bowtie2	mapq10
Homo_sapiens_tRNA-Lys-TTT	31000	YAMATseq_BT20_C	bowtie2	mapq10
Homo_sapiens_tRNA-Val-CAC	23697	YAMATseq_BT20_C	bowtie2	mapq10
Homo_sapiens_tRNA-Ser-CGA	2843	YAMATseq_BT20_C	bowtie2	mapq10
Homo_sapiens_tRNA-Val-AAC	31567	YAMATseq_BT20_C	bowtie2	mapq10
Homo_sapiens_tRNA-Val-TAC	13592	YAMATseq_BT20_C	bowtie2	mapq10
Homo_sapiens_tRNA-Ser-AGA	255	YAMATseq_BT20_C	bowtie2	mapq10
Homo_sapiens_tRNA-Ala-AGC	2629	YAMATseq_BT20_C	bowtie2	mapq10
Homo_sapiens_tRNA-Arg-CCG	7701	YAMATseq_BT20_C	bowtie2	mapq10
Homo_sapiens_tRNA-Pro-AGG	90	YAMATseq_BT20_C	bowtie2	mapq10
Homo_sapiens_tRNA-Phe-GAA	21	YAMATseq_BT20_C	bowtie2	mapq10
Homo_sapiens_tRNA-Ala-CGC	904	YAMATseq_BT20_C	bowtie2	mapq10
Homo_sapiens_tRNA-Ala-TGC	7808	YAMATseq_BT20_C	bowtie2	mapq10
Homo_sapiens_tRNA-Pro-TGG	1144	YAMATseq_BT20_C	bowtie2	mapq10
Homo_sapiens_tRNA-Cys-GCA	847	YAMATseq_BT20_C	bowtie2	mapq10
Homo_sapiens_tRNA-Gln-TTG	708	YAMATseq_BT20_C	bowtie2	mapq10
Homo_sapiens_tRNA-Gly-CCC	3	YAMATseq_BT20_C	bowtie2	mapq10
Homo_sapiens_tRNA-Asn-GTT	573	YAMATseq_BT20_C	bowtie2	mapq10
Homo_sapiens_tRNA-Ser-TGA	249	YAMATseq_BT20_C	bowtie2	mapq10
Homo_sapiens_tRNA-Glu-TTC	30	YAMATseq_BT20_C	bowtie2	mapq10
Homo_sapiens_tRNA-Ile-AAT	143	YAMATseq_BT20_C	bowtie2	mapq10
Homo_sapiens_tRNA-iMet-CAT	58	YAMATseq_BT20_C	bowtie2	mapq10
Homo_sapiens_tRNA-Met-CAT	397	YAMATseq_BT20_C	bowtie2	mapq10
Homo_sapiens_tRNA-Thr-TGT	333	YAMATseq_BT20_C	bowtie2	mapq10
Homo_sapiens_MTtRNA-Asn-GTT	259	YAMATseq_BT20_C	bowtie2	mapq10
Homo_sapiens_MTtRNA-Gln-TTG	313	YAMATseq_BT20_C	bowtie2	mapq10
Homo_sapiens_MTtRNA-Lys-TTT	101	YAMATseq_BT20_C	bowtie2	mapq10
Homo_sapiens_MTtRNA-Leu2-TAA	29	YAMATseq_BT20_C	bowtie2	mapq10
Homo_sapiens_MTtRNA-Met-CAT	240	YAMATseq_BT20_C	bowtie2	mapq10
Homo_sapiens_MTtRNA-Cys-GCA	97	YAMATseq_BT20_C	bowtie2	mapq10
Homo_sapiens_MTtRNA-Gly-TCC	136	YAMATseq_BT20_C	bowtie2	mapq10
Homo_sapiens_tRNA-Leu-TAA	64	YAMATseq_BT20_C	bowtie2	mapq10
Homo_sapiens_tRNA-Glu-CTC	174	YAMATseq_BT20_C	bowtie2	mapq10
Homo_sapiens_tRNA-Arg-TCT	20	YAMATseq_BT20_C	bowtie2	mapq10
Homo_sapiens_tRNA-Trp-CCA	7	YAMATseq_BT20_C	bowtie2	mapq10
Homo_sapiens_tRNA-Thr-CGT	15	YAMATseq_BT20_C	bowtie2	mapq10
Homo_sapiens_tRNA-Tyr-GTA	1	YAMATseq_BT20_C	bowtie2	mapq10
Homo_sapiens_MTtRNA-Thr-TGT	36	YAMATseq_BT20_C	bowtie2	mapq10
Homo_sapiens_tRNA-Ile-TAT	2	YAMATseq_BT20_C	bowtie2	mapq10
Homo_sapiens_tRNA-Ser-GCT	29	YAMATseq_BT20_C	bowtie2	mapq10
Homo_sapiens_MTtRNA-Val-TAC	443	YAMATseq_BT20_C	bowtie2	mapq10
Homo_sapiens_MTtRNA-Arg-TCG	26	YAMATseq_BT20_C	bowtie2	mapq10
Homo_sapiens_MTtRNA-Ser1-GCT	63	YAMATseq_BT20_C	bowtie2	mapq10
Homo_sapiens_MTtRNA-Leu1-TAG	102	YAMATseq_BT20_C	bowtie2	mapq10
Homo_sapiens_MTtRNA-Ala-TGC	50	YAMATseq_BT20_C	bowtie2	mapq10
Homo_sapiens_tRNA-Pro-CGG	21	YAMATseq_BT20_C	bowtie2	mapq10
Homo_sapiens_MTtRNA-Trp-TCA	19	YAMATseq_BT20_C	bowtie2	mapq10
Homo_sapiens_MTtRNA-Ser2-TGA	14	YAMATseq_BT20_C	bowtie2	mapq10
Homo_sapiens_MTtRNA-Asp-GTC	10	YAMATseq_BT20_C	bowtie2	mapq10
Homo_sapiens_MTtRNA-Ile-GAT	4	YAMATseq_BT20_C	bowtie2	mapq10
Homo_sapiens_tRNA-Thr-AGT	2	YAMATseq_BT20_C	bowtie2	mapq10
Homo_sapiens_tRNA-Leu-AAG	5	YAMATseq_BT20_C	bowtie2	mapq10
Homo_sapiens_MTtRNA-Glu-TTC	26	YAMATseq_BT20_C	bowtie2	mapq10
Homo_sapiens_tRNA-Gly-GCC	22	YAMATseq_BT20_C	bowtie2	mapq10
Homo_sapiens_MTtRNA-Pro-TGG	29	YAMATseq_BT20_C	bowtie2	mapq10
Homo_sapiens_MTtRNA-Phe-GAA	9	YAMATseq_BT20_C	bowtie2	mapq10
Homo_sapiens_MTtRNA-Tyr-GTA	3	YAMATseq_BT20_C	bowtie2	mapq10
Escherichia_coli_str_K_12_substr_MG1655_tRNA-eColiLys-TTT	1	YAMATseq_BT20_C	bowtie2	mapq10
Homo_sapiens_tRNA-Val-TAC	72754	YAMATseq_MCF7_A	bowtie2	mapq10
Homo_sapiens_tRNA-Lys-CTT	439890	YAMATseq_MCF7_A	bowtie2	mapq10
Homo_sapiens_tRNA-Arg-CCT	13819	YAMATseq_MCF7_A	bowtie2	mapq10
Homo_sapiens_tRNA-Leu-TAG	3229	YAMATseq_MCF7_A	bowtie2	mapq10
Homo_sapiens_tRNA-Gly-TCC	168128	YAMATseq_MCF7_A	bowtie2	mapq10
Homo_sapiens_tRNA-Asp-GTC	82475	YAMATseq_MCF7_A	bowtie2	mapq10
Homo_sapiens_tRNA-Asn-GTT	35491	YAMATseq_MCF7_A	bowtie2	mapq10
Homo_sapiens_tRNA-Ala-TGC	36427	YAMATseq_MCF7_A	bowtie2	mapq10
Homo_sapiens_tRNA-Gln-CTG	42305	YAMATseq_MCF7_A	bowtie2	mapq10
Homo_sapiens_tRNA-SeC-TCA	134250	YAMATseq_MCF7_A	bowtie2	mapq10
Homo_sapiens_tRNA-Arg-CCG	34856	YAMATseq_MCF7_A	bowtie2	mapq10
Homo_sapiens_tRNA-Val-AAC	43435	YAMATseq_MCF7_A	bowtie2	mapq10
Homo_sapiens_tRNA-Lys-TTT	60549	YAMATseq_MCF7_A	bowtie2	mapq10
Homo_sapiens_tRNA-Met-CAT	1142	YAMATseq_MCF7_A	bowtie2	mapq10
Homo_sapiens_tRNA-Val-CAC	31186	YAMATseq_MCF7_A	bowtie2	mapq10
Homo_sapiens_tRNA-Thr-TGT	3435	YAMATseq_MCF7_A	bowtie2	mapq10
Homo_sapiens_tRNA-Arg-TCG	11369	YAMATseq_MCF7_A	bowtie2	mapq10
Homo_sapiens_tRNA-Cys-GCA	3116	YAMATseq_MCF7_A	bowtie2	mapq10
Homo_sapiens_tRNA-Ser-TGA	210	YAMATseq_MCF7_A	bowtie2	mapq10
Homo_sapiens_tRNA-Gln-TTG	2649	YAMATseq_MCF7_A	bowtie2	mapq10
Homo_sapiens_tRNA-Ser-CGA	2506	YAMATseq_MCF7_A	bowtie2	mapq10
Homo_sapiens_tRNA-Pro-TGG	1240	YAMATseq_MCF7_A	bowtie2	mapq10
Homo_sapiens_tRNA-Ala-CGC	1548	YAMATseq_MCF7_A	bowtie2	mapq10
Homo_sapiens_tRNA-Glu-TTC	74	YAMATseq_MCF7_A	bowtie2	mapq10
Homo_sapiens_tRNA-Ile-AAT	553	YAMATseq_MCF7_A	bowtie2	mapq10
Homo_sapiens_tRNA-Ala-AGC	3566	YAMATseq_MCF7_A	bowtie2	mapq10
Homo_sapiens_tRNA-Pro-AGG	211	YAMATseq_MCF7_A	bowtie2	mapq10
Homo_sapiens_tRNA-Gly-GCC	18	YAMATseq_MCF7_A	bowtie2	mapq10
Homo_sapiens_tRNA-Ser-AGA	843	YAMATseq_MCF7_A	bowtie2	mapq10
Homo_sapiens_MTtRNA-Asn-GTT	255	YAMATseq_MCF7_A	bowtie2	mapq10
Homo_sapiens_tRNA-Pro-CGG	229	YAMATseq_MCF7_A	bowtie2	mapq10
Homo_sapiens_tRNA-iMet-CAT	152	YAMATseq_MCF7_A	bowtie2	mapq10
Homo_sapiens_MTtRNA-Leu1-TAG	93	YAMATseq_MCF7_A	bowtie2	mapq10
Homo_sapiens_tRNA-Glu-CTC	155	YAMATseq_MCF7_A	bowtie2	mapq10
Homo_sapiens_MTtRNA-Ser1-GCT	83	YAMATseq_MCF7_A	bowtie2	mapq10
Homo_sapiens_MTtRNA-Val-TAC	368	YAMATseq_MCF7_A	bowtie2	mapq10
Homo_sapiens_MTtRNA-Ala-TGC	47	YAMATseq_MCF7_A	bowtie2	mapq10
Escherichia_coli_str_K_12_substr_MG1655_tRNA-eColiLys-TTT	2	YAMATseq_MCF7_A	bowtie2	mapq10
Homo_sapiens_tRNA-Thr-AGT	55	YAMATseq_MCF7_A	bowtie2	mapq10
Homo_sapiens_tRNA-Thr-CGT	33	YAMATseq_MCF7_A	bowtie2	mapq10
Homo_sapiens_tRNA-Arg-TCT	36	YAMATseq_MCF7_A	bowtie2	mapq10
Homo_sapiens_tRNA-Gly-CCC	51	YAMATseq_MCF7_A	bowtie2	mapq10
Homo_sapiens_MTtRNA-Gln-TTG	292	YAMATseq_MCF7_A	bowtie2	mapq10
Homo_sapiens_tRNA-Trp-CCA	21	YAMATseq_MCF7_A	bowtie2	mapq10
Homo_sapiens_tRNA-Ser-GCT	97	YAMATseq_MCF7_A	bowtie2	mapq10
Homo_sapiens_MTtRNA-Cys-GCA	104	YAMATseq_MCF7_A	bowtie2	mapq10
Homo_sapiens_MTtRNA-Pro-TGG	18	YAMATseq_MCF7_A	bowtie2	mapq10
Homo_sapiens_MTtRNA-Glu-TTC	35	YAMATseq_MCF7_A	bowtie2	mapq10
Homo_sapiens_MTtRNA-Met-CAT	207	YAMATseq_MCF7_A	bowtie2	mapq10
Homo_sapiens_MTtRNA-Gly-TCC	169	YAMATseq_MCF7_A	bowtie2	mapq10
Homo_sapiens_MTtRNA-Lys-TTT	69	YAMATseq_MCF7_A	bowtie2	mapq10
Homo_sapiens_MTtRNA-Arg-TCG	11	YAMATseq_MCF7_A	bowtie2	mapq10
Homo_sapiens_tRNA-Phe-GAA	38	YAMATseq_MCF7_A	bowtie2	mapq10
Homo_sapiens_MTtRNA-Phe-GAA	6	YAMATseq_MCF7_A	bowtie2	mapq10
Homo_sapiens_MTtRNA-Leu2-TAA	22	YAMATseq_MCF7_A	bowtie2	mapq10
Homo_sapiens_MTtRNA-Asp-GTC	8	YAMATseq_MCF7_A	bowtie2	mapq10
Homo_sapiens_MTtRNA-Trp-TCA	19	YAMATseq_MCF7_A	bowtie2	mapq10
Homo_sapiens_tRNA-Leu-TAA	119	YAMATseq_MCF7_A	bowtie2	mapq10
Homo_sapiens_MTtRNA-Ile-GAT	6	YAMATseq_MCF7_A	bowtie2	mapq10
Homo_sapiens_tRNA-Leu-AAG	12	YAMATseq_MCF7_A	bowtie2	mapq10
Homo_sapiens_MTtRNA-His-GTG	4	YAMATseq_MCF7_A	bowtie2	mapq10
Homo_sapiens_tRNA-Tyr-GTA	6	YAMATseq_MCF7_A	bowtie2	mapq10
Homo_sapiens_MTtRNA-Thr-TGT	9	YAMATseq_MCF7_A	bowtie2	mapq10
Homo_sapiens_MTtRNA-Tyr-GTA	1	YAMATseq_MCF7_A	bowtie2	mapq10
Homo_sapiens_tRNA-Ile-TAT	6	YAMATseq_MCF7_A	bowtie2	mapq10
Homo_sapiens_MTtRNA-Ser2-TGA	5	YAMATseq_MCF7_A	bowtie2	mapq10
Homo_sapiens_tRNA-Gly-TCC	118287	YAMATseq_MCF7_B	bowtie2	mapq10
Homo_sapiens_tRNA-Gln-CTG	30151	YAMATseq_MCF7_B	bowtie2	mapq10
Homo_sapiens_tRNA-Val-CAC	21480	YAMATseq_MCF7_B	bowtie2	mapq10
Homo_sapiens_tRNA-Ser-GCT	91	YAMATseq_MCF7_B	bowtie2	mapq10
Homo_sapiens_tRNA-Lys-CTT	410086	YAMATseq_MCF7_B	bowtie2	mapq10
Homo_sapiens_tRNA-SeC-TCA	135913	YAMATseq_MCF7_B	bowtie2	mapq10
Homo_sapiens_tRNA-Arg-CCT	8525	YAMATseq_MCF7_B	bowtie2	mapq10
Homo_sapiens_tRNA-Val-TAC	53831	YAMATseq_MCF7_B	bowtie2	mapq10
Homo_sapiens_tRNA-Val-AAC	30812	YAMATseq_MCF7_B	bowtie2	mapq10
Homo_sapiens_tRNA-Lys-TTT	50115	YAMATseq_MCF7_B	bowtie2	mapq10
Homo_sapiens_tRNA-Arg-CCG	19743	YAMATseq_MCF7_B	bowtie2	mapq10
Homo_sapiens_tRNA-Asp-GTC	63186	YAMATseq_MCF7_B	bowtie2	mapq10
Homo_sapiens_tRNA-Asn-GTT	27212	YAMATseq_MCF7_B	bowtie2	mapq10
Homo_sapiens_tRNA-Ala-TGC	28444	YAMATseq_MCF7_B	bowtie2	mapq10
Homo_sapiens_tRNA-Arg-TCG	8243	YAMATseq_MCF7_B	bowtie2	mapq10
Homo_sapiens_tRNA-Leu-TAG	2230	YAMATseq_MCF7_B	bowtie2	mapq10
Homo_sapiens_tRNA-Ser-CGA	1522	YAMATseq_MCF7_B	bowtie2	mapq10
Homo_sapiens_tRNA-Met-CAT	708	YAMATseq_MCF7_B	bowtie2	mapq10
Homo_sapiens_tRNA-Gln-TTG	1765	YAMATseq_MCF7_B	bowtie2	mapq10
Homo_sapiens_tRNA-Thr-TGT	2708	YAMATseq_MCF7_B	bowtie2	mapq10
Homo_sapiens_tRNA-Ser-AGA	693	YAMATseq_MCF7_B	bowtie2	mapq10
Homo_sapiens_tRNA-Leu-AAG	12	YAMATseq_MCF7_B	bowtie2	mapq10
Homo_sapiens_tRNA-Cys-GCA	1829	YAMATseq_MCF7_B	bowtie2	mapq10
Homo_sapiens_tRNA-Ala-CGC	933	YAMATseq_MCF7_B	bowtie2	mapq10
Homo_sapiens_tRNA-Pro-AGG	117	YAMATseq_MCF7_B	bowtie2	mapq10
Homo_sapiens_tRNA-Pro-CGG	144	YAMATseq_MCF7_B	bowtie2	mapq10
Homo_sapiens_tRNA-Leu-TAA	73	YAMATseq_MCF7_B	bowtie2	mapq10
Homo_sapiens_tRNA-Ser-TGA	111	YAMATseq_MCF7_B	bowtie2	mapq10
Homo_sapiens_tRNA-Ala-AGC	2421	YAMATseq_MCF7_B	bowtie2	mapq10
Homo_sapiens_tRNA-Ile-AAT	412	YAMATseq_MCF7_B	bowtie2	mapq10
Homo_sapiens_tRNA-iMet-CAT	84	YAMATseq_MCF7_B	bowtie2	mapq10
Homo_sapiens_tRNA-Glu-TTC	57	YAMATseq_MCF7_B	bowtie2	mapq10
Homo_sapiens_tRNA-Ile-TAT	4	YAMATseq_MCF7_B	bowtie2	mapq10
Homo_sapiens_MTtRNA-Asn-GTT	247	YAMATseq_MCF7_B	bowtie2	mapq10
Homo_sapiens_tRNA-Pro-TGG	669	YAMATseq_MCF7_B	bowtie2	mapq10
Homo_sapiens_MTtRNA-Leu2-TAA	22	YAMATseq_MCF7_B	bowtie2	mapq10
Homo_sapiens_MTtRNA-Val-TAC	355	YAMATseq_MCF7_B	bowtie2	mapq10
Homo_sapiens_MTtRNA-Gln-TTG	265	YAMATseq_MCF7_B	bowtie2	mapq10
Homo_sapiens_tRNA-Glu-CTC	111	YAMATseq_MCF7_B	bowtie2	mapq10
Homo_sapiens_MTtRNA-Thr-TGT	12	YAMATseq_MCF7_B	bowtie2	mapq10
Homo_sapiens_tRNA-Gly-CCC	52	YAMATseq_MCF7_B	bowtie2	mapq10
Homo_sapiens_tRNA-Tyr-GTA	3	YAMATseq_MCF7_B	bowtie2	mapq10
Homo_sapiens_tRNA-Gly-GCC	24	YAMATseq_MCF7_B	bowtie2	mapq10
Homo_sapiens_tRNA-Thr-AGT	25	YAMATseq_MCF7_B	bowtie2	mapq10
Homo_sapiens_tRNA-Arg-TCT	36	YAMATseq_MCF7_B	bowtie2	mapq10
Homo_sapiens_MTtRNA-Lys-TTT	62	YAMATseq_MCF7_B	bowtie2	mapq10
Homo_sapiens_MTtRNA-Ala-TGC	53	YAMATseq_MCF7_B	bowtie2	mapq10
Homo_sapiens_MTtRNA-Glu-TTC	26	YAMATseq_MCF7_B	bowtie2	mapq10
Homo_sapiens_MTtRNA-Met-CAT	168	YAMATseq_MCF7_B	bowtie2	mapq10
Homo_sapiens_MTtRNA-Cys-GCA	75	YAMATseq_MCF7_B	bowtie2	mapq10
Homo_sapiens_MTtRNA-Ser1-GCT	72	YAMATseq_MCF7_B	bowtie2	mapq10
Homo_sapiens_MTtRNA-Arg-TCG	17	YAMATseq_MCF7_B	bowtie2	mapq10
Homo_sapiens_MTtRNA-Gly-TCC	129	YAMATseq_MCF7_B	bowtie2	mapq10
Homo_sapiens_tRNA-Thr-CGT	24	YAMATseq_MCF7_B	bowtie2	mapq10
Homo_sapiens_MTtRNA-Pro-TGG	17	YAMATseq_MCF7_B	bowtie2	mapq10
Homo_sapiens_MTtRNA-Phe-GAA	7	YAMATseq_MCF7_B	bowtie2	mapq10
Homo_sapiens_MTtRNA-Tyr-GTA	3	YAMATseq_MCF7_B	bowtie2	mapq10
Homo_sapiens_MTtRNA-Leu1-TAG	77	YAMATseq_MCF7_B	bowtie2	mapq10
Homo_sapiens_tRNA-Phe-GAA	8	YAMATseq_MCF7_B	bowtie2	mapq10
Homo_sapiens_MTtRNA-Ile-GAT	2	YAMATseq_MCF7_B	bowtie2	mapq10
Homo_sapiens_MTtRNA-Asp-GTC	8	YAMATseq_MCF7_B	bowtie2	mapq10
Homo_sapiens_MTtRNA-Trp-TCA	12	YAMATseq_MCF7_B	bowtie2	mapq10
Homo_sapiens_MTtRNA-Ser2-TGA	4	YAMATseq_MCF7_B	bowtie2	mapq10
Homo_sapiens_tRNA-Trp-CCA	11	YAMATseq_MCF7_B	bowtie2	mapq10
Homo_sapiens_MTtRNA-His-GTG	4	YAMATseq_MCF7_B	bowtie2	mapq10
Homo_sapiens_tRNA-Gly-TCC	153407	YAMATseq_MCF7_C	bowtie2	mapq10
Homo_sapiens_tRNA-Arg-CCT	9025	YAMATseq_MCF7_C	bowtie2	mapq10
Homo_sapiens_tRNA-SeC-TCA	137992	YAMATseq_MCF7_C	bowtie2	mapq10
Homo_sapiens_tRNA-Ala-TGC	32357	YAMATseq_MCF7_C	bowtie2	mapq10
Homo_sapiens_tRNA-Lys-CTT	402908	YAMATseq_MCF7_C	bowtie2	mapq10
Homo_sapiens_tRNA-Lys-TTT	59312	YAMATseq_MCF7_C	bowtie2	mapq10
Homo_sapiens_tRNA-Asp-GTC	66898	YAMATseq_MCF7_C	bowtie2	mapq10
Homo_sapiens_tRNA-Gln-CTG	30553	YAMATseq_MCF7_C	bowtie2	mapq10
Homo_sapiens_tRNA-Val-TAC	68933	YAMATseq_MCF7_C	bowtie2	mapq10
Homo_sapiens_tRNA-Val-AAC	40485	YAMATseq_MCF7_C	bowtie2	mapq10
Homo_sapiens_tRNA-Asn-GTT	27776	YAMATseq_MCF7_C	bowtie2	mapq10
Homo_sapiens_tRNA-Val-CAC	27805	YAMATseq_MCF7_C	bowtie2	mapq10
Homo_sapiens_tRNA-Thr-TGT	2471	YAMATseq_MCF7_C	bowtie2	mapq10
Homo_sapiens_tRNA-Arg-CCG	20056	YAMATseq_MCF7_C	bowtie2	mapq10
Homo_sapiens_tRNA-Cys-GCA	1921	YAMATseq_MCF7_C	bowtie2	mapq10
Homo_sapiens_tRNA-Arg-TCG	7634	YAMATseq_MCF7_C	bowtie2	mapq10
Homo_sapiens_tRNA-Gln-TTG	1718	YAMATseq_MCF7_C	bowtie2	mapq10
Homo_sapiens_tRNA-Ile-AAT	380	YAMATseq_MCF7_C	bowtie2	mapq10
Homo_sapiens_tRNA-Ala-CGC	1039	YAMATseq_MCF7_C	bowtie2	mapq10
Homo_sapiens_tRNA-Ala-AGC	2629	YAMATseq_MCF7_C	bowtie2	mapq10
Homo_sapiens_tRNA-Ser-CGA	1383	YAMATseq_MCF7_C	bowtie2	mapq10
Homo_sapiens_tRNA-Leu-TAG	2316	YAMATseq_MCF7_C	bowtie2	mapq10
Homo_sapiens_tRNA-Pro-TGG	643	YAMATseq_MCF7_C	bowtie2	mapq10
Homo_sapiens_MTtRNA-Asn-GTT	281	YAMATseq_MCF7_C	bowtie2	mapq10
Homo_sapiens_tRNA-Met-CAT	719	YAMATseq_MCF7_C	bowtie2	mapq10
Homo_sapiens_tRNA-Glu-TTC	63	YAMATseq_MCF7_C	bowtie2	mapq10
Homo_sapiens_tRNA-Leu-TAA	57	YAMATseq_MCF7_C	bowtie2	mapq10
Homo_sapiens_tRNA-Leu-AAG	5	YAMATseq_MCF7_C	bowtie2	mapq10
Homo_sapiens_tRNA-Ser-AGA	751	YAMATseq_MCF7_C	bowtie2	mapq10
Homo_sapiens_tRNA-Pro-AGG	122	YAMATseq_MCF7_C	bowtie2	mapq10
Homo_sapiens_MTtRNA-Ser2-TGA	6	YAMATseq_MCF7_C	bowtie2	mapq10
Homo_sapiens_tRNA-iMet-CAT	113	YAMATseq_MCF7_C	bowtie2	mapq10
Homo_sapiens_tRNA-Glu-CTC	189	YAMATseq_MCF7_C	bowtie2	mapq10
Homo_sapiens_tRNA-Pro-CGG	120	YAMATseq_MCF7_C	bowtie2	mapq10
Homo_sapiens_tRNA-Gly-CCC	62	YAMATseq_MCF7_C	bowtie2	mapq10
Homo_sapiens_MTtRNA-Gln-TTG	266	YAMATseq_MCF7_C	bowtie2	mapq10
Homo_sapiens_MTtRNA-Leu1-TAG	83	YAMATseq_MCF7_C	bowtie2	mapq10
Homo_sapiens_MTtRNA-Ser1-GCT	93	YAMATseq_MCF7_C	bowtie2	mapq10
Homo_sapiens_MTtRNA-Gly-TCC	131	YAMATseq_MCF7_C	bowtie2	mapq10
Homo_sapiens_MTtRNA-Val-TAC	350	YAMATseq_MCF7_C	bowtie2	mapq10
Homo_sapiens_MTtRNA-Arg-TCG	25	YAMATseq_MCF7_C	bowtie2	mapq10
Homo_sapiens_MTtRNA-Met-CAT	200	YAMATseq_MCF7_C	bowtie2	mapq10
Homo_sapiens_tRNA-Ser-TGA	110	YAMATseq_MCF7_C	bowtie2	mapq10
Homo_sapiens_tRNA-Thr-CGT	32	YAMATseq_MCF7_C	bowtie2	mapq10
Homo_sapiens_tRNA-Phe-GAA	13	YAMATseq_MCF7_C	bowtie2	mapq10
Homo_sapiens_MTtRNA-Ala-TGC	50	YAMATseq_MCF7_C	bowtie2	mapq10
Homo_sapiens_tRNA-Trp-CCA	17	YAMATseq_MCF7_C	bowtie2	mapq10
Homo_sapiens_tRNA-Arg-TCT	25	YAMATseq_MCF7_C	bowtie2	mapq10
Homo_sapiens_tRNA-Thr-AGT	46	YAMATseq_MCF7_C	bowtie2	mapq10
Homo_sapiens_tRNA-Ser-GCT	75	YAMATseq_MCF7_C	bowtie2	mapq10
Homo_sapiens_tRNA-Gly-GCC	29	YAMATseq_MCF7_C	bowtie2	mapq10
Homo_sapiens_MTtRNA-Lys-TTT	62	YAMATseq_MCF7_C	bowtie2	mapq10
Homo_sapiens_MTtRNA-Cys-GCA	101	YAMATseq_MCF7_C	bowtie2	mapq10
Homo_sapiens_MTtRNA-Glu-TTC	32	YAMATseq_MCF7_C	bowtie2	mapq10
Homo_sapiens_MTtRNA-Ile-GAT	4	YAMATseq_MCF7_C	bowtie2	mapq10
Homo_sapiens_MTtRNA-Trp-TCA	20	YAMATseq_MCF7_C	bowtie2	mapq10
Homo_sapiens_MTtRNA-Leu2-TAA	20	YAMATseq_MCF7_C	bowtie2	mapq10
Homo_sapiens_MTtRNA-Pro-TGG	25	YAMATseq_MCF7_C	bowtie2	mapq10
Homo_sapiens_MTtRNA-Phe-GAA	9	YAMATseq_MCF7_C	bowtie2	mapq10
Homo_sapiens_MTtRNA-His-GTG	5	YAMATseq_MCF7_C	bowtie2	mapq10
Homo_sapiens_MTtRNA-Thr-TGT	10	YAMATseq_MCF7_C	bowtie2	mapq10
Homo_sapiens_MTtRNA-Asp-GTC	5	YAMATseq_MCF7_C	bowtie2	mapq10
Homo_sapiens_tRNA-Tyr-GTA	4	YAMATseq_MCF7_C	bowtie2	mapq10
Homo_sapiens_MTtRNA-Tyr-GTA	3	YAMATseq_MCF7_C	bowtie2	mapq10
Homo_sapiens_tRNA-Ile-TAT	5	YAMATseq_MCF7_C	bowtie2	mapq10
Homo_sapiens_tRNA-Val-TAC	25662	YAMATseq_SKBR3_A	bowtie2	mapq10
Homo_sapiens_tRNA-Asp-GTC	66663	YAMATseq_SKBR3_A	bowtie2	mapq10
Homo_sapiens_tRNA-SeC-TCA	350615	YAMATseq_SKBR3_A	bowtie2	mapq10
Homo_sapiens_tRNA-Lys-TTT	37247	YAMATseq_SKBR3_A	bowtie2	mapq10
Homo_sapiens_tRNA-Lys-CTT	95917	YAMATseq_SKBR3_A	bowtie2	mapq10
Homo_sapiens_tRNA-Gly-TCC	88162	YAMATseq_SKBR3_A	bowtie2	mapq10
Homo_sapiens_tRNA-Ala-TGC	14984	YAMATseq_SKBR3_A	bowtie2	mapq10
Homo_sapiens_tRNA-Val-AAC	25160	YAMATseq_SKBR3_A	bowtie2	mapq10
Homo_sapiens_tRNA-Gln-CTG	10500	YAMATseq_SKBR3_A	bowtie2	mapq10
Homo_sapiens_tRNA-Val-CAC	26167	YAMATseq_SKBR3_A	bowtie2	mapq10
Homo_sapiens_tRNA-Arg-CCG	16364	YAMATseq_SKBR3_A	bowtie2	mapq10
Homo_sapiens_tRNA-Arg-CCT	7919	YAMATseq_SKBR3_A	bowtie2	mapq10
Homo_sapiens_tRNA-Ala-AGC	545	YAMATseq_SKBR3_A	bowtie2	mapq10
Homo_sapiens_tRNA-Arg-TCG	4540	YAMATseq_SKBR3_A	bowtie2	mapq10
Homo_sapiens_tRNA-Asn-GTT	229	YAMATseq_SKBR3_A	bowtie2	mapq10
Homo_sapiens_tRNA-Ser-AGA	493	YAMATseq_SKBR3_A	bowtie2	mapq10
Homo_sapiens_tRNA-Ser-CGA	1007	YAMATseq_SKBR3_A	bowtie2	mapq10
Homo_sapiens_tRNA-Gln-TTG	243	YAMATseq_SKBR3_A	bowtie2	mapq10
Homo_sapiens_tRNA-Leu-TAA	86	YAMATseq_SKBR3_A	bowtie2	mapq10
Homo_sapiens_tRNA-Met-CAT	850	YAMATseq_SKBR3_A	bowtie2	mapq10
Homo_sapiens_tRNA-Leu-TAG	1421	YAMATseq_SKBR3_A	bowtie2	mapq10
Homo_sapiens_tRNA-Glu-TTC	79	YAMATseq_SKBR3_A	bowtie2	mapq10
Homo_sapiens_tRNA-Ile-AAT	223	YAMATseq_SKBR3_A	bowtie2	mapq10
Homo_sapiens_tRNA-Thr-TGT	400	YAMATseq_SKBR3_A	bowtie2	mapq10
Homo_sapiens_tRNA-Ala-CGC	620	YAMATseq_SKBR3_A	bowtie2	mapq10
Homo_sapiens_tRNA-Pro-TGG	404	YAMATseq_SKBR3_A	bowtie2	mapq10
Homo_sapiens_tRNA-Glu-CTC	174	YAMATseq_SKBR3_A	bowtie2	mapq10
Homo_sapiens_MTtRNA-Asn-GTT	262	YAMATseq_SKBR3_A	bowtie2	mapq10
Homo_sapiens_tRNA-Ser-TGA	193	YAMATseq_SKBR3_A	bowtie2	mapq10
Homo_sapiens_MTtRNA-Gly-TCC	205	YAMATseq_SKBR3_A	bowtie2	mapq10
Homo_sapiens_MTtRNA-Trp-TCA	48	YAMATseq_SKBR3_A	bowtie2	mapq10
Homo_sapiens_MTtRNA-Val-TAC	568	YAMATseq_SKBR3_A	bowtie2	mapq10
Homo_sapiens_MTtRNA-Met-CAT	313	YAMATseq_SKBR3_A	bowtie2	mapq10
Homo_sapiens_MTtRNA-Glu-TTC	33	YAMATseq_SKBR3_A	bowtie2	mapq10
Homo_sapiens_MTtRNA-Gln-TTG	268	YAMATseq_SKBR3_A	bowtie2	mapq10
Homo_sapiens_tRNA-Cys-GCA	131	YAMATseq_SKBR3_A	bowtie2	mapq10
Homo_sapiens_MTtRNA-Leu1-TAG	129	YAMATseq_SKBR3_A	bowtie2	mapq10
Homo_sapiens_MTtRNA-Lys-TTT	126	YAMATseq_SKBR3_A	bowtie2	mapq10
Homo_sapiens_MTtRNA-Thr-TGT	28	YAMATseq_SKBR3_A	bowtie2	mapq10
Homo_sapiens_tRNA-iMet-CAT	61	YAMATseq_SKBR3_A	bowtie2	mapq10
Homo_sapiens_tRNA-Pro-CGG	66	YAMATseq_SKBR3_A	bowtie2	mapq10
Homo_sapiens_MTtRNA-Arg-TCG	31	YAMATseq_SKBR3_A	bowtie2	mapq10
Homo_sapiens_tRNA-Pro-AGG	40	YAMATseq_SKBR3_A	bowtie2	mapq10
Homo_sapiens_tRNA-Gly-GCC	25	YAMATseq_SKBR3_A	bowtie2	mapq10
Homo_sapiens_tRNA-Thr-CGT	12	YAMATseq_SKBR3_A	bowtie2	mapq10
Homo_sapiens_tRNA-Phe-GAA	39	YAMATseq_SKBR3_A	bowtie2	mapq10
Homo_sapiens_MTtRNA-Leu2-TAA	38	YAMATseq_SKBR3_A	bowtie2	mapq10
Homo_sapiens_MTtRNA-Ser1-GCT	101	YAMATseq_SKBR3_A	bowtie2	mapq10
Homo_sapiens_MTtRNA-Ala-TGC	34	YAMATseq_SKBR3_A	bowtie2	mapq10
Homo_sapiens_MTtRNA-Asp-GTC	8	YAMATseq_SKBR3_A	bowtie2	mapq10
Homo_sapiens_MTtRNA-Ser2-TGA	10	YAMATseq_SKBR3_A	bowtie2	mapq10
Homo_sapiens_MTtRNA-Ile-GAT	8	YAMATseq_SKBR3_A	bowtie2	mapq10
Homo_sapiens_MTtRNA-Pro-TGG	30	YAMATseq_SKBR3_A	bowtie2	mapq10
Homo_sapiens_tRNA-Ile-TAT	3	YAMATseq_SKBR3_A	bowtie2	mapq10
Homo_sapiens_MTtRNA-Cys-GCA	97	YAMATseq_SKBR3_A	bowtie2	mapq10
Homo_sapiens_tRNA-Arg-TCT	17	YAMATseq_SKBR3_A	bowtie2	mapq10
Homo_sapiens_tRNA-Ser-GCT	22	YAMATseq_SKBR3_A	bowtie2	mapq10
Homo_sapiens_MTtRNA-His-GTG	4	YAMATseq_SKBR3_A	bowtie2	mapq10
Homo_sapiens_MTtRNA-Phe-GAA	11	YAMATseq_SKBR3_A	bowtie2	mapq10
Homo_sapiens_tRNA-Tyr-GTA	2	YAMATseq_SKBR3_A	bowtie2	mapq10
Homo_sapiens_MTtRNA-Tyr-GTA	8	YAMATseq_SKBR3_A	bowtie2	mapq10
Homo_sapiens_tRNA-Thr-AGT	2	YAMATseq_SKBR3_A	bowtie2	mapq10
Homo_sapiens_tRNA-Trp-CCA	1	YAMATseq_SKBR3_A	bowtie2	mapq10
Homo_sapiens_tRNA-Leu-AAG	2	YAMATseq_SKBR3_A	bowtie2	mapq10
Homo_sapiens_tRNA-Asp-GTC	59458	YAMATseq_SKBR3_B	bowtie2	mapq10
Homo_sapiens_tRNA-Lys-TTT	33323	YAMATseq_SKBR3_B	bowtie2	mapq10
Homo_sapiens_tRNA-SeC-TCA	332008	YAMATseq_SKBR3_B	bowtie2	mapq10
Homo_sapiens_tRNA-Arg-CCG	14571	YAMATseq_SKBR3_B	bowtie2	mapq10
Homo_sapiens_tRNA-Val-CAC	22957	YAMATseq_SKBR3_B	bowtie2	mapq10
Homo_sapiens_tRNA-Val-AAC	22395	YAMATseq_SKBR3_B	bowtie2	mapq10
Homo_sapiens_tRNA-Lys-CTT	76613	YAMATseq_SKBR3_B	bowtie2	mapq10
Homo_sapiens_tRNA-Gly-TCC	76106	YAMATseq_SKBR3_B	bowtie2	mapq10
Homo_sapiens_tRNA-Arg-TCG	3940	YAMATseq_SKBR3_B	bowtie2	mapq10
Homo_sapiens_tRNA-Ala-TGC	12553	YAMATseq_SKBR3_B	bowtie2	mapq10
Homo_sapiens_tRNA-Val-TAC	23310	YAMATseq_SKBR3_B	bowtie2	mapq10
Homo_sapiens_tRNA-Ser-CGA	912	YAMATseq_SKBR3_B	bowtie2	mapq10
Homo_sapiens_tRNA-Gln-CTG	9018	YAMATseq_SKBR3_B	bowtie2	mapq10
Homo_sapiens_tRNA-Ser-TGA	177	YAMATseq_SKBR3_B	bowtie2	mapq10
Homo_sapiens_tRNA-Arg-CCT	6915	YAMATseq_SKBR3_B	bowtie2	mapq10
Homo_sapiens_tRNA-Ser-AGA	384	YAMATseq_SKBR3_B	bowtie2	mapq10
Homo_sapiens_tRNA-Leu-TAG	1316	YAMATseq_SKBR3_B	bowtie2	mapq10
Homo_sapiens_tRNA-Ala-CGC	518	YAMATseq_SKBR3_B	bowtie2	mapq10
Homo_sapiens_tRNA-Thr-TGT	377	YAMATseq_SKBR3_B	bowtie2	mapq10
Homo_sapiens_tRNA-Glu-CTC	123	YAMATseq_SKBR3_B	bowtie2	mapq10
Homo_sapiens_tRNA-Pro-TGG	378	YAMATseq_SKBR3_B	bowtie2	mapq10
Homo_sapiens_tRNA-Met-CAT	653	YAMATseq_SKBR3_B	bowtie2	mapq10
Homo_sapiens_tRNA-Ile-AAT	198	YAMATseq_SKBR3_B	bowtie2	mapq10
Homo_sapiens_tRNA-Ala-AGC	472	YAMATseq_SKBR3_B	bowtie2	mapq10
Homo_sapiens_MTtRNA-Leu2-TAA	50	YAMATseq_SKBR3_B	bowtie2	mapq10
Homo_sapiens_tRNA-Asn-GTT	177	YAMATseq_SKBR3_B	bowtie2	mapq10
Homo_sapiens_tRNA-Leu-TAA	82	YAMATseq_SKBR3_B	bowtie2	mapq10
Homo_sapiens_tRNA-Cys-GCA	127	YAMATseq_SKBR3_B	bowtie2	mapq10
Homo_sapiens_MTtRNA-Val-TAC	480	YAMATseq_SKBR3_B	bowtie2	mapq10
Homo_sapiens_MTtRNA-Gln-TTG	218	YAMATseq_SKBR3_B	bowtie2	mapq10
Homo_sapiens_MTtRNA-Asn-GTT	240	YAMATseq_SKBR3_B	bowtie2	mapq10
Homo_sapiens_MTtRNA-Met-CAT	249	YAMATseq_SKBR3_B	bowtie2	mapq10
Homo_sapiens_MTtRNA-Leu1-TAG	120	YAMATseq_SKBR3_B	bowtie2	mapq10
Homo_sapiens_tRNA-Pro-CGG	58	YAMATseq_SKBR3_B	bowtie2	mapq10
Homo_sapiens_tRNA-Tyr-GTA	2	YAMATseq_SKBR3_B	bowtie2	mapq10
Homo_sapiens_MTtRNA-Lys-TTT	116	YAMATseq_SKBR3_B	bowtie2	mapq10
Homo_sapiens_tRNA-Gln-TTG	207	YAMATseq_SKBR3_B	bowtie2	mapq10
Homo_sapiens_tRNA-Pro-AGG	40	YAMATseq_SKBR3_B	bowtie2	mapq10
Homo_sapiens_tRNA-Thr-CGT	11	YAMATseq_SKBR3_B	bowtie2	mapq10
Homo_sapiens_tRNA-iMet-CAT	59	YAMATseq_SKBR3_B	bowtie2	mapq10
Homo_sapiens_MTtRNA-Gly-TCC	190	YAMATseq_SKBR3_B	bowtie2	mapq10
Homo_sapiens_MTtRNA-Ala-TGC	51	YAMATseq_SKBR3_B	bowtie2	mapq10
Homo_sapiens_MTtRNA-Ser1-GCT	84	YAMATseq_SKBR3_B	bowtie2	mapq10
Homo_sapiens_MTtRNA-Glu-TTC	33	YAMATseq_SKBR3_B	bowtie2	mapq10
Homo_sapiens_MTtRNA-Pro-TGG	23	YAMATseq_SKBR3_B	bowtie2	mapq10
Homo_sapiens_MTtRNA-Arg-TCG	28	YAMATseq_SKBR3_B	bowtie2	mapq10
Homo_sapiens_MTtRNA-Asp-GTC	13	YAMATseq_SKBR3_B	bowtie2	mapq10
Homo_sapiens_tRNA-Ser-GCT	18	YAMATseq_SKBR3_B	bowtie2	mapq10
Homo_sapiens_MTtRNA-Ser2-TGA	19	YAMATseq_SKBR3_B	bowtie2	mapq10
Homo_sapiens_MTtRNA-Cys-GCA	91	YAMATseq_SKBR3_B	bowtie2	mapq10
Homo_sapiens_MTtRNA-Ile-GAT	12	YAMATseq_SKBR3_B	bowtie2	mapq10
Homo_sapiens_MTtRNA-Trp-TCA	37	YAMATseq_SKBR3_B	bowtie2	mapq10
Homo_sapiens_tRNA-Phe-GAA	18	YAMATseq_SKBR3_B	bowtie2	mapq10
Homo_sapiens_tRNA-Ile-TAT	4	YAMATseq_SKBR3_B	bowtie2	mapq10
Homo_sapiens_tRNA-Glu-TTC	60	YAMATseq_SKBR3_B	bowtie2	mapq10
Homo_sapiens_MTtRNA-Tyr-GTA	7	YAMATseq_SKBR3_B	bowtie2	mapq10
Homo_sapiens_MTtRNA-Phe-GAA	11	YAMATseq_SKBR3_B	bowtie2	mapq10
Homo_sapiens_MTtRNA-Thr-TGT	20	YAMATseq_SKBR3_B	bowtie2	mapq10
Homo_sapiens_tRNA-Arg-TCT	10	YAMATseq_SKBR3_B	bowtie2	mapq10
Homo_sapiens_tRNA-Gly-GCC	8	YAMATseq_SKBR3_B	bowtie2	mapq10
Homo_sapiens_tRNA-Thr-AGT	1	YAMATseq_SKBR3_B	bowtie2	mapq10
Homo_sapiens_tRNA-Trp-CCA	2	YAMATseq_SKBR3_B	bowtie2	mapq10
Homo_sapiens_tRNA-Leu-AAG	3	YAMATseq_SKBR3_B	bowtie2	mapq10
Homo_sapiens_tRNA-Gly-CCC	1	YAMATseq_SKBR3_B	bowtie2	mapq10
Homo_sapiens_MTtRNA-His-GTG	1	YAMATseq_SKBR3_B	bowtie2	mapq10
Homo_sapiens_tRNA-SeC-TCA	301038	YAMATseq_SKBR3_C	bowtie2	mapq10
Homo_sapiens_tRNA-Gln-CTG	4730	YAMATseq_SKBR3_C	bowtie2	mapq10
Homo_sapiens_tRNA-Lys-CTT	76598	YAMATseq_SKBR3_C	bowtie2	mapq10
Homo_sapiens_tRNA-Asp-GTC	47475	YAMATseq_SKBR3_C	bowtie2	mapq10
Homo_sapiens_tRNA-Val-CAC	17260	YAMATseq_SKBR3_C	bowtie2	mapq10
Homo_sapiens_tRNA-Val-AAC	16033	YAMATseq_SKBR3_C	bowtie2	mapq10
Homo_sapiens_tRNA-Arg-TCG	2528	YAMATseq_SKBR3_C	bowtie2	mapq10
Homo_sapiens_tRNA-Lys-TTT	27643	YAMATseq_SKBR3_C	bowtie2	mapq10
Homo_sapiens_tRNA-Ala-TGC	10698	YAMATseq_SKBR3_C	bowtie2	mapq10
Homo_sapiens_tRNA-Gly-TCC	56034	YAMATseq_SKBR3_C	bowtie2	mapq10
Homo_sapiens_tRNA-Val-TAC	14604	YAMATseq_SKBR3_C	bowtie2	mapq10
Homo_sapiens_tRNA-Ala-CGC	346	YAMATseq_SKBR3_C	bowtie2	mapq10
Homo_sapiens_tRNA-Ser-AGA	263	YAMATseq_SKBR3_C	bowtie2	mapq10
Homo_sapiens_tRNA-Arg-CCT	3818	YAMATseq_SKBR3_C	bowtie2	mapq10
Homo_sapiens_tRNA-Arg-CCG	6795	YAMATseq_SKBR3_C	bowtie2	mapq10
Homo_sapiens_tRNA-Ser-CGA	492	YAMATseq_SKBR3_C	bowtie2	mapq10
Homo_sapiens_tRNA-Pro-TGG	124	YAMATseq_SKBR3_C	bowtie2	mapq10
Homo_sapiens_tRNA-Asn-GTT	97	YAMATseq_SKBR3_C	bowtie2	mapq10
Homo_sapiens_tRNA-Met-CAT	343	YAMATseq_SKBR3_C	bowtie2	mapq10
Homo_sapiens_tRNA-Thr-TGT	328	YAMATseq_SKBR3_C	bowtie2	mapq10
Homo_sapiens_tRNA-Leu-TAG	704	YAMATseq_SKBR3_C	bowtie2	mapq10
Homo_sapiens_MTtRNA-Asn-GTT	270	YAMATseq_SKBR3_C	bowtie2	mapq10
Homo_sapiens_tRNA-Ser-TGA	72	YAMATseq_SKBR3_C	bowtie2	mapq10
Homo_sapiens_tRNA-Ile-AAT	95	YAMATseq_SKBR3_C	bowtie2	mapq10
Homo_sapiens_MTtRNA-Pro-TGG	21	YAMATseq_SKBR3_C	bowtie2	mapq10
Homo_sapiens_MTtRNA-Gly-TCC	187	YAMATseq_SKBR3_C	bowtie2	mapq10
Homo_sapiens_MTtRNA-Met-CAT	287	YAMATseq_SKBR3_C	bowtie2	mapq10
Homo_sapiens_MTtRNA-Leu1-TAG	129	YAMATseq_SKBR3_C	bowtie2	mapq10
Homo_sapiens_MTtRNA-Gln-TTG	225	YAMATseq_SKBR3_C	bowtie2	mapq10
Homo_sapiens_MTtRNA-Val-TAC	488	YAMATseq_SKBR3_C	bowtie2	mapq10
Homo_sapiens_MTtRNA-Lys-TTT	118	YAMATseq_SKBR3_C	bowtie2	mapq10
Homo_sapiens_tRNA-Gln-TTG	101	YAMATseq_SKBR3_C	bowtie2	mapq10
Homo_sapiens_tRNA-Ala-AGC	236	YAMATseq_SKBR3_C	bowtie2	mapq10
Homo_sapiens_tRNA-Phe-GAA	12	YAMATseq_SKBR3_C	bowtie2	mapq10
Homo_sapiens_tRNA-Glu-CTC	75	YAMATseq_SKBR3_C	bowtie2	mapq10
Homo_sapiens_tRNA-Pro-CGG	20	YAMATseq_SKBR3_C	bowtie2	mapq10
Homo_sapiens_tRNA-iMet-CAT	33	YAMATseq_SKBR3_C	bowtie2	mapq10
Homo_sapiens_MTtRNA-Ser2-TGA	16	YAMATseq_SKBR3_C	bowtie2	mapq10
Homo_sapiens_tRNA-Cys-GCA	65	YAMATseq_SKBR3_C	bowtie2	mapq10
Homo_sapiens_tRNA-Glu-TTC	29	YAMATseq_SKBR3_C	bowtie2	mapq10
Homo_sapiens_MTtRNA-Thr-TGT	21	YAMATseq_SKBR3_C	bowtie2	mapq10
Homo_sapiens_MTtRNA-Ile-GAT	7	YAMATseq_SKBR3_C	bowtie2	mapq10
Homo_sapiens_MTtRNA-Arg-TCG	23	YAMATseq_SKBR3_C	bowtie2	mapq10
Homo_sapiens_MTtRNA-Leu2-TAA	40	YAMATseq_SKBR3_C	bowtie2	mapq10
Homo_sapiens_MTtRNA-Cys-GCA	98	YAMATseq_SKBR3_C	bowtie2	mapq10
Homo_sapiens_MTtRNA-Ser1-GCT	101	YAMATseq_SKBR3_C	bowtie2	mapq10
Homo_sapiens_MTtRNA-Trp-TCA	34	YAMATseq_SKBR3_C	bowtie2	mapq10
Homo_sapiens_MTtRNA-Glu-TTC	26	YAMATseq_SKBR3_C	bowtie2	mapq10
Homo_sapiens_MTtRNA-Ala-TGC	37	YAMATseq_SKBR3_C	bowtie2	mapq10
Homo_sapiens_MTtRNA-Tyr-GTA	8	YAMATseq_SKBR3_C	bowtie2	mapq10
Homo_sapiens_MTtRNA-Asp-GTC	8	YAMATseq_SKBR3_C	bowtie2	mapq10
Homo_sapiens_tRNA-Gly-GCC	11	YAMATseq_SKBR3_C	bowtie2	mapq10
Homo_sapiens_tRNA-Leu-TAA	31	YAMATseq_SKBR3_C	bowtie2	mapq10
Homo_sapiens_tRNA-Ser-GCT	8	YAMATseq_SKBR3_C	bowtie2	mapq10
Homo_sapiens_MTtRNA-His-GTG	6	YAMATseq_SKBR3_C	bowtie2	mapq10
Homo_sapiens_tRNA-Trp-CCA	3	YAMATseq_SKBR3_C	bowtie2	mapq10
Homo_sapiens_tRNA-Pro-AGG	16	YAMATseq_SKBR3_C	bowtie2	mapq10
Homo_sapiens_tRNA-Thr-CGT	13	YAMATseq_SKBR3_C	bowtie2	mapq10
Homo_sapiens_MTtRNA-Phe-GAA	7	YAMATseq_SKBR3_C	bowtie2	mapq10
Homo_sapiens_tRNA-Thr-AGT	2	YAMATseq_SKBR3_C	bowtie2	mapq10
Homo_sapiens_tRNA-Ile-TAT	3	YAMATseq_SKBR3_C	bowtie2	mapq10
Homo_sapiens_tRNA-Arg-TCT	6	YAMATseq_SKBR3_C	bowtie2	mapq10
Homo_sapiens_tRNA-Tyr-GTA	2	YAMATseq_SKBR3_C	bowtie2	mapq10
Homo_sapiens_tRNA-Leu-AAG	2	YAMATseq_SKBR3_C	bowtie2	mapq10
Homo_sapiens_tRNA-Gln-CTG	23799	mimtRNAseq_Hsap_HEK293T_rep1	bowtie2	mapq10
Homo_sapiens_tRNA-Val-AAC	28618	mimtRNAseq_Hsap_HEK293T_rep1	bowtie2	mapq10
Homo_sapiens_tRNA-Arg-TCT	28634	mimtRNAseq_Hsap_HEK293T_rep1	bowtie2	mapq10
Homo_sapiens_tRNA-Ala-AGC	94484	mimtRNAseq_Hsap_HEK293T_rep1	bowtie2	mapq10
Homo_sapiens_tRNA-Ser-TGA	46461	mimtRNAseq_Hsap_HEK293T_rep1	bowtie2	mapq10
Homo_sapiens_tRNA-Gln-TTG	33985	mimtRNAseq_Hsap_HEK293T_rep1	bowtie2	mapq10
Homo_sapiens_tRNA-Arg-CCG	29783	mimtRNAseq_Hsap_HEK293T_rep1	bowtie2	mapq10
Homo_sapiens_tRNA-Asn-GTT	59633	mimtRNAseq_Hsap_HEK293T_rep1	bowtie2	mapq10
Homo_sapiens_tRNA-Thr-CGT	48010	mimtRNAseq_Hsap_HEK293T_rep1	bowtie2	mapq10
Homo_sapiens_tRNA-Val-CAC	28482	mimtRNAseq_Hsap_HEK293T_rep1	bowtie2	mapq10
Homo_sapiens_tRNA-Arg-CCT	59360	mimtRNAseq_Hsap_HEK293T_rep1	bowtie2	mapq10
Homo_sapiens_tRNA-Thr-AGT	52138	mimtRNAseq_Hsap_HEK293T_rep1	bowtie2	mapq10
Homo_sapiens_tRNA-Ile-AAT	21759	mimtRNAseq_Hsap_HEK293T_rep1	bowtie2	mapq10
Homo_sapiens_tRNA-Ala-TGC	54200	mimtRNAseq_Hsap_HEK293T_rep1	bowtie2	mapq10
Homo_sapiens_tRNA-Leu-TAA	21766	mimtRNAseq_Hsap_HEK293T_rep1	bowtie2	mapq10
Homo_sapiens_tRNA-Ala-CGC	60583	mimtRNAseq_Hsap_HEK293T_rep1	bowtie2	mapq10
Homo_sapiens_tRNA-Trp-CCA	41556	mimtRNAseq_Hsap_HEK293T_rep1	bowtie2	mapq10
Homo_sapiens_tRNA-Cys-GCA	48283	mimtRNAseq_Hsap_HEK293T_rep1	bowtie2	mapq10
Homo_sapiens_tRNA-Thr-TGT	53257	mimtRNAseq_Hsap_HEK293T_rep1	bowtie2	mapq10
Escherichia_coli_str_K_12_substr_MG1655_tRNA-eColiLys-TTT	34656	mimtRNAseq_Hsap_HEK293T_rep1	bowtie2	mapq10
Homo_sapiens_tRNA-Arg-TCG	87682	mimtRNAseq_Hsap_HEK293T_rep1	bowtie2	mapq10
Homo_sapiens_tRNA-Met-CAT	35623	mimtRNAseq_Hsap_HEK293T_rep1	bowtie2	mapq10
Homo_sapiens_tRNA-Phe-GAA	10082	mimtRNAseq_Hsap_HEK293T_rep1	bowtie2	mapq10
Homo_sapiens_tRNA-Pro-CGG	8520	mimtRNAseq_Hsap_HEK293T_rep1	bowtie2	mapq10
Homo_sapiens_tRNA-Ser-GCT	65726	mimtRNAseq_Hsap_HEK293T_rep1	bowtie2	mapq10
Homo_sapiens_tRNA-Pro-TGG	18387	mimtRNAseq_Hsap_HEK293T_rep1	bowtie2	mapq10
Homo_sapiens_tRNA-Leu-TAG	33559	mimtRNAseq_Hsap_HEK293T_rep1	bowtie2	mapq10
Homo_sapiens_tRNA-Val-TAC	20980	mimtRNAseq_Hsap_HEK293T_rep1	bowtie2	mapq10
Homo_sapiens_tRNA-Ile-TAT	7491	mimtRNAseq_Hsap_HEK293T_rep1	bowtie2	mapq10
Homo_sapiens_tRNA-Tyr-GTA	46064	mimtRNAseq_Hsap_HEK293T_rep1	bowtie2	mapq10
Homo_sapiens_tRNA-Ser-CGA	21865	mimtRNAseq_Hsap_HEK293T_rep1	bowtie2	mapq10
Homo_sapiens_tRNA-Gly-TCC	21840	mimtRNAseq_Hsap_HEK293T_rep1	bowtie2	mapq10
Homo_sapiens_tRNA-Glu-TTC	5604	mimtRNAseq_Hsap_HEK293T_rep1	bowtie2	mapq10
Homo_sapiens_tRNA-Asp-GTC	16751	mimtRNAseq_Hsap_HEK293T_rep1	bowtie2	mapq10
Homo_sapiens_tRNA-Lys-TTT	38356	mimtRNAseq_Hsap_HEK293T_rep1	bowtie2	mapq10
Homo_sapiens_tRNA-Lys-CTT	6213	mimtRNAseq_Hsap_HEK293T_rep1	bowtie2	mapq10
Homo_sapiens_tRNA-Ser-AGA	2247	mimtRNAseq_Hsap_HEK293T_rep1	bowtie2	mapq10
Homo_sapiens_tRNA-Pro-AGG	2522	mimtRNAseq_Hsap_HEK293T_rep1	bowtie2	mapq10
Homo_sapiens_tRNA-Leu-AAG	421	mimtRNAseq_Hsap_HEK293T_rep1	bowtie2	mapq10
Homo_sapiens_tRNA-SeC-TCA	1813	mimtRNAseq_Hsap_HEK293T_rep1	bowtie2	mapq10
Homo_sapiens_tRNA-Gly-CCC	369	mimtRNAseq_Hsap_HEK293T_rep1	bowtie2	mapq10
Homo_sapiens_tRNA-iMet-CAT	254	mimtRNAseq_Hsap_HEK293T_rep1	bowtie2	mapq10
Homo_sapiens_MTtRNA-Val-TAC	16	mimtRNAseq_Hsap_HEK293T_rep1	bowtie2	mapq10
Homo_sapiens_tRNA-Glu-CTC	151	mimtRNAseq_Hsap_HEK293T_rep1	bowtie2	mapq10
Homo_sapiens_tRNA-Gly-GCC	12	mimtRNAseq_Hsap_HEK293T_rep1	bowtie2	mapq10
Homo_sapiens_tRNA-Ser-ACT	157	mimtRNAseq_Hsap_HEK293T_rep1	bowtie2	mapq10
Homo_sapiens_MTtRNA-Arg-TCG	2	mimtRNAseq_Hsap_HEK293T_rep1	bowtie2	mapq10
Homo_sapiens_MTtRNA-Pro-TGG	2	mimtRNAseq_Hsap_HEK293T_rep1	bowtie2	mapq10
Homo_sapiens_MTtRNA-His-GTG	5	mimtRNAseq_Hsap_HEK293T_rep1	bowtie2	mapq10
Homo_sapiens_tRNA-Asp-ATC	13	mimtRNAseq_Hsap_HEK293T_rep1	bowtie2	mapq10
Homo_sapiens_MTtRNA-Trp-TCA	2	mimtRNAseq_Hsap_HEK293T_rep1	bowtie2	mapq10
Homo_sapiens_MTtRNA-Leu2-TAA	10	mimtRNAseq_Hsap_HEK293T_rep1	bowtie2	mapq10
Homo_sapiens_tRNA-Leu-CAA	5	mimtRNAseq_Hsap_HEK293T_rep1	bowtie2	mapq10
Homo_sapiens_MTtRNA-Thr-TGT	5	mimtRNAseq_Hsap_HEK293T_rep1	bowtie2	mapq10
Homo_sapiens_MTtRNA-Asn-GTT	2	mimtRNAseq_Hsap_HEK293T_rep1	bowtie2	mapq10
Homo_sapiens_MTtRNA-Gln-TTG	1	mimtRNAseq_Hsap_HEK293T_rep1	bowtie2	mapq10
Homo_sapiens_tRNA-His-GTG	8	mimtRNAseq_Hsap_HEK293T_rep1	bowtie2	mapq10
Homo_sapiens_MTtRNA-Ser2-TGA	6	mimtRNAseq_Hsap_HEK293T_rep1	bowtie2	mapq10
Homo_sapiens_MTtRNA-Ala-TGC	1	mimtRNAseq_Hsap_HEK293T_rep1	bowtie2	mapq10
Homo_sapiens_MTtRNA-Leu1-TAG	4	mimtRNAseq_Hsap_HEK293T_rep1	bowtie2	mapq10
Homo_sapiens_tRNA-Sup-TTA	6	mimtRNAseq_Hsap_HEK293T_rep1	bowtie2	mapq10
Homo_sapiens_MTtRNA-Lys-TTT	2	mimtRNAseq_Hsap_HEK293T_rep1	bowtie2	mapq10
Homo_sapiens_MTtRNA-Ile-GAT	4	mimtRNAseq_Hsap_HEK293T_rep1	bowtie2	mapq10
Homo_sapiens_tRNA-Und-NNN	3	mimtRNAseq_Hsap_HEK293T_rep1	bowtie2	mapq10
Homo_sapiens_MTtRNA-Glu-TTC	1	mimtRNAseq_Hsap_HEK293T_rep1	bowtie2	mapq10
Homo_sapiens_MTtRNA-Met-CAT	2	mimtRNAseq_Hsap_HEK293T_rep1	bowtie2	mapq10
Homo_sapiens_MTtRNA-Phe-GAA	1	mimtRNAseq_Hsap_HEK293T_rep1	bowtie2	mapq10
Homo_sapiens_MTtRNA-Gly-TCC	1	mimtRNAseq_Hsap_HEK293T_rep1	bowtie2	mapq10
Homo_sapiens_MTtRNA-Asp-GTC	1	mimtRNAseq_Hsap_HEK293T_rep1	bowtie2	mapq10
Homo_sapiens_tRNA-Thr-AGT	58583	mimtRNAseq_Hsap_HEK293T_rep2	bowtie2	mapq10
Homo_sapiens_tRNA-Arg-TCG	100247	mimtRNAseq_Hsap_HEK293T_rep2	bowtie2	mapq10
Homo_sapiens_tRNA-Arg-CCT	66496	mimtRNAseq_Hsap_HEK293T_rep2	bowtie2	mapq10
Homo_sapiens_tRNA-Ala-AGC	116000	mimtRNAseq_Hsap_HEK293T_rep2	bowtie2	mapq10
Homo_sapiens_tRNA-Met-CAT	38825	mimtRNAseq_Hsap_HEK293T_rep2	bowtie2	mapq10
Homo_sapiens_tRNA-Ile-TAT	8313	mimtRNAseq_Hsap_HEK293T_rep2	bowtie2	mapq10
Homo_sapiens_tRNA-Tyr-GTA	49989	mimtRNAseq_Hsap_HEK293T_rep2	bowtie2	mapq10
Homo_sapiens_tRNA-Leu-TAA	22285	mimtRNAseq_Hsap_HEK293T_rep2	bowtie2	mapq10
Homo_sapiens_tRNA-Gly-TCC	28608	mimtRNAseq_Hsap_HEK293T_rep2	bowtie2	mapq10
Homo_sapiens_tRNA-Ile-AAT	26105	mimtRNAseq_Hsap_HEK293T_rep2	bowtie2	mapq10
Homo_sapiens_tRNA-Ser-CGA	23713	mimtRNAseq_Hsap_HEK293T_rep2	bowtie2	mapq10
Homo_sapiens_tRNA-Ala-TGC	70149	mimtRNAseq_Hsap_HEK293T_rep2	bowtie2	mapq10
Homo_sapiens_tRNA-Lys-CTT	7575	mimtRNAseq_Hsap_HEK293T_rep2	bowtie2	mapq10
Homo_sapiens_tRNA-Asn-GTT	66971	mimtRNAseq_Hsap_HEK293T_rep2	bowtie2	mapq10
Homo_sapiens_tRNA-Leu-TAG	35168	mimtRNAseq_Hsap_HEK293T_rep2	bowtie2	mapq10
Escherichia_coli_str_K_12_substr_MG1655_tRNA-eColiLys-TTT	60420	mimtRNAseq_Hsap_HEK293T_rep2	bowtie2	mapq10
Homo_sapiens_tRNA-Cys-GCA	55717	mimtRNAseq_Hsap_HEK293T_rep2	bowtie2	mapq10
Homo_sapiens_tRNA-Glu-TTC	6475	mimtRNAseq_Hsap_HEK293T_rep2	bowtie2	mapq10
Homo_sapiens_tRNA-Ala-CGC	79056	mimtRNAseq_Hsap_HEK293T_rep2	bowtie2	mapq10
Homo_sapiens_tRNA-Asp-GTC	19262	mimtRNAseq_Hsap_HEK293T_rep2	bowtie2	mapq10
Homo_sapiens_tRNA-Gln-CTG	27835	mimtRNAseq_Hsap_HEK293T_rep2	bowtie2	mapq10
Homo_sapiens_tRNA-Val-CAC	32856	mimtRNAseq_Hsap_HEK293T_rep2	bowtie2	mapq10
Homo_sapiens_tRNA-Ser-GCT	67243	mimtRNAseq_Hsap_HEK293T_rep2	bowtie2	mapq10
Homo_sapiens_tRNA-Lys-TTT	44223	mimtRNAseq_Hsap_HEK293T_rep2	bowtie2	mapq10
Homo_sapiens_tRNA-Gln-TTG	40283	mimtRNAseq_Hsap_HEK293T_rep2	bowtie2	mapq10
Homo_sapiens_tRNA-Thr-CGT	54303	mimtRNAseq_Hsap_HEK293T_rep2	bowtie2	mapq10
Homo_sapiens_tRNA-Pro-TGG	22172	mimtRNAseq_Hsap_HEK293T_rep2	bowtie2	mapq10
Homo_sapiens_tRNA-Val-AAC	32704	mimtRNAseq_Hsap_HEK293T_rep2	bowtie2	mapq10
Homo_sapiens_tRNA-Ser-TGA	47579	mimtRNAseq_Hsap_HEK293T_rep2	bowtie2	mapq10
Homo_sapiens_tRNA-Val-TAC	23951	mimtRNAseq_Hsap_HEK293T_rep2	bowtie2	mapq10
Homo_sapiens_tRNA-Arg-CCG	34945	mimtRNAseq_Hsap_HEK293T_rep2	bowtie2	mapq10
Homo_sapiens_tRNA-Arg-TCT	34323	mimtRNAseq_Hsap_HEK293T_rep2	bowtie2	mapq10
Homo_sapiens_tRNA-Thr-TGT	60733	mimtRNAseq_Hsap_HEK293T_rep2	bowtie2	mapq10
Homo_sapiens_tRNA-Ser-AGA	2374	mimtRNAseq_Hsap_HEK293T_rep2	bowtie2	mapq10
Homo_sapiens_tRNA-Phe-GAA	11224	mimtRNAseq_Hsap_HEK293T_rep2	bowtie2	mapq10
Homo_sapiens_tRNA-Trp-CCA	47829	mimtRNAseq_Hsap_HEK293T_rep2	bowtie2	mapq10
Homo_sapiens_tRNA-Pro-CGG	10150	mimtRNAseq_Hsap_HEK293T_rep2	bowtie2	mapq10
Homo_sapiens_tRNA-SeC-TCA	2194	mimtRNAseq_Hsap_HEK293T_rep2	bowtie2	mapq10
Homo_sapiens_tRNA-Pro-AGG	3175	mimtRNAseq_Hsap_HEK293T_rep2	bowtie2	mapq10
Homo_sapiens_tRNA-Glu-CTC	218	mimtRNAseq_Hsap_HEK293T_rep2	bowtie2	mapq10
Homo_sapiens_tRNA-Ser-ACT	227	mimtRNAseq_Hsap_HEK293T_rep2	bowtie2	mapq10
Homo_sapiens_tRNA-Gly-CCC	459	mimtRNAseq_Hsap_HEK293T_rep2	bowtie2	mapq10
Homo_sapiens_tRNA-Leu-AAG	437	mimtRNAseq_Hsap_HEK293T_rep2	bowtie2	mapq10
Homo_sapiens_tRNA-iMet-CAT	311	mimtRNAseq_Hsap_HEK293T_rep2	bowtie2	mapq10
Homo_sapiens_tRNA-His-GTG	5	mimtRNAseq_Hsap_HEK293T_rep2	bowtie2	mapq10
Homo_sapiens_MTtRNA-Ile-GAT	2	mimtRNAseq_Hsap_HEK293T_rep2	bowtie2	mapq10
Homo_sapiens_tRNA-Asp-ATC	12	mimtRNAseq_Hsap_HEK293T_rep2	bowtie2	mapq10
Homo_sapiens_tRNA-Leu-CAG	1	mimtRNAseq_Hsap_HEK293T_rep2	bowtie2	mapq10
Homo_sapiens_MTtRNA-Val-TAC	12	mimtRNAseq_Hsap_HEK293T_rep2	bowtie2	mapq10
Homo_sapiens_tRNA-Gly-GCC	10	mimtRNAseq_Hsap_HEK293T_rep2	bowtie2	mapq10
Homo_sapiens_MTtRNA-Gly-TCC	1	mimtRNAseq_Hsap_HEK293T_rep2	bowtie2	mapq10
Homo_sapiens_MTtRNA-Lys-TTT	4	mimtRNAseq_Hsap_HEK293T_rep2	bowtie2	mapq10
Homo_sapiens_MTtRNA-Leu1-TAG	3	mimtRNAseq_Hsap_HEK293T_rep2	bowtie2	mapq10
Homo_sapiens_MTtRNA-Ala-TGC	2	mimtRNAseq_Hsap_HEK293T_rep2	bowtie2	mapq10
Homo_sapiens_MTtRNA-Ser2-TGA	10	mimtRNAseq_Hsap_HEK293T_rep2	bowtie2	mapq10
Homo_sapiens_MTtRNA-Ser1-GCT	1	mimtRNAseq_Hsap_HEK293T_rep2	bowtie2	mapq10
Homo_sapiens_MTtRNA-Pro-TGG	3	mimtRNAseq_Hsap_HEK293T_rep2	bowtie2	mapq10
Homo_sapiens_tRNA-Leu-CAA	4	mimtRNAseq_Hsap_HEK293T_rep2	bowtie2	mapq10
Homo_sapiens_MTtRNA-Phe-GAA	6	mimtRNAseq_Hsap_HEK293T_rep2	bowtie2	mapq10
Homo_sapiens_tRNA-Sup-TTA	6	mimtRNAseq_Hsap_HEK293T_rep2	bowtie2	mapq10
Homo_sapiens_MTtRNA-Met-CAT	2	mimtRNAseq_Hsap_HEK293T_rep2	bowtie2	mapq10
Homo_sapiens_MTtRNA-Tyr-GTA	1	mimtRNAseq_Hsap_HEK293T_rep2	bowtie2	mapq10
Homo_sapiens_MTtRNA-Glu-TTC	2	mimtRNAseq_Hsap_HEK293T_rep2	bowtie2	mapq10
Homo_sapiens_tRNA-Und-NNN	1	mimtRNAseq_Hsap_HEK293T_rep2	bowtie2	mapq10
Homo_sapiens_tRNA-Ala-GGC	2	mimtRNAseq_Hsap_HEK293T_rep2	bowtie2	mapq10
Homo_sapiens_MTtRNA-Leu2-TAA	4	mimtRNAseq_Hsap_HEK293T_rep2	bowtie2	mapq10
Homo_sapiens_MTtRNA-Asp-GTC	2	mimtRNAseq_Hsap_HEK293T_rep2	bowtie2	mapq10
Homo_sapiens_MTtRNA-Thr-TGT	2	mimtRNAseq_Hsap_HEK293T_rep2	bowtie2	mapq10
Homo_sapiens_MTtRNA-Trp-TCA	1	mimtRNAseq_Hsap_HEK293T_rep2	bowtie2	mapq10
Homo_sapiens_MTtRNA-Gln-TTG	1	mimtRNAseq_Hsap_HEK293T_rep2	bowtie2	mapq10
Homo_sapiens_tRNA-Arg-ACG	1	mimtRNAseq_Hsap_HEK293T_rep2	bowtie2	mapq10
Homo_sapiens_MTtRNA-His-GTG	1	mimtRNAseq_Hsap_HEK293T_rep2	bowtie2	mapq10
Homo_sapiens_tRNA-Ala-AGC	41362	mimtRNAseq_Hsap_K562_rep1	bowtie2	mapq10
Homo_sapiens_tRNA-Ser-AGA	2897	mimtRNAseq_Hsap_K562_rep1	bowtie2	mapq10
Homo_sapiens_tRNA-Arg-TCG	38749	mimtRNAseq_Hsap_K562_rep1	bowtie2	mapq10
Homo_sapiens_tRNA-Trp-CCA	16557	mimtRNAseq_Hsap_K562_rep1	bowtie2	mapq10
Homo_sapiens_tRNA-Leu-TAA	13344	mimtRNAseq_Hsap_K562_rep1	bowtie2	mapq10
Homo_sapiens_tRNA-Asn-GTT	19449	mimtRNAseq_Hsap_K562_rep1	bowtie2	mapq10
Homo_sapiens_tRNA-Arg-CCT	27373	mimtRNAseq_Hsap_K562_rep1	bowtie2	mapq10
Homo_sapiens_tRNA-Ser-GCT	33308	mimtRNAseq_Hsap_K562_rep1	bowtie2	mapq10
Homo_sapiens_tRNA-Ile-AAT	10402	mimtRNAseq_Hsap_K562_rep1	bowtie2	mapq10
Homo_sapiens_tRNA-Thr-CGT	18771	mimtRNAseq_Hsap_K562_rep1	bowtie2	mapq10
Homo_sapiens_tRNA-Cys-GCA	11897	mimtRNAseq_Hsap_K562_rep1	bowtie2	mapq10
Escherichia_coli_str_K_12_substr_MG1655_tRNA-eColiLys-TTT	35900	mimtRNAseq_Hsap_K562_rep1	bowtie2	mapq10
Homo_sapiens_tRNA-Leu-AAG	1032	mimtRNAseq_Hsap_K562_rep1	bowtie2	mapq10
Homo_sapiens_tRNA-Gln-TTG	7479	mimtRNAseq_Hsap_K562_rep1	bowtie2	mapq10
Homo_sapiens_tRNA-Val-CAC	12768	mimtRNAseq_Hsap_K562_rep1	bowtie2	mapq10
Homo_sapiens_tRNA-Tyr-GTA	19169	mimtRNAseq_Hsap_K562_rep1	bowtie2	mapq10
Homo_sapiens_tRNA-Val-AAC	10376	mimtRNAseq_Hsap_K562_rep1	bowtie2	mapq10
Homo_sapiens_tRNA-Met-CAT	17411	mimtRNAseq_Hsap_K562_rep1	bowtie2	mapq10
Homo_sapiens_tRNA-Ile-TAT	2127	mimtRNAseq_Hsap_K562_rep1	bowtie2	mapq10
Homo_sapiens_tRNA-Arg-TCT	11798	mimtRNAseq_Hsap_K562_rep1	bowtie2	mapq10
Homo_sapiens_tRNA-Ala-CGC	30536	mimtRNAseq_Hsap_K562_rep1	bowtie2	mapq10
Homo_sapiens_tRNA-Ser-TGA	24531	mimtRNAseq_Hsap_K562_rep1	bowtie2	mapq10
Homo_sapiens_tRNA-Gln-CTG	13463	mimtRNAseq_Hsap_K562_rep1	bowtie2	mapq10
Homo_sapiens_tRNA-Val-TAC	9078	mimtRNAseq_Hsap_K562_rep1	bowtie2	mapq10
Homo_sapiens_tRNA-Arg-CCG	13952	mimtRNAseq_Hsap_K562_rep1	bowtie2	mapq10
Homo_sapiens_tRNA-Ala-TGC	31666	mimtRNAseq_Hsap_K562_rep1	bowtie2	mapq10
Homo_sapiens_tRNA-Leu-TAG	16893	mimtRNAseq_Hsap_K562_rep1	bowtie2	mapq10
Homo_sapiens_tRNA-Gly-TCC	14781	mimtRNAseq_Hsap_K562_rep1	bowtie2	mapq10
Homo_sapiens_tRNA-Pro-CGG	5129	mimtRNAseq_Hsap_K562_rep1	bowtie2	mapq10
Homo_sapiens_tRNA-Thr-AGT	18446	mimtRNAseq_Hsap_K562_rep1	bowtie2	mapq10
Homo_sapiens_tRNA-SeC-TCA	1580	mimtRNAseq_Hsap_K562_rep1	bowtie2	mapq10
Homo_sapiens_tRNA-Thr-TGT	22606	mimtRNAseq_Hsap_K562_rep1	bowtie2	mapq10
Homo_sapiens_tRNA-Lys-CTT	3674	mimtRNAseq_Hsap_K562_rep1	bowtie2	mapq10
Homo_sapiens_tRNA-Lys-TTT	13934	mimtRNAseq_Hsap_K562_rep1	bowtie2	mapq10
Homo_sapiens_tRNA-Pro-TGG	13105	mimtRNAseq_Hsap_K562_rep1	bowtie2	mapq10
Homo_sapiens_tRNA-Ser-CGA	7998	mimtRNAseq_Hsap_K562_rep1	bowtie2	mapq10
Homo_sapiens_tRNA-Pro-AGG	1387	mimtRNAseq_Hsap_K562_rep1	bowtie2	mapq10
Homo_sapiens_tRNA-Asp-GTC	6298	mimtRNAseq_Hsap_K562_rep1	bowtie2	mapq10
Homo_sapiens_tRNA-Glu-CTC	114	mimtRNAseq_Hsap_K562_rep1	bowtie2	mapq10
Homo_sapiens_tRNA-Phe-GAA	4742	mimtRNAseq_Hsap_K562_rep1	bowtie2	mapq10
Homo_sapiens_MTtRNA-His-GTG	2	mimtRNAseq_Hsap_K562_rep1	bowtie2	mapq10
Homo_sapiens_tRNA-iMet-CAT	218	mimtRNAseq_Hsap_K562_rep1	bowtie2	mapq10
Homo_sapiens_tRNA-Glu-TTC	114	mimtRNAseq_Hsap_K562_rep1	bowtie2	mapq10
Homo_sapiens_tRNA-Gly-CCC	171	mimtRNAseq_Hsap_K562_rep1	bowtie2	mapq10
Homo_sapiens_tRNA-Ser-ACT	26	mimtRNAseq_Hsap_K562_rep1	bowtie2	mapq10
Homo_sapiens_MTtRNA-Val-TAC	14	mimtRNAseq_Hsap_K562_rep1	bowtie2	mapq10
Homo_sapiens_tRNA-Sup-TTA	5	mimtRNAseq_Hsap_K562_rep1	bowtie2	mapq10
Homo_sapiens_MTtRNA-Glu-TTC	1	mimtRNAseq_Hsap_K562_rep1	bowtie2	mapq10
Homo_sapiens_tRNA-Asp-ATC	3	mimtRNAseq_Hsap_K562_rep1	bowtie2	mapq10
Homo_sapiens_MTtRNA-Gln-TTG	1	mimtRNAseq_Hsap_K562_rep1	bowtie2	mapq10
Homo_sapiens_MTtRNA-Ile-GAT	3	mimtRNAseq_Hsap_K562_rep1	bowtie2	mapq10
Homo_sapiens_MTtRNA-Lys-TTT	3	mimtRNAseq_Hsap_K562_rep1	bowtie2	mapq10
Homo_sapiens_MTtRNA-Phe-GAA	4	mimtRNAseq_Hsap_K562_rep1	bowtie2	mapq10
Homo_sapiens_MTtRNA-Ser2-TGA	5	mimtRNAseq_Hsap_K562_rep1	bowtie2	mapq10
Homo_sapiens_MTtRNA-Leu2-TAA	6	mimtRNAseq_Hsap_K562_rep1	bowtie2	mapq10
Homo_sapiens_tRNA-Und-NNN	1	mimtRNAseq_Hsap_K562_rep1	bowtie2	mapq10
Homo_sapiens_MTtRNA-Asn-GTT	2	mimtRNAseq_Hsap_K562_rep1	bowtie2	mapq10
Homo_sapiens_tRNA-His-GTG	5	mimtRNAseq_Hsap_K562_rep1	bowtie2	mapq10
Homo_sapiens_tRNA-Gly-GCC	2	mimtRNAseq_Hsap_K562_rep1	bowtie2	mapq10
Homo_sapiens_tRNA-Leu-CAG	1	mimtRNAseq_Hsap_K562_rep1	bowtie2	mapq10
Homo_sapiens_MTtRNA-Met-CAT	1	mimtRNAseq_Hsap_K562_rep1	bowtie2	mapq10
Homo_sapiens_MTtRNA-Asp-GTC	2	mimtRNAseq_Hsap_K562_rep1	bowtie2	mapq10
Homo_sapiens_MTtRNA-Thr-TGT	1	mimtRNAseq_Hsap_K562_rep1	bowtie2	mapq10
Homo_sapiens_MTtRNA-Trp-TCA	1	mimtRNAseq_Hsap_K562_rep1	bowtie2	mapq10
Homo_sapiens_tRNA-Leu-TAA	20050	mimtRNAseq_Hsap_K562_rep2	bowtie2	mapq10
Homo_sapiens_tRNA-Arg-TCG	64040	mimtRNAseq_Hsap_K562_rep2	bowtie2	mapq10
Homo_sapiens_tRNA-Asp-GTC	9128	mimtRNAseq_Hsap_K562_rep2	bowtie2	mapq10
Homo_sapiens_tRNA-Pro-TGG	19514	mimtRNAseq_Hsap_K562_rep2	bowtie2	mapq10
Escherichia_coli_str_K_12_substr_MG1655_tRNA-eColiLys-TTT	50826	mimtRNAseq_Hsap_K562_rep2	bowtie2	mapq10
Homo_sapiens_tRNA-Thr-CGT	32508	mimtRNAseq_Hsap_K562_rep2	bowtie2	mapq10
Homo_sapiens_tRNA-Arg-CCT	45132	mimtRNAseq_Hsap_K562_rep2	bowtie2	mapq10
Homo_sapiens_tRNA-Ala-AGC	70254	mimtRNAseq_Hsap_K562_rep2	bowtie2	mapq10
Homo_sapiens_tRNA-Ala-TGC	50675	mimtRNAseq_Hsap_K562_rep2	bowtie2	mapq10
Homo_sapiens_tRNA-Ser-TGA	34226	mimtRNAseq_Hsap_K562_rep2	bowtie2	mapq10
Homo_sapiens_tRNA-Ser-CGA	12685	mimtRNAseq_Hsap_K562_rep2	bowtie2	mapq10
Homo_sapiens_tRNA-Gln-TTG	12033	mimtRNAseq_Hsap_K562_rep2	bowtie2	mapq10
Homo_sapiens_tRNA-Tyr-GTA	37909	mimtRNAseq_Hsap_K562_rep2	bowtie2	mapq10
Homo_sapiens_tRNA-Trp-CCA	26315	mimtRNAseq_Hsap_K562_rep2	bowtie2	mapq10
Homo_sapiens_tRNA-Gln-CTG	21593	mimtRNAseq_Hsap_K562_rep2	bowtie2	mapq10
Homo_sapiens_tRNA-Pro-CGG	8562	mimtRNAseq_Hsap_K562_rep2	bowtie2	mapq10
Homo_sapiens_tRNA-Asn-GTT	26570	mimtRNAseq_Hsap_K562_rep2	bowtie2	mapq10
Homo_sapiens_tRNA-Gly-TCC	22877	mimtRNAseq_Hsap_K562_rep2	bowtie2	mapq10
Homo_sapiens_tRNA-Thr-TGT	39839	mimtRNAseq_Hsap_K562_rep2	bowtie2	mapq10
Homo_sapiens_tRNA-Arg-TCT	15706	mimtRNAseq_Hsap_K562_rep2	bowtie2	mapq10
Homo_sapiens_tRNA-Phe-GAA	8220	mimtRNAseq_Hsap_K562_rep2	bowtie2	mapq10
Homo_sapiens_tRNA-Lys-TTT	31601	mimtRNAseq_Hsap_K562_rep2	bowtie2	mapq10
Homo_sapiens_tRNA-Ser-GCT	45154	mimtRNAseq_Hsap_K562_rep2	bowtie2	mapq10
Homo_sapiens_tRNA-Leu-TAG	23769	mimtRNAseq_Hsap_K562_rep2	bowtie2	mapq10
Homo_sapiens_tRNA-Lys-CTT	6475	mimtRNAseq_Hsap_K562_rep2	bowtie2	mapq10
Homo_sapiens_tRNA-Cys-GCA	19633	mimtRNAseq_Hsap_K562_rep2	bowtie2	mapq10
Homo_sapiens_tRNA-Met-CAT	25431	mimtRNAseq_Hsap_K562_rep2	bowtie2	mapq10
Homo_sapiens_tRNA-Thr-AGT	33496	mimtRNAseq_Hsap_K562_rep2	bowtie2	mapq10
Homo_sapiens_tRNA-Val-AAC	17479	mimtRNAseq_Hsap_K562_rep2	bowtie2	mapq10
Homo_sapiens_tRNA-Ala-CGC	49304	mimtRNAseq_Hsap_K562_rep2	bowtie2	mapq10
Homo_sapiens_tRNA-Arg-CCG	18687	mimtRNAseq_Hsap_K562_rep2	bowtie2	mapq10
Homo_sapiens_tRNA-Pro-AGG	2833	mimtRNAseq_Hsap_K562_rep2	bowtie2	mapq10
Homo_sapiens_tRNA-Val-CAC	20962	mimtRNAseq_Hsap_K562_rep2	bowtie2	mapq10
Homo_sapiens_tRNA-Val-TAC	17002	mimtRNAseq_Hsap_K562_rep2	bowtie2	mapq10
Homo_sapiens_tRNA-Ile-TAT	4029	mimtRNAseq_Hsap_K562_rep2	bowtie2	mapq10
Homo_sapiens_tRNA-Ile-AAT	17780	mimtRNAseq_Hsap_K562_rep2	bowtie2	mapq10
Homo_sapiens_tRNA-Ser-AGA	4227	mimtRNAseq_Hsap_K562_rep2	bowtie2	mapq10
Homo_sapiens_tRNA-Leu-AAG	1556	mimtRNAseq_Hsap_K562_rep2	bowtie2	mapq10
Homo_sapiens_tRNA-Glu-TTC	157	mimtRNAseq_Hsap_K562_rep2	bowtie2	mapq10
Homo_sapiens_tRNA-SeC-TCA	1933	mimtRNAseq_Hsap_K562_rep2	bowtie2	mapq10
Homo_sapiens_tRNA-iMet-CAT	245	mimtRNAseq_Hsap_K562_rep2	bowtie2	mapq10
Homo_sapiens_tRNA-Glu-CTC	241	mimtRNAseq_Hsap_K562_rep2	bowtie2	mapq10
Homo_sapiens_MTtRNA-Ile-GAT	8	mimtRNAseq_Hsap_K562_rep2	bowtie2	mapq10
Homo_sapiens_MTtRNA-Leu2-TAA	23	mimtRNAseq_Hsap_K562_rep2	bowtie2	mapq10
Homo_sapiens_tRNA-Gly-CCC	156	mimtRNAseq_Hsap_K562_rep2	bowtie2	mapq10
Homo_sapiens_MTtRNA-Trp-TCA	7	mimtRNAseq_Hsap_K562_rep2	bowtie2	mapq10
Homo_sapiens_MTtRNA-Met-CAT	6	mimtRNAseq_Hsap_K562_rep2	bowtie2	mapq10
Homo_sapiens_MTtRNA-His-GTG	2	mimtRNAseq_Hsap_K562_rep2	bowtie2	mapq10
Homo_sapiens_MTtRNA-Ser2-TGA	14	mimtRNAseq_Hsap_K562_rep2	bowtie2	mapq10
Homo_sapiens_tRNA-Asp-ATC	10	mimtRNAseq_Hsap_K562_rep2	bowtie2	mapq10
Homo_sapiens_tRNA-Gly-GCC	3	mimtRNAseq_Hsap_K562_rep2	bowtie2	mapq10
Homo_sapiens_MTtRNA-Glu-TTC	2	mimtRNAseq_Hsap_K562_rep2	bowtie2	mapq10
Homo_sapiens_MTtRNA-Val-TAC	15	mimtRNAseq_Hsap_K562_rep2	bowtie2	mapq10
Homo_sapiens_MTtRNA-Gln-TTG	2	mimtRNAseq_Hsap_K562_rep2	bowtie2	mapq10
Homo_sapiens_MTtRNA-Cys-GCA	4	mimtRNAseq_Hsap_K562_rep2	bowtie2	mapq10
Homo_sapiens_tRNA-Ser-ACT	25	mimtRNAseq_Hsap_K562_rep2	bowtie2	mapq10
Homo_sapiens_MTtRNA-Asn-GTT	3	mimtRNAseq_Hsap_K562_rep2	bowtie2	mapq10
Homo_sapiens_MTtRNA-Phe-GAA	4	mimtRNAseq_Hsap_K562_rep2	bowtie2	mapq10
Homo_sapiens_MTtRNA-Lys-TTT	8	mimtRNAseq_Hsap_K562_rep2	bowtie2	mapq10
Homo_sapiens_MTtRNA-Leu1-TAG	10	mimtRNAseq_Hsap_K562_rep2	bowtie2	mapq10
Homo_sapiens_MTtRNA-Gly-TCC	13	mimtRNAseq_Hsap_K562_rep2	bowtie2	mapq10
Homo_sapiens_tRNA-Leu-CAA	4	mimtRNAseq_Hsap_K562_rep2	bowtie2	mapq10
Homo_sapiens_MTtRNA-Arg-TCG	3	mimtRNAseq_Hsap_K562_rep2	bowtie2	mapq10
Homo_sapiens_MTtRNA-Ala-TGC	2	mimtRNAseq_Hsap_K562_rep2	bowtie2	mapq10
Homo_sapiens_tRNA-His-GTG	5	mimtRNAseq_Hsap_K562_rep2	bowtie2	mapq10
Homo_sapiens_tRNA-Sup-TTA	8	mimtRNAseq_Hsap_K562_rep2	bowtie2	mapq10
Homo_sapiens_MTtRNA-Pro-TGG	3	mimtRNAseq_Hsap_K562_rep2	bowtie2	mapq10
Homo_sapiens_MTtRNA-Asp-GTC	6	mimtRNAseq_Hsap_K562_rep2	bowtie2	mapq10
Homo_sapiens_tRNA-Arg-ACG	1	mimtRNAseq_Hsap_K562_rep2	bowtie2	mapq10
Homo_sapiens_MTtRNA-Thr-TGT	2	mimtRNAseq_Hsap_K562_rep2	bowtie2	mapq10
Homo_sapiens_tRNA-Ala-GGC	1	mimtRNAseq_Hsap_K562_rep2	bowtie2	mapq10
Homo_sapiens_tRNA-Arg-CCG	10518	mimtRNAseq_Hsap_iPSC_rep1	bowtie2	mapq10
Homo_sapiens_tRNA-Arg-CCT	22648	mimtRNAseq_Hsap_iPSC_rep1	bowtie2	mapq10
Homo_sapiens_tRNA-Leu-TAG	17411	mimtRNAseq_Hsap_iPSC_rep1	bowtie2	mapq10
Homo_sapiens_tRNA-Ala-TGC	17138	mimtRNAseq_Hsap_iPSC_rep1	bowtie2	mapq10
Homo_sapiens_tRNA-Thr-CGT	21534	mimtRNAseq_Hsap_iPSC_rep1	bowtie2	mapq10
Escherichia_coli_str_K_12_substr_MG1655_tRNA-eColiLys-TTT	14239	mimtRNAseq_Hsap_iPSC_rep1	bowtie2	mapq10
Homo_sapiens_tRNA-Ala-AGC	35068	mimtRNAseq_Hsap_iPSC_rep1	bowtie2	mapq10
Homo_sapiens_tRNA-Thr-AGT	21306	mimtRNAseq_Hsap_iPSC_rep1	bowtie2	mapq10
Homo_sapiens_tRNA-Ile-AAT	16817	mimtRNAseq_Hsap_iPSC_rep1	bowtie2	mapq10
Homo_sapiens_tRNA-Leu-TAA	10427	mimtRNAseq_Hsap_iPSC_rep1	bowtie2	mapq10
Homo_sapiens_tRNA-Cys-GCA	17490	mimtRNAseq_Hsap_iPSC_rep1	bowtie2	mapq10
Homo_sapiens_tRNA-Thr-TGT	20324	mimtRNAseq_Hsap_iPSC_rep1	bowtie2	mapq10
Homo_sapiens_tRNA-Met-CAT	19401	mimtRNAseq_Hsap_iPSC_rep1	bowtie2	mapq10
Homo_sapiens_tRNA-Phe-GAA	5427	mimtRNAseq_Hsap_iPSC_rep1	bowtie2	mapq10
Homo_sapiens_tRNA-Val-TAC	7925	mimtRNAseq_Hsap_iPSC_rep1	bowtie2	mapq10
Homo_sapiens_tRNA-Ser-TGA	18124	mimtRNAseq_Hsap_iPSC_rep1	bowtie2	mapq10
Homo_sapiens_tRNA-Val-AAC	9336	mimtRNAseq_Hsap_iPSC_rep1	bowtie2	mapq10
Homo_sapiens_tRNA-Pro-TGG	8441	mimtRNAseq_Hsap_iPSC_rep1	bowtie2	mapq10
Homo_sapiens_tRNA-Ile-TAT	3934	mimtRNAseq_Hsap_iPSC_rep1	bowtie2	mapq10
Homo_sapiens_tRNA-Gly-TCC	11436	mimtRNAseq_Hsap_iPSC_rep1	bowtie2	mapq10
Homo_sapiens_tRNA-Pro-CGG	4009	mimtRNAseq_Hsap_iPSC_rep1	bowtie2	mapq10
Homo_sapiens_tRNA-Glu-TTC	6590	mimtRNAseq_Hsap_iPSC_rep1	bowtie2	mapq10
Homo_sapiens_tRNA-Asn-GTT	23203	mimtRNAseq_Hsap_iPSC_rep1	bowtie2	mapq10
Homo_sapiens_tRNA-SeC-TCA	2263	mimtRNAseq_Hsap_iPSC_rep1	bowtie2	mapq10
Homo_sapiens_tRNA-Arg-TCG	32181	mimtRNAseq_Hsap_iPSC_rep1	bowtie2	mapq10
Homo_sapiens_tRNA-Ala-CGC	21800	mimtRNAseq_Hsap_iPSC_rep1	bowtie2	mapq10
Homo_sapiens_tRNA-Ser-CGA	7740	mimtRNAseq_Hsap_iPSC_rep1	bowtie2	mapq10
Homo_sapiens_tRNA-Ser-GCT	24785	mimtRNAseq_Hsap_iPSC_rep1	bowtie2	mapq10
Homo_sapiens_tRNA-Val-CAC	9549	mimtRNAseq_Hsap_iPSC_rep1	bowtie2	mapq10
Homo_sapiens_tRNA-Gln-TTG	11668	mimtRNAseq_Hsap_iPSC_rep1	bowtie2	mapq10
Homo_sapiens_tRNA-Tyr-GTA	22200	mimtRNAseq_Hsap_iPSC_rep1	bowtie2	mapq10
Homo_sapiens_tRNA-Arg-TCT	8831	mimtRNAseq_Hsap_iPSC_rep1	bowtie2	mapq10
Homo_sapiens_tRNA-Trp-CCA	14342	mimtRNAseq_Hsap_iPSC_rep1	bowtie2	mapq10
Homo_sapiens_tRNA-Asp-GTC	6289	mimtRNAseq_Hsap_iPSC_rep1	bowtie2	mapq10
Homo_sapiens_tRNA-Lys-TTT	11444	mimtRNAseq_Hsap_iPSC_rep1	bowtie2	mapq10
Homo_sapiens_tRNA-Gln-CTG	9299	mimtRNAseq_Hsap_iPSC_rep1	bowtie2	mapq10
Homo_sapiens_tRNA-iMet-CAT	212	mimtRNAseq_Hsap_iPSC_rep1	bowtie2	mapq10
Homo_sapiens_tRNA-Leu-AAG	1764	mimtRNAseq_Hsap_iPSC_rep1	bowtie2	mapq10
Homo_sapiens_tRNA-Pro-AGG	800	mimtRNAseq_Hsap_iPSC_rep1	bowtie2	mapq10
Homo_sapiens_tRNA-Ser-AGA	376	mimtRNAseq_Hsap_iPSC_rep1	bowtie2	mapq10
Homo_sapiens_tRNA-Lys-CTT	3154	mimtRNAseq_Hsap_iPSC_rep1	bowtie2	mapq10
Homo_sapiens_tRNA-Gly-CCC	182	mimtRNAseq_Hsap_iPSC_rep1	bowtie2	mapq10
Homo_sapiens_tRNA-Glu-CTC	105	mimtRNAseq_Hsap_iPSC_rep1	bowtie2	mapq10
Homo_sapiens_tRNA-Ser-ACT	104	mimtRNAseq_Hsap_iPSC_rep1	bowtie2	mapq10
Homo_sapiens_MTtRNA-Pro-TGG	2	mimtRNAseq_Hsap_iPSC_rep1	bowtie2	mapq10
Homo_sapiens_tRNA-Gly-GCC	5	mimtRNAseq_Hsap_iPSC_rep1	bowtie2	mapq10
Homo_sapiens_tRNA-Asp-ATC	11	mimtRNAseq_Hsap_iPSC_rep1	bowtie2	mapq10
Homo_sapiens_MTtRNA-Val-TAC	15	mimtRNAseq_Hsap_iPSC_rep1	bowtie2	mapq10
Homo_sapiens_MTtRNA-Met-CAT	1	mimtRNAseq_Hsap_iPSC_rep1	bowtie2	mapq10
Homo_sapiens_tRNA-Sup-TTA	3	mimtRNAseq_Hsap_iPSC_rep1	bowtie2	mapq10
Homo_sapiens_MTtRNA-Ala-TGC	1	mimtRNAseq_Hsap_iPSC_rep1	bowtie2	mapq10
Homo_sapiens_tRNA-Leu-CAA	2	mimtRNAseq_Hsap_iPSC_rep1	bowtie2	mapq10
Homo_sapiens_MTtRNA-Ser2-TGA	4	mimtRNAseq_Hsap_iPSC_rep1	bowtie2	mapq10
Homo_sapiens_MTtRNA-Leu2-TAA	6	mimtRNAseq_Hsap_iPSC_rep1	bowtie2	mapq10
Homo_sapiens_tRNA-Und-NNN	4	mimtRNAseq_Hsap_iPSC_rep1	bowtie2	mapq10
Homo_sapiens_tRNA-Arg-ACG	2	mimtRNAseq_Hsap_iPSC_rep1	bowtie2	mapq10
Homo_sapiens_tRNA-His-GTG	4	mimtRNAseq_Hsap_iPSC_rep1	bowtie2	mapq10
Homo_sapiens_MTtRNA-Asp-GTC	2	mimtRNAseq_Hsap_iPSC_rep1	bowtie2	mapq10
Homo_sapiens_MTtRNA-Trp-TCA	1	mimtRNAseq_Hsap_iPSC_rep1	bowtie2	mapq10
Homo_sapiens_MTtRNA-Phe-GAA	2	mimtRNAseq_Hsap_iPSC_rep1	bowtie2	mapq10
Homo_sapiens_MTtRNA-Tyr-GTA	1	mimtRNAseq_Hsap_iPSC_rep1	bowtie2	mapq10
Homo_sapiens_MTtRNA-Cys-GCA	1	mimtRNAseq_Hsap_iPSC_rep1	bowtie2	mapq10
Homo_sapiens_MTtRNA-Ile-GAT	2	mimtRNAseq_Hsap_iPSC_rep1	bowtie2	mapq10
Homo_sapiens_MTtRNA-Thr-TGT	1	mimtRNAseq_Hsap_iPSC_rep1	bowtie2	mapq10
Homo_sapiens_MTtRNA-Asn-GTT	3	mimtRNAseq_Hsap_iPSC_rep1	bowtie2	mapq10
Homo_sapiens_tRNA-Ala-AGC	39839	mimtRNAseq_Hsap_iPSC_rep2	bowtie2	mapq10
Homo_sapiens_tRNA-Met-CAT	18088	mimtRNAseq_Hsap_iPSC_rep2	bowtie2	mapq10
Homo_sapiens_tRNA-Leu-TAG	19834	mimtRNAseq_Hsap_iPSC_rep2	bowtie2	mapq10
Escherichia_coli_str_K_12_substr_MG1655_tRNA-eColiLys-TTT	26704	mimtRNAseq_Hsap_iPSC_rep2	bowtie2	mapq10
Homo_sapiens_tRNA-Ser-CGA	9468	mimtRNAseq_Hsap_iPSC_rep2	bowtie2	mapq10
Homo_sapiens_tRNA-Arg-CCT	22196	mimtRNAseq_Hsap_iPSC_rep2	bowtie2	mapq10
Homo_sapiens_tRNA-Tyr-GTA	20253	mimtRNAseq_Hsap_iPSC_rep2	bowtie2	mapq10
Homo_sapiens_tRNA-Ala-TGC	21193	mimtRNAseq_Hsap_iPSC_rep2	bowtie2	mapq10
Homo_sapiens_tRNA-Asn-GTT	24092	mimtRNAseq_Hsap_iPSC_rep2	bowtie2	mapq10
Homo_sapiens_tRNA-Gly-TCC	13464	mimtRNAseq_Hsap_iPSC_rep2	bowtie2	mapq10
Homo_sapiens_tRNA-Pro-TGG	9529	mimtRNAseq_Hsap_iPSC_rep2	bowtie2	mapq10
Homo_sapiens_tRNA-Ile-AAT	19853	mimtRNAseq_Hsap_iPSC_rep2	bowtie2	mapq10
Homo_sapiens_tRNA-Arg-TCG	31003	mimtRNAseq_Hsap_iPSC_rep2	bowtie2	mapq10
Homo_sapiens_tRNA-Gln-CTG	9472	mimtRNAseq_Hsap_iPSC_rep2	bowtie2	mapq10
Homo_sapiens_tRNA-Phe-GAA	5806	mimtRNAseq_Hsap_iPSC_rep2	bowtie2	mapq10
Homo_sapiens_tRNA-Val-TAC	8860	mimtRNAseq_Hsap_iPSC_rep2	bowtie2	mapq10
Homo_sapiens_tRNA-Thr-TGT	23386	mimtRNAseq_Hsap_iPSC_rep2	bowtie2	mapq10
Homo_sapiens_tRNA-Ser-GCT	26597	mimtRNAseq_Hsap_iPSC_rep2	bowtie2	mapq10
Homo_sapiens_tRNA-Lys-TTT	13813	mimtRNAseq_Hsap_iPSC_rep2	bowtie2	mapq10
Homo_sapiens_tRNA-Thr-AGT	22022	mimtRNAseq_Hsap_iPSC_rep2	bowtie2	mapq10
Homo_sapiens_tRNA-Val-AAC	9749	mimtRNAseq_Hsap_iPSC_rep2	bowtie2	mapq10
Homo_sapiens_tRNA-Lys-CTT	4365	mimtRNAseq_Hsap_iPSC_rep2	bowtie2	mapq10
Homo_sapiens_tRNA-Arg-TCT	9457	mimtRNAseq_Hsap_iPSC_rep2	bowtie2	mapq10
Homo_sapiens_tRNA-Ala-CGC	25781	mimtRNAseq_Hsap_iPSC_rep2	bowtie2	mapq10
Homo_sapiens_tRNA-Cys-GCA	20411	mimtRNAseq_Hsap_iPSC_rep2	bowtie2	mapq10
Homo_sapiens_tRNA-Leu-TAA	10178	mimtRNAseq_Hsap_iPSC_rep2	bowtie2	mapq10
Homo_sapiens_tRNA-Trp-CCA	15073	mimtRNAseq_Hsap_iPSC_rep2	bowtie2	mapq10
Homo_sapiens_tRNA-Arg-CCG	10639	mimtRNAseq_Hsap_iPSC_rep2	bowtie2	mapq10
Homo_sapiens_tRNA-Val-CAC	9893	mimtRNAseq_Hsap_iPSC_rep2	bowtie2	mapq10
Homo_sapiens_tRNA-Asp-GTC	5803	mimtRNAseq_Hsap_iPSC_rep2	bowtie2	mapq10
Homo_sapiens_tRNA-Ser-TGA	19806	mimtRNAseq_Hsap_iPSC_rep2	bowtie2	mapq10
Homo_sapiens_tRNA-Gln-TTG	13332	mimtRNAseq_Hsap_iPSC_rep2	bowtie2	mapq10
Homo_sapiens_tRNA-Thr-CGT	21573	mimtRNAseq_Hsap_iPSC_rep2	bowtie2	mapq10
Homo_sapiens_tRNA-SeC-TCA	2053	mimtRNAseq_Hsap_iPSC_rep2	bowtie2	mapq10
Homo_sapiens_tRNA-Glu-TTC	7007	mimtRNAseq_Hsap_iPSC_rep2	bowtie2	mapq10
Homo_sapiens_tRNA-Pro-CGG	4233	mimtRNAseq_Hsap_iPSC_rep2	bowtie2	mapq10
Homo_sapiens_tRNA-Leu-AAG	1857	mimtRNAseq_Hsap_iPSC_rep2	bowtie2	mapq10
Homo_sapiens_tRNA-Ser-AGA	457	mimtRNAseq_Hsap_iPSC_rep2	bowtie2	mapq10
Homo_sapiens_tRNA-Pro-AGG	894	mimtRNAseq_Hsap_iPSC_rep2	bowtie2	mapq10
Homo_sapiens_tRNA-Gly-CCC	260	mimtRNAseq_Hsap_iPSC_rep2	bowtie2	mapq10
Homo_sapiens_tRNA-Ile-TAT	3144	mimtRNAseq_Hsap_iPSC_rep2	bowtie2	mapq10
Homo_sapiens_MTtRNA-Ser2-TGA	4	mimtRNAseq_Hsap_iPSC_rep2	bowtie2	mapq10
Homo_sapiens_tRNA-Glu-CTC	95	mimtRNAseq_Hsap_iPSC_rep2	bowtie2	mapq10
Homo_sapiens_tRNA-Ser-ACT	85	mimtRNAseq_Hsap_iPSC_rep2	bowtie2	mapq10
Homo_sapiens_tRNA-iMet-CAT	213	mimtRNAseq_Hsap_iPSC_rep2	bowtie2	mapq10
Homo_sapiens_tRNA-Und-NNN	6	mimtRNAseq_Hsap_iPSC_rep2	bowtie2	mapq10
Homo_sapiens_MTtRNA-Glu-TTC	1	mimtRNAseq_Hsap_iPSC_rep2	bowtie2	mapq10
Homo_sapiens_MTtRNA-Ile-GAT	1	mimtRNAseq_Hsap_iPSC_rep2	bowtie2	mapq10
Homo_sapiens_MTtRNA-Val-TAC	7	mimtRNAseq_Hsap_iPSC_rep2	bowtie2	mapq10
Homo_sapiens_tRNA-Sup-TTA	3	mimtRNAseq_Hsap_iPSC_rep2	bowtie2	mapq10
Homo_sapiens_tRNA-Asp-ATC	6	mimtRNAseq_Hsap_iPSC_rep2	bowtie2	mapq10
Homo_sapiens_tRNA-His-GTG	3	mimtRNAseq_Hsap_iPSC_rep2	bowtie2	mapq10
Homo_sapiens_MTtRNA-Thr-TGT	1	mimtRNAseq_Hsap_iPSC_rep2	bowtie2	mapq10
Homo_sapiens_MTtRNA-Asn-GTT	1	mimtRNAseq_Hsap_iPSC_rep2	bowtie2	mapq10
Homo_sapiens_MTtRNA-Lys-TTT	2	mimtRNAseq_Hsap_iPSC_rep2	bowtie2	mapq10
Homo_sapiens_tRNA-Leu-CAA	1	mimtRNAseq_Hsap_iPSC_rep2	bowtie2	mapq10
Homo_sapiens_tRNA-Und-GCA	1	mimtRNAseq_Hsap_iPSC_rep2	bowtie2	mapq10
Homo_sapiens_MTtRNA-Pro-TGG	1	mimtRNAseq_Hsap_iPSC_rep2	bowtie2	mapq10
Homo_sapiens_tRNA-Arg-ACG	1	mimtRNAseq_Hsap_iPSC_rep2	bowtie2	mapq10
Homo_sapiens_MTtRNA-Leu2-TAA	2	mimtRNAseq_Hsap_iPSC_rep2	bowtie2	mapq10
Homo_sapiens_tRNA-Gly-GCC	4	mimtRNAseq_Hsap_iPSC_rep2	bowtie2	mapq10
Homo_sapiens_MTtRNA-Cys-GCA	1	mimtRNAseq_Hsap_iPSC_rep2	bowtie2	mapq10
Homo_sapiens_MTtRNA-Ala-TGC	1	mimtRNAseq_Hsap_iPSC_rep2	bowtie2	mapq10
Homo_sapiens_MTtRNA-Gly-TCC	1	mimtRNAseq_Hsap_iPSC_rep2	bowtie2	mapq10
Homo_sapiens_MTtRNA-His-GTG	2	mimtRNAseq_Hsap_iPSC_rep2	bowtie2	mapq10
Homo_sapiens_MTtRNA-Trp-TCA	1	mimtRNAseq_Hsap_iPSC_rep2	bowtie2	mapq10
